   1  DECAY DATA LIBRARY
   1   10010  6     0.000E+00 0.000E+00 0.000E+00 0.000E+00 0.000E+00 0.000E+00
   1      0.000E+00 0.000E+00 0.000E+00 0.000E+00  99.985000 1.000E+00 1.000E+00
   1   10020  6     0.000E+00 0.000E+00 0.000E+00 0.000E+00 0.000E+00 0.000E+00
   1      0.000E+00 0.000E+00 0.000E+00 0.000E+00   0.015000 1.000E+00 1.000E+00
   1   10030  1     3.891E+08 0.000E+00 0.000E+00 0.000E+00 0.000E+00 0.000E+00
   1      1.000E+00 0.000E+00 0.000E+00 5.707E-03   0.000000 1.000E+00 1.000E+00
   1   10040  1     1.390E-22 0.000E+00 0.000E+00 0.000E+00 0.000E+00 0.000E+00
   1      0.000E+00 0.000E+00 0.000E+00 2.879E+00   0.000000 1.000E+00 1.000E+00
   1   10050  1     9.100E-22 0.000E+00 0.000E+00 0.000E+00 0.000E+00 0.000E+00
   1      0.000E+00 0.000E+00 0.000E+00 1.798E+00   0.000000 1.000E+00 1.000E+00
   1   10060  1     2.900E-22 0.000E+00 0.000E+00 0.000E+00 0.000E+00 0.000E+00
   1      0.000E+00 0.000E+00 0.000E+00 1.798E+00   0.000000 1.000E+00 1.000E+00
   1   10070  1     2.300E-23 0.000E+00 0.000E+00 0.000E+00 0.000E+00 0.000E+00
   1      0.000E+00 0.000E+00 0.000E+00 1.074E-01   0.000000 1.000E+00 1.000E+00
   1   20030  6     0.000E+00 0.000E+00 0.000E+00 0.000E+00 0.000E+00 0.000E+00
   1      0.000E+00 0.000E+00 0.000E+00 0.000E+00   0.000137 1.000E+00 1.000E+00
   1   20040  6     0.000E+00 0.000E+00 0.000E+00 0.000E+00 0.000E+00 0.000E+00
   1      0.000E+00 0.000E+00 0.000E+00 0.000E+00  99.999863 1.000E+00 1.000E+00
   1   20050  1     7.000E-22 0.000E+00 0.000E+00 0.000E+00 0.000E+00 0.000E+00
   1      0.000E+00 0.000E+00 0.000E+00 8.938E-01   0.000000 1.000E+00 1.000E+00
   1   20060  1     8.081E-01 0.000E+00 0.000E+00 0.000E+00 0.000E+00 0.000E+00
   1      1.000E+00 0.000E+00 0.000E+00 1.567E+00   0.000000 1.000E+00 1.000E+00
   1   20070  1     2.900E-21 0.000E+00 0.000E+00 0.000E+00 0.000E+00 0.000E+00
   1      0.000E+00 0.000E+00 0.000E+00 4.346E-01   0.000000 1.000E+00 1.000E+00
   1   20080  1     1.220E-01 0.000E+00 0.000E+00 0.000E+00 0.000E+00 0.000E+00
   1      8.800E-01 0.000E+00 1.200E-01 5.475E+00   0.000000 1.000E+00 1.000E+00
   1   20090  1     7.000E-21 0.000E+00 0.000E+00 0.000E+00 0.000E+00 0.000E+00
   1      0.000E+00 0.000E+00 0.000E+00 1.270E+00   0.000000 1.000E+00 1.000E+00
   1   20100  1     2.700E-21 0.000E+00 0.000E+00 0.000E+00 0.000E+00 0.000E+00
   1      0.000E+00 0.000E+00 0.000E+00 1.069E+00   0.000000 1.000E+00 1.000E+00
   1   30040  1     9.100E-23 0.000E+00 0.000E+00 0.000E+00 0.000E+00 0.000E+00
   1      0.000E+00 0.000E+00 0.000E+00 3.100E+00   0.000000 1.000E+00 1.000E+00
   1   30050  1     3.700E-22 0.000E+00 0.000E+00 0.000E+00 0.000E+00 0.000E+00
   1      0.000E+00 0.000E+00 0.000E+00 1.966E+00   0.000000 1.000E+00 1.000E+00
   1   30060  6     0.000E+00 0.000E+00 0.000E+00 0.000E+00 0.000E+00 0.000E+00
   1      0.000E+00 0.000E+00 0.000E+00 0.000E+00   7.500000 1.000E+00 1.000E+00
   1   30070  6     0.000E+00 0.000E+00 0.000E+00 0.000E+00 0.000E+00 0.000E+00
   1      0.000E+00 0.000E+00 0.000E+00 0.000E+00  92.500000 1.000E+00 1.000E+00
   1   30080  1     8.380E-01 0.000E+00 0.000E+00 0.000E+00 0.000E+00 0.000E+00
   1      0.000E+00 0.000E+00 0.000E+00 9.363E+00   0.000000 1.000E+00 1.000E+00
   1   30090  1     1.783E-01 0.000E+00 0.000E+00 0.000E+00 0.000E+00 0.000E+00
   1      5.050E-01 0.000E+00 4.950E-01 5.726E+00   0.000000 1.000E+00 1.000E+00
   1   30100  1     2.000E-21 0.000E+00 0.000E+00 0.000E+00 0.000E+00 0.000E+00
   1      0.000E+00 0.000E+00 0.000E+00 2.540E-02   0.000000 1.000E+00 1.000E+00
   1   30110  1     8.750E-03 0.000E+00 0.000E+00 0.000E+00 0.000E+00 0.000E+00
   1      1.900E-02 0.000E+00 8.490E-01 1.464E+01   0.000000 1.000E+00 1.000E+00
   1   30120  1     1.000E-08 0.000E+00 0.000E+00 0.000E+00 0.000E+00 0.000E+00
   1      0.000E+00 0.000E+00 0.000E+00 1.232E+00   0.000000 1.000E+00 1.000E+00
   1   40050  1     1.000E-09 0.000E+00 0.000E+00 0.000E+00 0.000E+00 0.000E+00
   1      0.000E+00 0.000E+00 0.000E+00 5.391E+00   0.000000 1.000E+00 1.000E+00
   1   40060  1     5.000E-21 0.000E+00 0.000E+00 0.000E+00 0.000E+00 0.000E+00
   1      0.000E+00 0.000E+00 0.000E+00 1.372E+00   0.000000 1.000E+00 1.000E+00
   1   40070  1     4.598E+06 0.000E+00 1.000E+00 0.000E+00 0.000E+00 0.000E+00
   1      0.000E+00 0.000E+00 0.000E+00 4.989E-02   0.000000 1.000E+00 1.000E+00
   1   40080  1     7.000E-17 0.000E+00 0.000E+00 0.000E+00 1.000E+00 0.000E+00
   1      0.000E+00 0.000E+00 0.000E+00 9.190E-02   0.000000 1.000E+00 1.000E+00
   1   40090  6     0.000E+00 0.000E+00 0.000E+00 0.000E+00 0.000E+00 0.000E+00
   1      0.000E+00 0.000E+00 0.000E+00 0.000E+00 100.000000 1.000E+00 1.000E+00
   1   40100  1     5.049E+13 0.000E+00 0.000E+00 0.000E+00 0.000E+00 0.000E+00
   1      1.000E+00 0.000E+00 0.000E+00 2.522E-01   0.000000 1.000E+00 1.000E+00
   1   40110  1     1.381E+01 0.000E+00 0.000E+00 0.000E+00 0.000E+00 0.000E+00
   1      9.700E-01 0.000E+00 0.000E+00 6.102E+00   0.000000 1.000E+00 1.000E+00
   1   40120  1     2.130E-02 0.000E+00 0.000E+00 0.000E+00 0.000E+00 0.000E+00
   1      1.000E+00 0.000E+00 0.000E+00 5.627E+00   0.000000 1.000E+00 1.000E+00
   1   40130  1     5.000E-10 0.000E+00 0.000E+00 0.000E+00 0.000E+00 0.000E+00
   1      0.000E+00 0.000E+00 0.000E+00 1.017E-01   0.000000 1.000E+00 1.000E+00
   1   40140  1     4.350E-03 0.000E+00 0.000E+00 0.000E+00 0.000E+00 0.000E+00
   1      2.000E-03 0.000E+00 9.800E-01 1.141E+01   0.000000 1.000E+00 1.000E+00
   1   40150  1     2.000E-07 0.000E+00 0.000E+00 0.000E+00 0.000E+00 0.000E+00
   1      0.000E+00 0.000E+00 0.000E+00 1.779E+00   0.000000 1.000E+00 1.000E+00
   1   40160  1     2.000E-07 0.000E+00 0.000E+00 0.000E+00 0.000E+00 0.000E+00
   1      0.000E+00 0.000E+00 0.000E+00 1.587E+00   0.000000 1.000E+00 1.000E+00
   1   50060  1     1.000E-09 0.000E+00 0.000E+00 0.000E+00 0.000E+00 0.000E+00
   1      0.000E+00 0.000E+00 0.000E+00 3.702E+00   0.000000 1.000E+00 1.000E+00
   1   50070  1     3.500E-22 0.000E+00 0.000E+00 0.000E+00 0.000E+00 0.000E+00
   1      0.000E+00 0.000E+00 0.000E+00 2.206E+00   0.000000 1.000E+00 1.000E+00
   1   50080  1     7.700E-01 0.000E+00 1.000E+00 0.000E+00 0.000E+00 0.000E+00
   1      0.000E+00 0.000E+00 0.000E+00 1.355E+01   0.000000 1.000E+00 1.000E+00
   1   50090  1     8.000E-19 0.000E+00 0.000E+00 0.000E+00 0.000E+00 0.000E+00
   1      0.000E+00 0.000E+00 0.000E+00 1.850E-01   0.000000 1.000E+00 1.000E+00
   1   50100  6     0.000E+00 0.000E+00 0.000E+00 0.000E+00 0.000E+00 0.000E+00
   1      0.000E+00 0.000E+00 0.000E+00 0.000E+00  19.900000 1.000E+00 1.000E+00
   1   50110  6     0.000E+00 0.000E+00 0.000E+00 0.000E+00 0.000E+00 0.000E+00
   1      0.000E+00 0.000E+00 0.000E+00 0.000E+00  80.100000 1.000E+00 1.000E+00
   1   50120  1     2.020E-02 0.000E+00 0.000E+00 0.000E+00 0.000E+00 0.000E+00
   1      9.842E-01 0.000E+00 0.000E+00 6.406E+00   0.000000 1.000E+00 1.000E+00
   1   50130  1     1.733E-02 0.000E+00 0.000E+00 0.000E+00 0.000E+00 0.000E+00
   1      9.972E-01 0.000E+00 2.760E-03 6.602E+00   0.000000 1.000E+00 1.000E+00
   1   50140  1     1.250E-02 0.000E+00 0.000E+00 0.000E+00 0.000E+00 0.000E+00
   1      1.000E+00 0.000E+00 0.000E+00 1.304E+01   0.000000 1.000E+00 1.000E+00
   1   50150  1     9.870E-03 0.000E+00 0.000E+00 0.000E+00 0.000E+00 0.000E+00
   1      4.000E-03 0.000E+00 9.360E-01 1.335E+01   0.000000 1.000E+00 1.000E+00
   1   50160  1     1.900E-10 0.000E+00 0.000E+00 0.000E+00 0.000E+00 0.000E+00
   1      0.000E+00 0.000E+00 0.000E+00 3.670E-02   0.000000 1.000E+00 1.000E+00
   1   50170  1     5.080E-03 0.000E+00 0.000E+00 0.000E+00 0.000E+00 0.000E+00
   1      3.500E-02 0.000E+00 6.300E-01 1.571E+01   0.000000 1.000E+00 1.000E+00
   1   50180  1     2.600E-08 0.000E+00 0.000E+00 0.000E+00 0.000E+00 0.000E+00
   1      0.000E+00 0.000E+00 0.000E+00 4.787E-01   0.000000 1.000E+00 1.000E+00
   1   50190  1     2.920E-03 0.000E+00 0.000E+00 0.000E+00 0.000E+00 0.000E+00
   1      2.500E-01 0.000E+00 7.500E-01 1.899E+01   0.000000 1.000E+00 1.000E+00
   1   60080  1     2.000E-21 0.000E+00 0.000E+00 0.000E+00 0.000E+00 0.000E+00
   1      0.000E+00 0.000E+00 0.000E+00 2.141E+00   0.000000 1.000E+00 1.000E+00
   1   60090  1     1.265E-01 0.000E+00 1.700E-01 0.000E+00 0.000E+00 0.000E+00
   1      0.000E+00 0.000E+00 0.000E+00 1.136E+01   0.000000 1.000E+00 1.000E+00
   1   60100  1     1.929E+01 0.000E+00 1.000E+00 0.000E+00 0.000E+00 0.000E+00
   1      0.000E+00 0.000E+00 0.000E+00 2.562E+00   0.000000 1.000E+00 1.000E+00
   1   60110  1     1.222E+03 0.000E+00 1.000E+00 0.000E+00 0.000E+00 0.000E+00
   1      0.000E+00 0.000E+00 0.000E+00 1.404E+00   0.000000 1.000E+00 1.000E+00
   1   60120  6     0.000E+00 0.000E+00 0.000E+00 0.000E+00 0.000E+00 0.000E+00
   1      0.000E+00 0.000E+00 0.000E+00 0.000E+00  98.890000 1.000E+00 1.000E+00
   1   60130  6     0.000E+00 0.000E+00 0.000E+00 0.000E+00 0.000E+00 0.000E+00
   1      0.000E+00 0.000E+00 0.000E+00 0.000E+00   1.110000 1.000E+00 1.000E+00
   1   60140  1     1.799E+11 0.000E+00 0.000E+00 0.000E+00 0.000E+00 0.000E+00
   1      1.000E+00 0.000E+00 0.000E+00 4.823E-02   0.000000 1.000E+00 1.000E+00
   1   60150  1     2.449E+00 0.000E+00 0.000E+00 0.000E+00 0.000E+00 0.000E+00
   1      1.000E+00 0.000E+00 0.000E+00 6.478E+00   0.000000 1.000E+00 1.000E+00
   1   60160  1     7.470E-01 0.000E+00 0.000E+00 0.000E+00 0.000E+00 0.000E+00
   1      2.100E-02 0.000E+00 9.790E-01 4.166E+00   0.000000 1.000E+00 1.000E+00
   1   60170  1     1.930E-01 0.000E+00 0.000E+00 0.000E+00 0.000E+00 0.000E+00
   1      7.160E-01 0.000E+00 2.840E-01 7.837E+00   0.000000 1.000E+00 1.000E+00
   1   60180  1     9.200E-02 0.000E+00 0.000E+00 0.000E+00 0.000E+00 0.000E+00
   1      6.850E-01 0.000E+00 3.150E-01 7.519E+00   0.000000 1.000E+00 1.000E+00
   1   60190  1     4.620E-02 0.000E+00 0.000E+00 0.000E+00 0.000E+00 0.000E+00
   1      7.000E-02 0.000E+00 4.700E-01 9.479E+00   0.000000 1.000E+00 1.000E+00
   1   60200  1     1.600E-02 0.000E+00 0.000E+00 0.000E+00 0.000E+00 0.000E+00
   1      2.800E-01 0.000E+00 7.200E-01 1.031E+01   0.000000 1.000E+00 1.000E+00
   1   60210  1     3.000E-08 0.000E+00 0.000E+00 0.000E+00 0.000E+00 0.000E+00
   1      0.000E+00 0.000E+00 0.000E+00 3.287E-01   0.000000 1.000E+00 1.000E+00
   1   60220  1     6.200E-03 0.000E+00 0.000E+00 0.000E+00 0.000E+00 0.000E+00
   1      1.000E-02 0.000E+00 9.900E-01 1.496E+01   0.000000 1.000E+00 1.000E+00
   1   70100  1     2.000E-22 0.000E+00 0.000E+00 0.000E+00 0.000E+00 0.000E+00
   1      0.000E+00 0.000E+00 0.000E+00 2.601E+00   0.000000 1.000E+00 1.000E+00
   1   70110  1     5.900E-22 0.000E+00 0.000E+00 0.000E+00 0.000E+00 0.000E+00
   1      0.000E+00 0.000E+00 0.000E+00 1.312E+00   0.000000 1.000E+00 1.000E+00
   1   70120  1     1.100E-02 0.000E+00 1.000E+00 0.000E+00 0.000E+00 0.000E+00
   1      0.000E+00 0.000E+00 0.000E+00 8.944E+00   0.000000 1.000E+00 1.000E+00
   1   70130  1     5.980E+02 0.000E+00 1.000E+00 0.000E+00 0.000E+00 0.000E+00
   1      0.000E+00 0.000E+00 0.000E+00 1.511E+00   0.000000 1.000E+00 1.000E+00
   1   70140  6     0.000E+00 0.000E+00 0.000E+00 0.000E+00 0.000E+00 0.000E+00
   1      0.000E+00 0.000E+00 0.000E+00 0.000E+00  99.634000 1.000E+00 1.000E+00
   1   70150  6     0.000E+00 0.000E+00 0.000E+00 0.000E+00 0.000E+00 0.000E+00
   1      0.000E+00 0.000E+00 0.000E+00 0.000E+00   0.366000 1.000E+00 1.000E+00
   1   70160  1     7.130E+00 0.000E+00 0.000E+00 0.000E+00 0.000E+00 0.000E+00
   1      1.000E+00 0.000E+00 0.000E+00 7.301E+00   0.000000 1.000E+00 1.000E+00
   1   70170  1     4.170E+00 0.000E+00 0.000E+00 0.000E+00 0.000E+00 0.000E+00
   1      5.000E-02 0.000E+00 9.500E-01 2.643E+00   0.000000 1.000E+00 1.000E+00
   1   70180  1     6.220E-01 0.000E+00 0.000E+00 0.000E+00 0.000E+00 0.000E+00
   1      7.690E-01 0.000E+00 1.090E-01 8.304E+00   0.000000 1.000E+00 1.000E+00
   1   70190  1     2.710E-01 0.000E+00 0.000E+00 0.000E+00 0.000E+00 0.000E+00
   1      4.540E-01 0.000E+00 5.460E-01 7.302E+00   0.000000 1.000E+00 1.000E+00
   1   70200  1     1.300E-01 0.000E+00 0.000E+00 0.000E+00 0.000E+00 0.000E+00
   1      4.300E-01 0.000E+00 5.700E-01 9.583E+00   0.000000 1.000E+00 1.000E+00
   1   70210  1     8.700E-02 0.000E+00 0.000E+00 0.000E+00 0.000E+00 0.000E+00
   1      1.900E-01 0.000E+00 8.100E-01 1.031E+01   0.000000 1.000E+00 1.000E+00
   1   70220  1     1.390E-02 0.000E+00 0.000E+00 0.000E+00 0.000E+00 0.000E+00
   1      6.500E-01 0.000E+00 3.500E-01 1.404E+01   0.000000 1.000E+00 1.000E+00
   1   70230  1     1.450E-02 0.000E+00 0.000E+00 0.000E+00 0.000E+00 0.000E+00
   1      2.000E-01 0.000E+00 8.000E-01 1.580E+01   0.000000 1.000E+00 1.000E+00
   1   70240  1     5.200E-08 0.000E+00 0.000E+00 0.000E+00 0.000E+00 0.000E+00
   1      0.000E+00 0.000E+00 0.000E+00 1.069E+00   0.000000 1.000E+00 1.000E+00
   1   70250  1     2.600E-07 0.000E+00 0.000E+00 0.000E+00 0.000E+00 0.000E+00
   1      0.000E+00 0.000E+00 0.000E+00 1.423E+00   0.000000 1.000E+00 1.000E+00
   1   80120  1     5.800E-22 0.000E+00 4.000E-01 0.000E+00 0.000E+00 0.000E+00
   1      0.000E+00 0.000E+00 0.000E+00 4.985E+00   0.000000 1.000E+00 1.000E+00
   1   80130  1     8.580E-03 0.000E+00 1.090E-01 0.000E+00 0.000E+00 0.000E+00
   1      0.000E+00 0.000E+00 0.000E+00 1.185E+01   0.000000 1.000E+00 1.000E+00
   1   80140  1     7.061E+01 0.000E+00 1.000E+00 0.000E+00 0.000E+00 0.000E+00
   1      0.000E+00 0.000E+00 0.000E+00 4.096E+00   0.000000 1.000E+00 1.000E+00
   1   80150  1     1.225E+02 0.000E+00 1.000E+00 0.000E+00 0.000E+00 0.000E+00
   1      0.000E+00 0.000E+00 0.000E+00 1.755E+00   0.000000 1.000E+00 1.000E+00
   1   80160  6     0.000E+00 0.000E+00 0.000E+00 0.000E+00 0.000E+00 0.000E+00
   1      0.000E+00 0.000E+00 0.000E+00 0.000E+00  99.762000 1.000E+00 1.000E+00
   1   80170  6     0.000E+00 0.000E+00 0.000E+00 0.000E+00 0.000E+00 0.000E+00
   1      0.000E+00 0.000E+00 0.000E+00 0.000E+00   0.038000 1.000E+00 1.000E+00
   1   80180  6     0.000E+00 0.000E+00 0.000E+00 0.000E+00 0.000E+00 0.000E+00
   1      0.000E+00 0.000E+00 0.000E+00 0.000E+00   0.200000 1.000E+00 1.000E+00
   1   80190  1     2.691E+01 0.000E+00 0.000E+00 0.000E+00 0.000E+00 0.000E+00
   1      1.000E+00 0.000E+00 0.000E+00 2.714E+00   0.000000 1.000E+00 1.000E+00
   1   80200  1     1.351E+01 0.000E+00 0.000E+00 0.000E+00 0.000E+00 0.000E+00
   1      1.000E+00 0.000E+00 0.000E+00 2.255E+00   0.000000 1.000E+00 1.000E+00
   1   80210  1     3.420E+00 0.000E+00 0.000E+00 0.000E+00 0.000E+00 0.000E+00
   1      1.000E+00 0.000E+00 0.000E+00 5.336E+00   0.000000 1.000E+00 1.000E+00
   1   80220  1     2.250E+00 0.000E+00 0.000E+00 0.000E+00 0.000E+00 0.000E+00
   1      7.800E-01 0.000E+00 2.200E-01 3.581E+00   0.000000 1.000E+00 1.000E+00
   1   80230  1     9.000E-02 0.000E+00 0.000E+00 0.000E+00 0.000E+00 0.000E+00
   1      6.900E-01 0.000E+00 3.100E-01 6.060E+00   0.000000 1.000E+00 1.000E+00
   1   80240  1     6.500E-02 0.000E+00 0.000E+00 0.000E+00 0.000E+00 0.000E+00
   1      8.200E-01 0.000E+00 1.800E-01 7.327E+00   0.000000 1.000E+00 1.000E+00
   1   80250  1     5.000E-08 0.000E+00 0.000E+00 0.000E+00 0.000E+00 0.000E+00
   1      0.000E+00 0.000E+00 0.000E+00 2.987E-01   0.000000 1.000E+00 1.000E+00
   1   80260  1     4.000E-08 0.000E+00 0.000E+00 0.000E+00 0.000E+00 0.000E+00
   1      0.000E+00 0.000E+00 0.000E+00 4.078E-01   0.000000 1.000E+00 1.000E+00
   1   80270  1     2.600E-07 0.000E+00 0.000E+00 0.000E+00 0.000E+00 0.000E+00
   1      0.000E+00 0.000E+00 0.000E+00 1.268E+00   0.000000 1.000E+00 1.000E+00
   1   80280  1     1.000E-07 0.000E+00 0.000E+00 0.000E+00 0.000E+00 0.000E+00
   1      0.000E+00 0.000E+00 0.000E+00 1.413E+00   0.000000 1.000E+00 1.000E+00
   1   90140  1     1.000E-09 0.000E+00 0.000E+00 0.000E+00 0.000E+00 0.000E+00
   1      0.000E+00 0.000E+00 0.000E+00 2.259E+00   0.000000 1.000E+00 1.000E+00
   1   90150  1     4.100E-22 0.000E+00 0.000E+00 0.000E+00 0.000E+00 0.000E+00
   1      0.000E+00 0.000E+00 0.000E+00 1.484E+00   0.000000 1.000E+00 1.000E+00
   1   90160  1     1.100E-20 0.000E+00 0.000E+00 0.000E+00 0.000E+00 0.000E+00
   1      0.000E+00 0.000E+00 0.000E+00 5.354E-01   0.000000 1.000E+00 1.000E+00
   1   90170  1     6.449E+01 0.000E+00 1.000E+00 0.000E+00 0.000E+00 0.000E+00
   1      0.000E+00 0.000E+00 0.000E+00 1.759E+00   0.000000 1.000E+00 1.000E+00
   1   90180  1     6.584E+03 0.000E+00 1.000E+00 0.000E+00 0.000E+00 0.000E+00
   1      0.000E+00 0.000E+00 0.000E+00 1.233E+00   0.000000 1.000E+00 1.000E+00
   1   90190  6     0.000E+00 0.000E+00 0.000E+00 0.000E+00 0.000E+00 0.000E+00
   1      0.000E+00 0.000E+00 0.000E+00 0.000E+00 100.000000 1.000E+00 1.000E+00
   1   90200  1     1.103E+01 0.000E+00 0.000E+00 0.000E+00 0.000E+00 0.000E+00
   1      1.000E+00 0.000E+00 0.000E+00 4.112E+00   0.000000 1.000E+00 1.000E+00
   1   90210  1     4.158E+00 0.000E+00 0.000E+00 0.000E+00 0.000E+00 0.000E+00
   1      1.000E+00 0.000E+00 0.000E+00 2.899E+00   0.000000 1.000E+00 1.000E+00
   1   90220  1     4.230E+00 0.000E+00 0.000E+00 0.000E+00 0.000E+00 0.000E+00
   1      1.000E+00 0.000E+00 0.000E+00 8.078E+00   0.000000 1.000E+00 1.000E+00
   1   90230  1     2.230E+00 0.000E+00 0.000E+00 0.000E+00 0.000E+00 0.000E+00
   1      8.600E-01 0.000E+00 1.400E-01 5.209E+00   0.000000 1.000E+00 1.000E+00
   1   90240  1     4.000E-01 0.000E+00 0.000E+00 0.000E+00 0.000E+00 0.000E+00
   1      1.000E+00 0.000E+00 0.000E+00 8.090E+00   0.000000 1.000E+00 1.000E+00
   1   90250  1     5.000E-02 0.000E+00 0.000E+00 0.000E+00 0.000E+00 0.000E+00
   1      8.600E-01 0.000E+00 1.400E-01 8.631E+00   0.000000 1.000E+00 1.000E+00
   1   90260  1     1.020E-02 0.000E+00 0.000E+00 0.000E+00 0.000E+00 0.000E+00
   1      8.900E-01 0.000E+00 1.100E-01 1.160E+01   0.000000 1.000E+00 1.000E+00
   1   90270  1     4.900E-03 0.000E+00 0.000E+00 0.000E+00 0.000E+00 0.000E+00
   1      2.300E-01 0.000E+00 7.700E-01 1.223E+01   0.000000 1.000E+00 1.000E+00
   1   90280  1     4.000E-08 0.000E+00 0.000E+00 0.000E+00 0.000E+00 0.000E+00
   1      0.000E+00 0.000E+00 0.000E+00 2.287E-01   0.000000 1.000E+00 1.000E+00
   1   90290  1     2.600E-03 0.000E+00 0.000E+00 0.000E+00 0.000E+00 0.000E+00
   1      4.000E-01 0.000E+00 6.000E-01 1.538E+01   0.000000 1.000E+00 1.000E+00
   1   90300  1     2.600E-07 0.000E+00 0.000E+00 0.000E+00 0.000E+00 0.000E+00
   1      0.000E+00 0.000E+00 0.000E+00 5.287E-01   0.000000 1.000E+00 1.000E+00
   1   90310  1     1.000E-03 0.000E+00 0.000E+00 0.000E+00 0.000E+00 0.000E+00
   1      1.000E+00 0.000E+00 0.000E+00 1.697E+01   0.000000 1.000E+00 1.000E+00
   1  100160  1     9.000E-21 0.000E+00 0.000E+00 0.000E+00 0.000E+00 0.000E+00
   1      0.000E+00 0.000E+00 0.000E+00 1.411E+00   0.000000 1.000E+00 1.000E+00
   1  100170  1     1.092E-01 0.000E+00 2.700E-02 0.000E+00 0.000E+00 0.000E+00
   1      0.000E+00 0.000E+00 0.000E+00 1.032E+01   0.000000 1.000E+00 1.000E+00
   1  100180  1     1.672E+00 0.000E+00 1.000E+00 0.000E+00 0.000E+00 0.000E+00
   1      0.000E+00 0.000E+00 0.000E+00 2.604E+00   0.000000 1.000E+00 1.000E+00
   1  100190  1     1.722E+01 0.000E+00 1.000E+00 0.000E+00 0.000E+00 0.000E+00
   1      0.000E+00 0.000E+00 0.000E+00 1.983E+00   0.000000 1.000E+00 1.000E+00
   1  100200  6     0.000E+00 0.000E+00 0.000E+00 0.000E+00 0.000E+00 0.000E+00
   1      0.000E+00 0.000E+00 0.000E+00 0.000E+00  90.480000 1.000E+00 1.000E+00
   1  100210  6     0.000E+00 0.000E+00 0.000E+00 0.000E+00 0.000E+00 0.000E+00
   1      0.000E+00 0.000E+00 0.000E+00 0.000E+00   0.270000 1.000E+00 1.000E+00
   1  100220  6     0.000E+00 0.000E+00 0.000E+00 0.000E+00 0.000E+00 0.000E+00
   1      0.000E+00 0.000E+00 0.000E+00 0.000E+00   9.250000 1.000E+00 1.000E+00
   1  100230  1     3.720E+01 0.000E+00 0.000E+00 0.000E+00 0.000E+00 0.000E+00
   1      1.000E+00 0.000E+00 0.000E+00 2.063E+00   0.000000 1.000E+00 1.000E+00
   1  100240  1     2.028E+02 1.000E+00 0.000E+00 0.000E+00 0.000E+00 0.000E+00
   1      1.000E+00 0.000E+00 0.000E+00 1.330E+00   0.000000 1.000E+00 1.000E+00
   1  100250  1     6.020E-01 0.000E+00 0.000E+00 0.000E+00 0.000E+00 0.000E+00
   1      1.000E+00 0.000E+00 0.000E+00 4.833E+00   0.000000 1.000E+00 1.000E+00
   1  100260  1     1.970E-01 0.000E+00 0.000E+00 0.000E+00 0.000E+00 0.000E+00
   1      1.000E+00 0.000E+00 0.000E+00 3.550E+00   0.000000 1.000E+00 1.000E+00
   1  100270  1     3.200E-02 0.000E+00 0.000E+00 0.000E+00 0.000E+00 0.000E+00
   1      9.800E-01 0.000E+00 2.000E-02 8.311E+00   0.000000 1.000E+00 1.000E+00
   1  100280  1     1.830E-02 0.000E+00 0.000E+00 0.000E+00 0.000E+00 0.000E+00
   1      8.400E-01 0.000E+00 1.600E-01 7.891E+00   0.000000 1.000E+00 1.000E+00
   1  100290  1     1.560E-02 0.000E+00 0.000E+00 0.000E+00 0.000E+00 0.000E+00
   1      2.200E-02 0.000E+00 1.900E-01 9.774E+00   0.000000 1.000E+00 1.000E+00
   1  100300  1     5.800E-03 0.000E+00 0.000E+00 0.000E+00 0.000E+00 0.000E+00
   1      8.700E-01 0.000E+00 1.300E-01 9.754E+00   0.000000 1.000E+00 1.000E+00
   1  100310  1     3.400E-03 0.000E+00 0.000E+00 0.000E+00 0.000E+00 0.000E+00
   1      1.000E+00 0.000E+00 0.000E+00 1.213E+01   0.000000 1.000E+00 1.000E+00
   1  100320  1     3.500E-03 0.000E+00 0.000E+00 0.000E+00 0.000E+00 0.000E+00
   1      1.000E+00 0.000E+00 0.000E+00 1.215E+01   0.000000 1.000E+00 1.000E+00
   1  100330  1     2.600E-07 0.000E+00 0.000E+00 0.000E+00 0.000E+00 0.000E+00
   1      0.000E+00 0.000E+00 0.000E+00 6.487E-01   0.000000 1.000E+00 1.000E+00
   1  100340  1     1.000E-03 0.000E+00 0.000E+00 0.000E+00 0.000E+00 0.000E+00
   1      1.000E+00 0.000E+00 0.000E+00 1.357E+01   0.000000 1.000E+00 1.000E+00
   1  110180  1     1.300E-21 0.000E+00 5.000E-01 0.000E+00 0.000E+00 0.000E+00
   1      0.000E+00 0.000E+00 0.000E+00 6.511E+00   0.000000 1.000E+00 1.000E+00
   1  110190  1     4.000E-08 0.000E+00 0.000E+00 0.000E+00 0.000E+00 0.000E+00
   1      0.000E+00 0.000E+00 0.000E+00 3.208E-01   0.000000 1.000E+00 1.000E+00
   1  110200  1     4.479E-01 0.000E+00 2.500E-01 0.000E+00 0.000E+00 0.000E+00
   1      0.000E+00 0.000E+00 0.000E+00 8.662E+00   0.000000 1.000E+00 1.000E+00
   1  110210  1     2.249E+01 0.000E+00 1.000E+00 0.000E+00 0.000E+00 0.000E+00
   1      0.000E+00 0.000E+00 0.000E+00 2.140E+00   0.000000 1.000E+00 1.000E+00
   1  110220  1     8.214E+07 0.000E+00 1.000E+00 0.000E+00 0.000E+00 0.000E+00
   1      0.000E+00 0.000E+00 0.000E+00 2.393E+00   0.000000 1.000E+00 1.000E+00
   1  110230  6     0.000E+00 0.000E+00 0.000E+00 0.000E+00 0.000E+00 0.000E+00
   1      0.000E+00 0.000E+00 0.000E+00 0.000E+00 100.000000 1.000E+00 1.000E+00
   1  110240  1     5.385E+04 0.000E+00 0.000E+00 0.000E+00 0.000E+00 0.000E+00
   1      1.000E+00 0.000E+00 0.000E+00 4.674E+00   0.000000 1.000E+00 1.000E+00
   1  110241  1     2.020E-02 0.000E+00 0.000E+00 0.000E+00 0.000E+00 9.950E-01
   1      5.000E-03 0.000E+00 0.000E+00 4.838E-01   0.000000 1.000E+00 1.000E+00
   1  110250  1     5.960E+01 0.000E+00 0.000E+00 0.000E+00 0.000E+00 0.000E+00
   1      1.000E+00 0.000E+00 0.000E+00 1.933E+00   0.000000 1.000E+00 1.000E+00
   1  110260  1     1.080E+00 0.000E+00 0.000E+00 0.000E+00 0.000E+00 0.000E+00
   1      1.000E+00 0.000E+00 0.000E+00 5.510E+00   0.000000 1.000E+00 1.000E+00
   1  110270  1     3.010E-01 0.000E+00 0.000E+00 0.000E+00 0.000E+00 0.000E+00
   1      1.000E+00 0.000E+00 0.000E+00 4.832E+00   0.000000 1.000E+00 1.000E+00
   1  110280  1     3.050E-02 0.000E+00 0.000E+00 0.000E+00 0.000E+00 0.000E+00
   1      1.000E+00 0.000E+00 0.000E+00 7.498E+00   0.000000 1.000E+00 1.000E+00
   1  110290  1     4.490E-02 0.000E+00 0.000E+00 0.000E+00 0.000E+00 0.000E+00
   1      7.410E-01 0.000E+00 2.590E-01 8.429E+00   0.000000 1.000E+00 1.000E+00
   1  110300  1     4.840E-02 0.000E+00 0.000E+00 0.000E+00 0.000E+00 0.000E+00
   1      1.170E-02 0.000E+00 3.000E-01 1.044E+01   0.000000 1.000E+00 1.000E+00
   1  110310  1     1.700E-02 0.000E+00 0.000E+00 0.000E+00 0.000E+00 0.000E+00
   1      5.000E-04 0.000E+00 3.700E-01 1.036E+01   0.000000 1.000E+00 1.000E+00
   1  110320  1     1.290E-02 0.000E+00 0.000E+00 0.000E+00 0.000E+00 0.000E+00
   1      8.000E-02 0.000E+00 2.400E-01 1.234E+01   0.000000 1.000E+00 1.000E+00
   1  110330  1     8.200E-03 0.000E+00 0.000E+00 0.000E+00 0.000E+00 0.000E+00
   1      1.300E-01 0.000E+00 4.700E-01 1.276E+01   0.000000 1.000E+00 1.000E+00
   1  110340  1     5.500E-03 0.000E+00 0.000E+00 0.000E+00 0.000E+00 0.000E+00
   1      5.000E-01 0.000E+00 1.500E-01 1.440E+01   0.000000 1.000E+00 1.000E+00
   1  110350  1     1.500E-03 0.000E+00 0.000E+00 0.000E+00 0.000E+00 0.000E+00
   1      1.000E+00 0.000E+00 0.000E+00 1.562E+01   0.000000 1.000E+00 1.000E+00
   1  110360  1     2.600E-07 0.000E+00 0.000E+00 0.000E+00 0.000E+00 0.000E+00
   1      0.000E+00 0.000E+00 0.000E+00 2.987E-01   0.000000 1.000E+00 1.000E+00
   1  110370  1     1.000E-03 0.000E+00 0.000E+00 0.000E+00 0.000E+00 0.000E+00
   1      1.000E+00 0.000E+00 0.000E+00 1.735E+01   0.000000 1.000E+00 1.000E+00
   1  120200  1     9.000E-02 0.000E+00 3.040E-01 0.000E+00 0.000E+00 0.000E+00
   1      0.000E+00 0.000E+00 0.000E+00 6.920E+00   0.000000 1.000E+00 1.000E+00
   1  120210  1     1.220E-01 0.000E+00 5.000E-03 0.000E+00 0.000E+00 0.000E+00
   1      0.000E+00 0.000E+00 0.000E+00 8.472E+00   0.000000 1.000E+00 1.000E+00
   1  120220  1     3.875E+00 0.000E+00 1.000E+00 0.000E+00 0.000E+00 0.000E+00
   1      0.000E+00 0.000E+00 0.000E+00 3.085E+00   0.000000 1.000E+00 1.000E+00
   1  120230  1     1.132E+01 0.000E+00 1.000E+00 0.000E+00 0.000E+00 0.000E+00
   1      0.000E+00 0.000E+00 0.000E+00 2.395E+00   0.000000 1.000E+00 1.000E+00
   1  120240  6     0.000E+00 0.000E+00 0.000E+00 0.000E+00 0.000E+00 0.000E+00
   1      0.000E+00 0.000E+00 0.000E+00 0.000E+00  78.990000 1.000E+00 1.000E+00
   1  120250  6     0.000E+00 0.000E+00 0.000E+00 0.000E+00 0.000E+00 0.000E+00
   1      0.000E+00 0.000E+00 0.000E+00 0.000E+00  10.000000 1.000E+00 1.000E+00
   1  120260  6     0.000E+00 0.000E+00 0.000E+00 0.000E+00 0.000E+00 0.000E+00
   1      0.000E+00 0.000E+00 0.000E+00 0.000E+00  11.010000 1.000E+00 1.000E+00
   1  120270  1     5.675E+02 0.000E+00 0.000E+00 0.000E+00 0.000E+00 0.000E+00
   1      1.000E+00 0.000E+00 0.000E+00 1.595E+00   0.000000 1.000E+00 1.000E+00
   1  120280  1     7.524E+04 0.000E+00 0.000E+00 0.000E+00 0.000E+00 0.000E+00
   1      1.000E+00 0.000E+00 0.000E+00 1.578E+00   0.000000 1.000E+00 1.000E+00
   1  120290  1     1.300E+00 0.000E+00 0.000E+00 0.000E+00 0.000E+00 0.000E+00
   1      1.000E+00 0.000E+00 0.000E+00 4.497E+00   0.000000 1.000E+00 1.000E+00
   1  120300  1     3.350E-01 0.000E+00 0.000E+00 0.000E+00 0.000E+00 0.000E+00
   1      9.994E-01 0.000E+00 6.000E-04 4.638E+00   0.000000 1.000E+00 1.000E+00
   1  120310  1     2.300E-01 0.000E+00 0.000E+00 0.000E+00 0.000E+00 0.000E+00
   1      9.380E-01 0.000E+00 6.200E-02 7.553E+00   0.000000 1.000E+00 1.000E+00
   1  120320  1     9.500E-02 0.000E+00 0.000E+00 0.000E+00 0.000E+00 0.000E+00
   1      9.760E-01 0.000E+00 2.400E-02 6.682E+00   0.000000 1.000E+00 1.000E+00
   1  120330  1     9.050E-02 0.000E+00 0.000E+00 0.000E+00 0.000E+00 0.000E+00
   1      8.300E-01 0.000E+00 1.700E-01 8.433E+00   0.000000 1.000E+00 1.000E+00
   1  120340  1     2.000E-02 0.000E+00 0.000E+00 0.000E+00 0.000E+00 0.000E+00
   1      1.000E+00 0.000E+00 0.000E+00 7.827E+00   0.000000 1.000E+00 1.000E+00
   1  120350  1     7.000E-02 0.000E+00 0.000E+00 0.000E+00 0.000E+00 0.000E+00
   1      4.800E-01 0.000E+00 5.200E-01 9.503E+00   0.000000 1.000E+00 1.000E+00
   1  120360  1     5.000E-03 0.000E+00 0.000E+00 0.000E+00 0.000E+00 0.000E+00
   1      1.000E+00 0.000E+00 0.000E+00 1.043E+01   0.000000 1.000E+00 1.000E+00
   1  120370  1     4.000E-02 0.000E+00 0.000E+00 0.000E+00 0.000E+00 0.000E+00
   1      1.000E+00 0.000E+00 0.000E+00 1.287E+01   0.000000 1.000E+00 1.000E+00
   1  120380  1     1.000E-03 0.000E+00 0.000E+00 0.000E+00 0.000E+00 0.000E+00
   1      1.000E+00 0.000E+00 0.000E+00 1.263E+01   0.000000 1.000E+00 1.000E+00
   1  120390  1     2.600E-07 0.000E+00 0.000E+00 0.000E+00 0.000E+00 0.000E+00
   1      0.000E+00 0.000E+00 0.000E+00 4.987E-01   0.000000 1.000E+00 1.000E+00
   1  120400  1     1.000E-03 0.000E+00 0.000E+00 0.000E+00 0.000E+00 0.000E+00
   1      1.000E+00 0.000E+00 0.000E+00 1.396E+01   0.000000 1.000E+00 1.000E+00
   1  130210  1     3.500E-08 0.000E+00 0.000E+00 0.000E+00 0.000E+00 0.000E+00
   1      0.000E+00 0.000E+00 0.000E+00 1.261E+00   0.000000 1.000E+00 1.000E+00
   1  130220  1     5.900E-02 0.000E+00 3.100E-03 0.000E+00 0.000E+00 0.000E+00
   1      0.000E+00 0.000E+00 0.000E+00 1.120E+01   0.000000 1.000E+00 1.000E+00
   1  130230  1     4.700E-01 0.000E+00 8.000E-02 0.000E+00 0.000E+00 0.000E+00
   1      0.000E+00 0.000E+00 0.000E+00 7.789E+00   0.000000 1.000E+00 1.000E+00
   1  130240  1     2.053E+00 0.000E+00 1.000E+00 0.000E+00 0.000E+00 0.000E+00
   1      0.000E+00 0.000E+00 0.000E+00 1.153E+01   0.000000 1.000E+00 1.000E+00
   1  130241  1     1.313E-01 0.000E+00 2.800E-04 0.000E+00 0.000E+00 8.200E-01
   1      0.000E+00 0.000E+00 0.000E+00 2.064E+00   0.000000 1.000E+00 1.000E+00
   1  130250  1     7.183E+00 0.000E+00 1.000E+00 0.000E+00 0.000E+00 0.000E+00
   1      0.000E+00 0.000E+00 0.000E+00 2.486E+00   0.000000 1.000E+00 1.000E+00
   1  130260  1     2.263E+13 0.000E+00 1.000E+00 0.000E+00 0.000E+00 0.000E+00
   1      0.000E+00 0.000E+00 0.000E+00 3.118E+00   0.000000 1.000E+00 1.000E+00
   1  130261  1     6.345E+00 0.000E+00 1.000E+00 0.000E+00 0.000E+00 0.000E+00
   1      0.000E+00 0.000E+00 0.000E+00 2.460E+00   0.000000 1.000E+00 1.000E+00
   1  130270  6     0.000E+00 0.000E+00 0.000E+00 0.000E+00 0.000E+00 0.000E+00
   1      0.000E+00 0.000E+00 0.000E+00 0.000E+00 100.000000 1.000E+00 1.000E+00
   1  130280  1     1.345E+02 0.000E+00 0.000E+00 0.000E+00 0.000E+00 0.000E+00
   1      1.000E+00 0.000E+00 0.000E+00 3.020E+00   0.000000 1.000E+00 1.000E+00
   1  130290  1     3.936E+02 0.000E+00 0.000E+00 0.000E+00 0.000E+00 0.000E+00
   1      1.000E+00 0.000E+00 0.000E+00 2.354E+00   0.000000 1.000E+00 1.000E+00
   1  130300  1     3.650E+00 0.000E+00 0.000E+00 0.000E+00 0.000E+00 0.000E+00
   1      1.000E+00 0.000E+00 0.000E+00 5.803E+00   0.000000 1.000E+00 1.000E+00
   1  130310  1     6.440E-01 0.000E+00 0.000E+00 0.000E+00 0.000E+00 0.000E+00
   1      1.000E+00 0.000E+00 0.000E+00 4.097E+00   0.000000 1.000E+00 1.000E+00
   1  130320  1     3.300E-02 0.000E+00 0.000E+00 0.000E+00 0.000E+00 0.000E+00
   1      1.000E+00 0.000E+00 0.000E+00 6.428E+00   0.000000 1.000E+00 1.000E+00
   1  130330  1     4.170E-02 0.000E+00 0.000E+00 0.000E+00 0.000E+00 0.000E+00
   1      9.150E-01 0.000E+00 8.500E-02 7.774E+00   0.000000 1.000E+00 1.000E+00
   1  130340  1     5.630E-02 0.000E+00 0.000E+00 0.000E+00 0.000E+00 0.000E+00
   1      8.750E-01 0.000E+00 1.250E-01 1.082E+01   0.000000 1.000E+00 1.000E+00
   1  130350  1     3.860E-02 0.000E+00 0.000E+00 0.000E+00 0.000E+00 0.000E+00
   1      5.900E-01 0.000E+00 4.100E-01 9.212E+00   0.000000 1.000E+00 1.000E+00
   1  130360  1     9.000E-02 0.000E+00 0.000E+00 0.000E+00 0.000E+00 0.000E+00
   1      7.000E-01 0.000E+00 3.000E-01 1.124E+01   0.000000 1.000E+00 1.000E+00
   1  130370  1     2.000E-02 0.000E+00 0.000E+00 0.000E+00 0.000E+00 0.000E+00
   1      1.000E+00 0.000E+00 0.000E+00 1.102E+01   0.000000 1.000E+00 1.000E+00
   1  130380  1     4.000E-02 0.000E+00 0.000E+00 0.000E+00 0.000E+00 0.000E+00
   1      1.000E+00 0.000E+00 0.000E+00 1.341E+01   0.000000 1.000E+00 1.000E+00
   1  130390  1     1.000E-02 0.000E+00 0.000E+00 0.000E+00 0.000E+00 0.000E+00
   1      1.000E+00 0.000E+00 0.000E+00 1.298E+01   0.000000 1.000E+00 1.000E+00
   1  130400  1     1.000E-02 0.000E+00 0.000E+00 0.000E+00 0.000E+00 0.000E+00
   1      1.000E+00 0.000E+00 0.000E+00 1.589E+01   0.000000 1.000E+00 1.000E+00
   1  130410  1     2.000E-03 0.000E+00 0.000E+00 0.000E+00 0.000E+00 0.000E+00
   1      1.000E+00 0.000E+00 0.000E+00 1.476E+01   0.000000 1.000E+00 1.000E+00
   1  130420  1     1.000E-03 0.000E+00 0.000E+00 0.000E+00 0.000E+00 0.000E+00
   1      1.000E+00 0.000E+00 0.000E+00 1.683E+01   0.000000 1.000E+00 1.000E+00
   1  140220  1     2.900E-02 0.000E+00 3.200E-01 0.000E+00 0.000E+00 0.000E+00
   1      0.000E+00 0.000E+00 0.000E+00 9.688E+00   0.000000 1.000E+00 1.000E+00
   1  140230  1     4.230E-08 0.000E+00 3.600E-02 0.000E+00 0.000E+00 0.000E+00
   1      0.000E+00 0.000E+00 0.000E+00 1.240E+01   0.000000 1.000E+00 1.000E+00
   1  140240  1     1.400E-01 0.000E+00 1.000E+00 6.240E-01 0.000E+00 0.000E+00
   1      0.000E+00 0.000E+00 0.000E+00 6.842E+00   0.000000 1.000E+00 1.000E+00
   1  140250  1     2.200E-01 0.000E+00 3.681E-01 0.000E+00 0.000E+00 0.000E+00
   1      0.000E+00 0.000E+00 0.000E+00 8.257E+00   0.000000 1.000E+00 1.000E+00
   1  140260  1     2.234E+00 0.000E+00 1.000E+00 9.996E-01 0.000E+00 0.000E+00
   1      0.000E+00 0.000E+00 0.000E+00 2.875E+00   0.000000 1.000E+00 1.000E+00
   1  140270  1     4.160E+00 0.000E+00 1.000E+00 0.000E+00 0.000E+00 0.000E+00
   1      0.000E+00 0.000E+00 0.000E+00 3.208E+00   0.000000 1.000E+00 1.000E+00
   1  140280  6     0.000E+00 0.000E+00 0.000E+00 0.000E+00 0.000E+00 0.000E+00
   1      0.000E+00 0.000E+00 0.000E+00 0.000E+00  92.230000 1.000E+00 1.000E+00
   1  140290  6     0.000E+00 0.000E+00 0.000E+00 0.000E+00 0.000E+00 0.000E+00
   1      0.000E+00 0.000E+00 0.000E+00 0.000E+00   4.670000 1.000E+00 1.000E+00
   1  140300  6     0.000E+00 0.000E+00 0.000E+00 0.000E+00 0.000E+00 0.000E+00
   1      0.000E+00 0.000E+00 0.000E+00 0.000E+00   3.100000 1.000E+00 1.000E+00
   1  140310  1     9.432E+03 0.000E+00 0.000E+00 0.000E+00 0.000E+00 0.000E+00
   1      1.000E+00 0.000E+00 0.000E+00 5.959E-01   0.000000 1.000E+00 1.000E+00
   1  140320  1     1.041E+10 0.000E+00 0.000E+00 0.000E+00 0.000E+00 0.000E+00
   1      1.000E+00 0.000E+00 0.000E+00 6.468E-02   0.000000 1.000E+00 1.000E+00
   1  140330  1     6.180E+00 0.000E+00 0.000E+00 0.000E+00 0.000E+00 0.000E+00
   1      1.000E+00 0.000E+00 0.000E+00 3.896E+00   0.000000 1.000E+00 1.000E+00
   1  140340  1     2.770E+00 0.000E+00 0.000E+00 0.000E+00 0.000E+00 0.000E+00
   1      1.000E+00 0.000E+00 0.000E+00 3.067E+00   0.000000 1.000E+00 1.000E+00
   1  140350  1     7.800E-01 0.000E+00 0.000E+00 0.000E+00 0.000E+00 0.000E+00
   1      1.000E+00 0.000E+00 0.000E+00 7.143E+00   0.000000 1.000E+00 1.000E+00
   1  140360  1     4.500E-01 0.000E+00 0.000E+00 0.000E+00 0.000E+00 0.000E+00
   1      1.000E+00 0.000E+00 0.000E+00 4.582E+00   0.000000 1.000E+00 1.000E+00
   1  140370  1     9.000E-02 0.000E+00 0.000E+00 0.000E+00 0.000E+00 0.000E+00
   1      8.300E-01 0.000E+00 1.700E-01 7.581E+00   0.000000 1.000E+00 1.000E+00
   1  140380  1     9.000E-02 0.000E+00 0.000E+00 0.000E+00 0.000E+00 0.000E+00
   1      1.000E+00 0.000E+00 0.000E+00 7.127E+00   0.000000 1.000E+00 1.000E+00
   1  140390  1     9.000E-02 0.000E+00 0.000E+00 0.000E+00 0.000E+00 0.000E+00
   1      1.000E+00 0.000E+00 0.000E+00 9.867E+00   0.000000 1.000E+00 1.000E+00
   1  140400  1     3.300E-02 0.000E+00 0.000E+00 0.000E+00 0.000E+00 0.000E+00
   1      1.000E+00 0.000E+00 0.000E+00 9.053E+00   0.000000 1.000E+00 1.000E+00
   1  140410  1     3.000E-02 0.000E+00 0.000E+00 0.000E+00 0.000E+00 0.000E+00
   1      1.000E+00 0.000E+00 0.000E+00 1.256E+01   0.000000 1.000E+00 1.000E+00
   1  140420  1     5.000E-03 0.000E+00 0.000E+00 0.000E+00 0.000E+00 0.000E+00
   1      1.000E+00 0.000E+00 0.000E+00 1.166E+01   0.000000 1.000E+00 1.000E+00
   1  140430  1     1.500E-02 0.000E+00 0.000E+00 0.000E+00 0.000E+00 0.000E+00
   1      1.000E+00 0.000E+00 0.000E+00 1.395E+01   0.000000 1.000E+00 1.000E+00
   1  140440  1     1.000E-02 0.000E+00 0.000E+00 0.000E+00 0.000E+00 0.000E+00
   1      1.000E+00 0.000E+00 0.000E+00 1.383E+01   0.000000 1.000E+00 1.000E+00
   1  150240  1     1.000E-09 0.000E+00 5.000E-01 0.000E+00 0.000E+00 0.000E+00
   1      0.000E+00 0.000E+00 0.000E+00 7.552E+00   0.000000 1.000E+00 1.000E+00
   1  150250  1     3.000E-08 0.000E+00 0.000E+00 0.000E+00 0.000E+00 0.000E+00
   1      0.000E+00 0.000E+00 0.000E+00 8.260E-01   0.000000 1.000E+00 1.000E+00
   1  150260  1     3.000E-02 0.000E+00 9.000E-03 0.000E+00 0.000E+00 0.000E+00
   1      0.000E+00 0.000E+00 0.000E+00 1.201E+01   0.000000 1.000E+00 1.000E+00
   1  150270  1     2.600E-01 0.000E+00 1.000E+00 7.000E-04 0.000E+00 0.000E+00
   1      0.000E+00 0.000E+00 0.000E+00 7.775E+00   0.000000 1.000E+00 1.000E+00
   1  150280  1     2.703E-01 0.000E+00 1.000E+00 0.000E+00 0.000E+00 0.000E+00
   1      0.000E+00 0.000E+00 0.000E+00 9.327E+00   0.000000 1.000E+00 1.000E+00
   1  150290  1     4.142E+00 0.000E+00 1.000E+00 0.000E+00 0.000E+00 0.000E+00
   1      0.000E+00 0.000E+00 0.000E+00 3.295E+00   0.000000 1.000E+00 1.000E+00
   1  150300  1     1.499E+02 0.000E+00 1.000E+00 0.000E+00 0.000E+00 0.000E+00
   1      0.000E+00 0.000E+00 0.000E+00 2.460E+00   0.000000 1.000E+00 1.000E+00
   1  150310  6     0.000E+00 0.000E+00 0.000E+00 0.000E+00 0.000E+00 0.000E+00
   1      0.000E+00 0.000E+00 0.000E+00 0.000E+00 100.000000 1.000E+00 1.000E+00
   1  150320  1     1.233E+06 0.000E+00 0.000E+00 0.000E+00 0.000E+00 0.000E+00
   1      1.000E+00 0.000E+00 0.000E+00 6.946E-01   0.000000 1.000E+00 1.000E+00
   1  150330  1     2.193E+06 0.000E+00 0.000E+00 0.000E+00 0.000E+00 0.000E+00
   1      1.000E+00 0.000E+00 0.000E+00 7.638E-02   0.000000 1.000E+00 1.000E+00
   1  150340  1     1.240E+01 0.000E+00 0.000E+00 0.000E+00 0.000E+00 0.000E+00
   1      1.000E+00 0.000E+00 0.000E+00 2.632E+00   0.000000 1.000E+00 1.000E+00
   1  150350  1     4.730E+01 0.000E+00 0.000E+00 0.000E+00 0.000E+00 0.000E+00
   1      1.000E+00 0.000E+00 0.000E+00 2.659E+00   0.000000 1.000E+00 1.000E+00
   1  150360  1     5.600E+00 0.000E+00 0.000E+00 0.000E+00 0.000E+00 0.000E+00
   1      1.000E+00 0.000E+00 0.000E+00 6.942E+00   0.000000 1.000E+00 1.000E+00
   1  150370  1     2.310E+00 0.000E+00 0.000E+00 0.000E+00 0.000E+00 0.000E+00
   1      1.000E+00 0.000E+00 0.000E+00 5.271E+00   0.000000 1.000E+00 1.000E+00
   1  150380  1     6.400E-01 0.000E+00 0.000E+00 0.000E+00 0.000E+00 0.000E+00
   1      1.000E+00 0.000E+00 0.000E+00 7.071E+00   0.000000 1.000E+00 1.000E+00
   1  150390  1     1.900E-01 0.000E+00 0.000E+00 0.000E+00 0.000E+00 0.000E+00
   1      7.400E-01 0.000E+00 2.600E-01 6.231E+00   0.000000 1.000E+00 1.000E+00
   1  150400  1     1.500E-01 0.000E+00 0.000E+00 0.000E+00 0.000E+00 0.000E+00
   1      8.420E-01 0.000E+00 1.580E-01 9.112E+00   0.000000 1.000E+00 1.000E+00
   1  150410  1     1.500E-01 0.000E+00 0.000E+00 0.000E+00 0.000E+00 0.000E+00
   1      7.000E-01 0.000E+00 3.000E-01 8.554E+00   0.000000 1.000E+00 1.000E+00
   1  150420  1     1.200E-01 0.000E+00 0.000E+00 0.000E+00 0.000E+00 0.000E+00
   1      5.000E-01 0.000E+00 5.000E-01 1.066E+01   0.000000 1.000E+00 1.000E+00
   1  150430  1     3.300E-02 0.000E+00 0.000E+00 0.000E+00 0.000E+00 0.000E+00
   1      0.000E+00 0.000E+00 1.000E+00 1.153E+01   0.000000 1.000E+00 1.000E+00
   1  150440  1     3.000E-02 0.000E+00 0.000E+00 0.000E+00 0.000E+00 0.000E+00
   1      1.000E+00 0.000E+00 0.000E+00 1.415E+01   0.000000 1.000E+00 1.000E+00
   1  150450  1     8.000E-03 0.000E+00 0.000E+00 0.000E+00 0.000E+00 0.000E+00
   1      1.000E+00 0.000E+00 0.000E+00 1.410E+01   0.000000 1.000E+00 1.000E+00
   1  150460  1     4.000E-03 0.000E+00 0.000E+00 0.000E+00 0.000E+00 0.000E+00
   1      1.000E+00 0.000E+00 0.000E+00 1.653E+01   0.000000 1.000E+00 1.000E+00
   1  160260  1     1.000E-02 0.000E+00 0.000E+00 0.000E+00 0.000E+00 0.000E+00
   1      0.000E+00 0.000E+00 0.000E+00 6.370E-01   0.000000 1.000E+00 1.000E+00
   1  160270  1     2.100E-02 0.000E+00 2.000E-02 0.000E+00 0.000E+00 0.000E+00
   1      0.000E+00 0.000E+00 0.000E+00 1.211E+01   0.000000 1.000E+00 1.000E+00
   1  160280  1     1.250E-01 0.000E+00 2.070E-01 0.000E+00 0.000E+00 0.000E+00
   1      0.000E+00 0.000E+00 0.000E+00 7.359E+00   0.000000 1.000E+00 1.000E+00
   1  160290  1     1.870E-01 0.000E+00 4.640E-01 0.000E+00 0.000E+00 0.000E+00
   1      0.000E+00 0.000E+00 0.000E+00 8.772E+00   0.000000 1.000E+00 1.000E+00
   1  160300  1     1.178E+00 0.000E+00 1.000E+00 0.000E+00 0.000E+00 0.000E+00
   1      0.000E+00 0.000E+00 0.000E+00 3.688E+00   0.000000 1.000E+00 1.000E+00
   1  160310  1     2.553E+00 0.000E+00 1.000E+00 0.000E+00 0.000E+00 0.000E+00
   1      0.000E+00 0.000E+00 0.000E+00 3.033E+00   0.000000 1.000E+00 1.000E+00
   1  160320  6     0.000E+00 0.000E+00 0.000E+00 0.000E+00 0.000E+00 0.000E+00
   1      0.000E+00 0.000E+00 0.000E+00 0.000E+00  95.020000 1.000E+00 1.000E+00
   1  160330  6     0.000E+00 0.000E+00 0.000E+00 0.000E+00 0.000E+00 0.000E+00
   1      0.000E+00 0.000E+00 0.000E+00 0.000E+00   0.750000 1.000E+00 1.000E+00
   1  160340  6     0.000E+00 0.000E+00 0.000E+00 0.000E+00 0.000E+00 0.000E+00
   1      0.000E+00 0.000E+00 0.000E+00 0.000E+00   4.210000 1.000E+00 1.000E+00
   1  160350  1     7.538E+06 0.000E+00 0.000E+00 0.000E+00 0.000E+00 0.000E+00
   1      1.000E+00 0.000E+00 0.000E+00 4.876E-02   0.000000 1.000E+00 1.000E+00
   1  160360  6     0.000E+00 0.000E+00 0.000E+00 0.000E+00 0.000E+00 0.000E+00
   1      0.000E+00 0.000E+00 0.000E+00 0.000E+00   0.020000 1.000E+00 1.000E+00
   1  160370  1     2.994E+02 0.000E+00 0.000E+00 0.000E+00 0.000E+00 0.000E+00
   1      1.000E+00 0.000E+00 0.000E+00 3.730E+00   0.000000 1.000E+00 1.000E+00
   1  160380  1     1.022E+04 0.000E+00 0.000E+00 0.000E+00 0.000E+00 0.000E+00
   1      1.000E+00 0.000E+00 0.000E+00 2.185E+00   0.000000 1.000E+00 1.000E+00
   1  160390  1     1.150E+01 0.000E+00 0.000E+00 0.000E+00 0.000E+00 0.000E+00
   1      1.000E+00 0.000E+00 0.000E+00 3.973E+00   0.000000 1.000E+00 1.000E+00
   1  160400  1     8.800E+00 0.000E+00 0.000E+00 0.000E+00 0.000E+00 0.000E+00
   1      1.000E+00 0.000E+00 0.000E+00 2.906E+00   0.000000 1.000E+00 1.000E+00
   1  160410  1     1.990E+00 0.000E+00 0.000E+00 0.000E+00 0.000E+00 0.000E+00
   1      1.000E+00 0.000E+00 0.000E+00 5.527E+00   0.000000 1.000E+00 1.000E+00
   1  160420  1     1.013E-03 0.000E+00 0.000E+00 0.000E+00 0.000E+00 0.000E+00
   1      9.600E-01 0.000E+00 4.000E-02 4.674E+00   0.000000 1.000E+00 1.000E+00
   1  160430  1     2.600E-01 0.000E+00 0.000E+00 0.000E+00 0.000E+00 0.000E+00
   1      6.000E-01 0.000E+00 4.000E-01 6.341E+00   0.000000 1.000E+00 1.000E+00
   1  160440  1     1.230E-01 0.000E+00 0.000E+00 0.000E+00 0.000E+00 0.000E+00
   1      8.200E-01 0.000E+00 1.800E-01 7.016E+00   0.000000 1.000E+00 1.000E+00
   1  160450  1     8.200E-02 0.000E+00 0.000E+00 0.000E+00 0.000E+00 0.000E+00
   1      4.600E-01 0.000E+00 5.400E-01 8.242E+00   0.000000 1.000E+00 1.000E+00
   1  160460  1     3.000E-02 0.000E+00 0.000E+00 0.000E+00 0.000E+00 0.000E+00
   1      1.000E+00 0.000E+00 0.000E+00 1.027E+01   0.000000 1.000E+00 1.000E+00
   1  160470  1     2.000E-02 0.000E+00 0.000E+00 0.000E+00 0.000E+00 0.000E+00
   1      1.000E+00 0.000E+00 0.000E+00 1.235E+01   0.000000 1.000E+00 1.000E+00
   1  160480  1     1.000E-02 0.000E+00 0.000E+00 0.000E+00 0.000E+00 0.000E+00
   1      1.000E+00 0.000E+00 0.000E+00 1.193E+01   0.000000 1.000E+00 1.000E+00
   1  160490  1     2.000E-07 0.000E+00 0.000E+00 0.000E+00 0.000E+00 0.000E+00
   1      0.000E+00 0.000E+00 0.000E+00 7.287E-01   0.000000 1.000E+00 1.000E+00
   1  170280  1     1.000E-09 0.000E+00 0.000E+00 0.000E+00 0.000E+00 0.000E+00
   1      0.000E+00 0.000E+00 0.000E+00 1.731E+00   0.000000 1.000E+00 1.000E+00
   1  170290  1     2.000E-08 0.000E+00 0.000E+00 0.000E+00 0.000E+00 0.000E+00
   1      0.000E+00 0.000E+00 0.000E+00 1.781E+00   0.000000 1.000E+00 1.000E+00
   1  170300  1     3.000E-08 0.000E+00 0.000E+00 0.000E+00 0.000E+00 0.000E+00
   1      0.000E+00 0.000E+00 0.000E+00 3.110E-01   0.000000 1.000E+00 1.000E+00
   1  170310  1     1.500E-01 0.000E+00 7.000E-03 0.000E+00 0.000E+00 0.000E+00
   1      0.000E+00 0.000E+00 0.000E+00 7.958E+00   0.000000 1.000E+00 1.000E+00
   1  170320  1     2.980E-01 0.000E+00 2.600E-04 0.000E+00 0.000E+00 0.000E+00
   1      0.000E+00 0.000E+00 0.000E+00 8.453E+00   0.000000 1.000E+00 1.000E+00
   1  170330  1     2.511E+00 0.000E+00 1.000E+00 0.000E+00 0.000E+00 0.000E+00
   1      0.000E+00 0.000E+00 0.000E+00 3.130E+00   0.000000 1.000E+00 1.000E+00
   1  170340  1     1.526E+00 0.000E+00 1.000E+00 0.000E+00 0.000E+00 0.000E+00
   1      0.000E+00 0.000E+00 0.000E+00 3.073E+00   0.000000 1.000E+00 1.000E+00
   1  170341  1     1.926E+03 0.000E+00 5.200E-01 0.000E+00 0.000E+00 4.800E-01
   1      0.000E+00 0.000E+00 0.000E+00 2.421E+00   0.000000 1.000E+00 1.000E+00
   1  170350  6     0.000E+00 0.000E+00 0.000E+00 0.000E+00 0.000E+00 0.000E+00
   1      0.000E+00 0.000E+00 0.000E+00 0.000E+00  75.770000 1.000E+00 1.000E+00
   1  170360  1     9.530E+12 0.000E+00 1.900E-02 0.000E+00 0.000E+00 0.000E+00
   1      9.810E-01 0.000E+00 0.000E+00 3.081E-01   0.000000 1.000E+00 1.000E+00
   1  170370  6     0.000E+00 0.000E+00 0.000E+00 0.000E+00 0.000E+00 0.000E+00
   1      0.000E+00 0.000E+00 0.000E+00 0.000E+00  24.230000 1.000E+00 1.000E+00
   1  170380  1     2.232E+03 0.000E+00 0.000E+00 0.000E+00 0.000E+00 0.000E+00
   1      1.000E+00 0.000E+00 0.000E+00 3.017E+00   0.000000 1.000E+00 1.000E+00
   1  170381  1     7.150E-01 0.000E+00 0.000E+00 0.000E+00 0.000E+00 1.000E+00
   1      0.000E+00 0.000E+00 0.000E+00 6.717E-01   0.000000 1.000E+00 1.000E+00
   1  170390  1     3.336E+03 0.000E+00 0.000E+00 0.000E+00 0.000E+00 0.000E+00
   1      1.000E+00 0.000E+00 0.000E+00 2.277E+00   0.000000 1.000E+00 1.000E+00
   1  170400  1     8.100E+01 0.000E+00 0.000E+00 0.000E+00 0.000E+00 0.000E+00
   1      1.000E+00 0.000E+00 0.000E+00 5.600E+00   0.000000 1.000E+00 1.000E+00
   1  170410  1     3.840E+01 0.000E+00 0.000E+00 0.000E+00 0.000E+00 0.000E+00
   1      1.000E+00 0.000E+00 0.000E+00 3.838E+00   0.000000 1.000E+00 1.000E+00
   1  170420  1     6.800E+00 0.000E+00 0.000E+00 0.000E+00 0.000E+00 0.000E+00
   1      1.000E+00 0.000E+00 0.000E+00 6.342E+00   0.000000 1.000E+00 1.000E+00
   1  170430  1     3.070E+00 0.000E+00 0.000E+00 0.000E+00 0.000E+00 0.000E+00
   1      1.000E+00 0.000E+00 0.000E+00 5.227E+00   0.000000 1.000E+00 1.000E+00
   1  170440  1     5.600E-01 0.000E+00 0.000E+00 0.000E+00 0.000E+00 0.000E+00
   1      9.200E-01 0.000E+00 8.000E-02 7.854E+00   0.000000 1.000E+00 1.000E+00
   1  170450  1     4.000E-01 0.000E+00 0.000E+00 0.000E+00 0.000E+00 0.000E+00
   1      7.600E-01 0.000E+00 2.400E-01 6.905E+00   0.000000 1.000E+00 1.000E+00
   1  170460  1     2.200E-01 0.000E+00 0.000E+00 0.000E+00 0.000E+00 0.000E+00
   1      4.000E-01 0.000E+00 6.000E-01 7.148E+00   0.000000 1.000E+00 1.000E+00
   1  170470  1     2.000E-01 0.000E+00 0.000E+00 0.000E+00 0.000E+00 0.000E+00
   1      9.700E-01 0.000E+00 3.000E-02 1.020E+01   0.000000 1.000E+00 1.000E+00
   1  170480  1     1.000E-01 0.000E+00 0.000E+00 0.000E+00 0.000E+00 0.000E+00
   1      1.000E+00 0.000E+00 0.000E+00 1.268E+01   0.000000 1.000E+00 1.000E+00
   1  170490  1     5.000E-02 0.000E+00 0.000E+00 0.000E+00 0.000E+00 0.000E+00
   1      1.000E+00 0.000E+00 0.000E+00 1.230E+01   0.000000 1.000E+00 1.000E+00
   1  170500  1     2.000E-02 0.000E+00 0.000E+00 0.000E+00 0.000E+00 0.000E+00
   1      1.000E+00 0.000E+00 0.000E+00 1.453E+01   0.000000 1.000E+00 1.000E+00
   1  170510  1     2.000E-03 0.000E+00 0.000E+00 0.000E+00 0.000E+00 0.000E+00
   1      1.000E+00 0.000E+00 0.000E+00 1.420E+01   0.000000 1.000E+00 1.000E+00
   1  180300  1     2.000E-08 0.000E+00 0.000E+00 0.000E+00 0.000E+00 0.000E+00
   1      0.000E+00 0.000E+00 0.000E+00 1.432E+00   0.000000 1.000E+00 1.000E+00
   1  180310  1     1.440E-02 0.000E+00 1.400E-02 0.000E+00 0.000E+00 0.000E+00
   1      0.000E+00 0.000E+00 0.000E+00 1.286E+01   0.000000 1.000E+00 1.000E+00
   1  180320  1     9.800E-02 0.000E+00 4.300E-01 0.000E+00 0.000E+00 0.000E+00
   1      0.000E+00 0.000E+00 0.000E+00 7.311E+00   0.000000 1.000E+00 1.000E+00
   1  180330  1     1.730E-01 0.000E+00 3.870E-01 0.000E+00 0.000E+00 0.000E+00
   1      0.000E+00 0.000E+00 0.000E+00 7.460E+00   0.000000 1.000E+00 1.000E+00
   1  180340  1     8.438E-01 0.000E+00 1.000E+00 0.000E+00 0.000E+00 0.000E+00
   1      0.000E+00 0.000E+00 0.000E+00 3.394E+00   0.000000 1.000E+00 1.000E+00
   1  180350  1     1.776E+00 0.000E+00 1.000E+00 0.000E+00 0.000E+00 0.000E+00
   1      0.000E+00 0.000E+00 0.000E+00 3.321E+00   0.000000 1.000E+00 1.000E+00
   1  180360  6     0.000E+00 0.000E+00 0.000E+00 0.000E+00 0.000E+00 0.000E+00
   1      0.000E+00 0.000E+00 0.000E+00 0.000E+00   0.336500 1.000E+00 1.000E+00
   1  180370  1     3.025E+06 0.000E+00 1.000E+00 0.000E+00 0.000E+00 0.000E+00
   1      0.000E+00 0.000E+00 0.000E+00 2.168E-03   0.000000 1.000E+00 1.000E+00
   1  180380  6     0.000E+00 0.000E+00 0.000E+00 0.000E+00 0.000E+00 0.000E+00
   1      0.000E+00 0.000E+00 0.000E+00 0.000E+00   0.063200 1.000E+00 1.000E+00
   1  180390  1     8.489E+09 0.000E+00 0.000E+00 0.000E+00 0.000E+00 0.000E+00
   1      1.000E+00 0.000E+00 0.000E+00 2.187E-01   0.000000 1.000E+00 1.000E+00
   1  180400  6     0.000E+00 0.000E+00 0.000E+00 0.000E+00 0.000E+00 0.000E+00
   1      0.000E+00 0.000E+00 0.000E+00 0.000E+00  99.600300 1.000E+00 1.000E+00
   1  180410  1     6.576E+03 0.000E+00 0.000E+00 0.000E+00 0.000E+00 0.000E+00
   1      1.000E+00 0.000E+00 0.000E+00 1.745E+00   0.000000 1.000E+00 1.000E+00
   1  180420  1     1.041E+09 0.000E+00 0.000E+00 0.000E+00 0.000E+00 0.000E+00
   1      1.000E+00 0.000E+00 0.000E+00 2.328E-01   0.000000 1.000E+00 1.000E+00
   1  180430  1     3.222E+02 0.000E+00 0.000E+00 0.000E+00 0.000E+00 0.000E+00
   1      1.000E+00 0.000E+00 0.000E+00 2.869E+00   0.000000 1.000E+00 1.000E+00
   1  180440  1     7.122E+02 0.000E+00 0.000E+00 0.000E+00 0.000E+00 0.000E+00
   1      1.000E+00 0.000E+00 0.000E+00 2.091E+00   0.000000 1.000E+00 1.000E+00
   1  180450  1     2.148E+01 0.000E+00 0.000E+00 0.000E+00 0.000E+00 0.000E+00
   1      1.000E+00 0.000E+00 0.000E+00 4.558E+00   0.000000 1.000E+00 1.000E+00
   1  180460  1     8.400E+00 0.000E+00 0.000E+00 0.000E+00 0.000E+00 0.000E+00
   1      1.000E+00 0.000E+00 0.000E+00 3.799E+00   0.000000 1.000E+00 1.000E+00
   1  180470  1     5.800E-01 0.000E+00 0.000E+00 0.000E+00 0.000E+00 0.000E+00
   1      9.900E-01 0.000E+00 1.000E-02 6.470E+00   0.000000 1.000E+00 1.000E+00
   1  180480  1     5.000E-01 0.000E+00 0.000E+00 0.000E+00 0.000E+00 0.000E+00
   1      1.000E+00 0.000E+00 0.000E+00 5.603E+00   0.000000 1.000E+00 1.000E+00
   1  180490  1     1.700E-01 0.000E+00 0.000E+00 0.000E+00 0.000E+00 0.000E+00
   1      3.500E-01 0.000E+00 6.500E-01 5.717E+00   0.000000 1.000E+00 1.000E+00
   1  180500  1     8.500E-02 0.000E+00 0.000E+00 0.000E+00 0.000E+00 0.000E+00
   1      6.500E-01 0.000E+00 3.500E-01 6.736E+00   0.000000 1.000E+00 1.000E+00
   1  180510  1     6.000E-02 0.000E+00 0.000E+00 0.000E+00 0.000E+00 0.000E+00
   1      1.000E+00 0.000E+00 0.000E+00 9.467E+00   0.000000 1.000E+00 1.000E+00
   1  180520  1     1.000E-02 0.000E+00 0.000E+00 0.000E+00 0.000E+00 0.000E+00
   1      1.000E+00 0.000E+00 0.000E+00 8.800E+00   0.000000 1.000E+00 1.000E+00
   1  180530  1     3.000E-03 0.000E+00 0.000E+00 0.000E+00 0.000E+00 0.000E+00
   1      1.000E+00 0.000E+00 0.000E+00 1.107E+01   0.000000 1.000E+00 1.000E+00
   1  190320  1     1.000E-09 0.000E+00 0.000E+00 0.000E+00 0.000E+00 0.000E+00
   1      0.000E+00 0.000E+00 0.000E+00 1.841E+00   0.000000 1.000E+00 1.000E+00
   1  190330  1     2.500E-08 0.000E+00 0.000E+00 0.000E+00 0.000E+00 0.000E+00
   1      0.000E+00 0.000E+00 0.000E+00 1.671E+00   0.000000 1.000E+00 1.000E+00
   1  190340  1     4.000E-08 0.000E+00 0.000E+00 0.000E+00 0.000E+00 0.000E+00
   1      0.000E+00 0.000E+00 0.000E+00 6.151E-01   0.000000 1.000E+00 1.000E+00
   1  190350  1     1.780E-01 0.000E+00 1.000E+00 0.000E+00 0.000E+00 0.000E+00
   1      0.000E+00 0.000E+00 0.000E+00 7.811E+00   0.000000 1.000E+00 1.000E+00
   1  190360  1     3.420E-01 0.000E+00 1.000E+00 0.000E+00 0.000E+00 0.000E+00
   1      0.000E+00 0.000E+00 0.000E+00 8.957E+00   0.000000 1.000E+00 1.000E+00
   1  190370  1     1.225E+00 0.000E+00 1.000E+00 0.000E+00 0.000E+00 0.000E+00
   1      0.000E+00 0.000E+00 0.000E+00 3.423E+00   0.000000 1.000E+00 1.000E+00
   1  190380  1     4.566E+02 0.000E+00 1.000E+00 0.000E+00 0.000E+00 0.000E+00
   1      0.000E+00 0.000E+00 0.000E+00 4.392E+00   0.000000 1.000E+00 1.000E+00
   1  190381  1     9.240E-01 0.000E+00 1.000E+00 0.000E+00 0.000E+00 0.000E+00
   1      0.000E+00 0.000E+00 0.000E+00 3.343E+00   0.000000 1.000E+00 1.000E+00
   1  190390  6     0.000E+00 0.000E+00 0.000E+00 0.000E+00 0.000E+00 0.000E+00
   1      0.000E+00 0.000E+00 0.000E+00 0.000E+00  93.258100 1.000E+00 1.000E+00
   1  190400  1     3.946E+16 0.000E+00 1.075E-01 0.000E+00 0.000E+00 0.000E+00
   1      8.925E-01 0.000E+00 0.000E+00 6.753E-01   0.011700 1.000E+00 1.000E+00
   1  190410  6     0.000E+00 0.000E+00 0.000E+00 0.000E+00 0.000E+00 0.000E+00
   1      0.000E+00 0.000E+00 0.000E+00 0.000E+00   6.730200 1.000E+00 1.000E+00
   1  190420  1     4.449E+04 0.000E+00 0.000E+00 0.000E+00 0.000E+00 0.000E+00
   1      1.000E+00 0.000E+00 0.000E+00 1.697E+00   0.000000 1.000E+00 1.000E+00
   1  190430  1     7.992E+04 0.000E+00 0.000E+00 0.000E+00 0.000E+00 0.000E+00
   1      1.000E+00 0.000E+00 0.000E+00 1.276E+00   0.000000 1.000E+00 1.000E+00
   1  190440  1     1.328E+03 0.000E+00 0.000E+00 0.000E+00 0.000E+00 0.000E+00
   1      1.000E+00 0.000E+00 0.000E+00 3.827E+00   0.000000 1.000E+00 1.000E+00
   1  190450  1     1.069E+03 0.000E+00 0.000E+00 0.000E+00 0.000E+00 0.000E+00
   1      1.000E+00 0.000E+00 0.000E+00 2.818E+00   0.000000 1.000E+00 1.000E+00
   1  190460  1     1.050E+02 0.000E+00 0.000E+00 0.000E+00 0.000E+00 0.000E+00
   1      1.000E+00 0.000E+00 0.000E+00 4.971E+00   0.000000 1.000E+00 1.000E+00
   1  190470  1     1.750E+01 0.000E+00 0.000E+00 0.000E+00 0.000E+00 0.000E+00
   1      1.000E+00 0.000E+00 0.000E+00 4.433E+00   0.000000 1.000E+00 1.000E+00
   1  190480  1     6.800E+00 0.000E+00 0.000E+00 0.000E+00 0.000E+00 0.000E+00
   1      1.000E+00 0.000E+00 0.000E+00 9.112E+00   0.000000 1.000E+00 1.000E+00
   1  190490  1     1.260E+00 0.000E+00 0.000E+00 0.000E+00 0.000E+00 0.000E+00
   1      1.400E-01 0.000E+00 8.600E-01 4.779E+00   0.000000 1.000E+00 1.000E+00
   1  190500  1     4.720E-01 0.000E+00 0.000E+00 0.000E+00 0.000E+00 0.000E+00
   1      7.100E-01 0.000E+00 2.900E-01 8.442E+00   0.000000 1.000E+00 1.000E+00
   1  190510  1     3.650E-01 0.000E+00 0.000E+00 0.000E+00 0.000E+00 0.000E+00
   1      5.300E-01 0.000E+00 4.700E-01 8.246E+00   0.000000 1.000E+00 1.000E+00
   1  190520  1     1.050E-01 0.000E+00 0.000E+00 0.000E+00 0.000E+00 0.000E+00
   1      2.100E-01 0.000E+00 6.400E-01 8.332E+00   0.000000 1.000E+00 1.000E+00
   1  190530  1     3.000E-02 0.000E+00 0.000E+00 0.000E+00 0.000E+00 0.000E+00
   1      1.700E-01 0.000E+00 6.700E-01 8.930E+00   0.000000 1.000E+00 1.000E+00
   1  190540  1     1.000E-02 0.000E+00 0.000E+00 0.000E+00 0.000E+00 0.000E+00
   1      1.000E+00 0.000E+00 0.000E+00 1.233E+01   0.000000 1.000E+00 1.000E+00
   1  190550  1     3.000E-03 0.000E+00 0.000E+00 0.000E+00 0.000E+00 0.000E+00
   1      1.000E+00 0.000E+00 0.000E+00 1.190E+01   0.000000 1.000E+00 1.000E+00
   1  200340  1     3.500E-08 0.000E+00 0.000E+00 0.000E+00 0.000E+00 0.000E+00
   1      0.000E+00 0.000E+00 0.000E+00 7.722E-01   0.000000 1.000E+00 1.000E+00
   1  200350  1     2.570E-02 0.000E+00 4.200E-02 0.000E+00 0.000E+00 0.000E+00
   1      0.000E+00 0.000E+00 0.000E+00 1.162E+01   0.000000 1.000E+00 1.000E+00
   1  200360  1     1.020E-01 0.000E+00 5.680E-01 0.000E+00 0.000E+00 0.000E+00
   1      0.000E+00 0.000E+00 0.000E+00 7.134E+00   0.000000 1.000E+00 1.000E+00
   1  200370  1     1.811E-01 0.000E+00 8.210E-01 0.000E+00 0.000E+00 0.000E+00
   1      0.000E+00 0.000E+00 0.000E+00 7.411E+00   0.000000 1.000E+00 1.000E+00
   1  200380  1     4.400E-01 0.000E+00 1.000E+00 9.996E-01 0.000E+00 0.000E+00
   1      0.000E+00 0.000E+00 0.000E+00 3.797E+00   0.000000 1.000E+00 1.000E+00
   1  200390  1     8.596E-01 0.000E+00 1.000E+00 0.000E+00 0.000E+00 0.000E+00
   1      0.000E+00 0.000E+00 0.000E+00 3.582E+00   0.000000 1.000E+00 1.000E+00
   1  200400  6     0.000E+00 0.000E+00 0.000E+00 0.000E+00 0.000E+00 0.000E+00
   1      0.000E+00 0.000E+00 0.000E+00 0.000E+00  96.941000 1.000E+00 1.000E+00
   1  200410  1     3.162E+12 0.000E+00 1.000E+00 0.000E+00 0.000E+00 0.000E+00
   1      0.000E+00 0.000E+00 0.000E+00 2.696E-03   0.000000 1.000E+00 1.000E+00
   1  200420  6     0.000E+00 0.000E+00 0.000E+00 0.000E+00 0.000E+00 0.000E+00
   1      0.000E+00 0.000E+00 0.000E+00 0.000E+00   0.647000 1.000E+00 1.000E+00
   1  200430  6     0.000E+00 0.000E+00 0.000E+00 0.000E+00 0.000E+00 0.000E+00
   1      0.000E+00 0.000E+00 0.000E+00 0.000E+00   0.135000 1.000E+00 1.000E+00
   1  200440  6     0.000E+00 0.000E+00 0.000E+00 0.000E+00 0.000E+00 0.000E+00
   1      0.000E+00 0.000E+00 0.000E+00 0.000E+00   2.086000 1.000E+00 1.000E+00
   1  200450  1     1.405E+07 2.000E-05 0.000E+00 0.000E+00 0.000E+00 0.000E+00
   1      1.000E+00 0.000E+00 0.000E+00 7.756E-02   0.000000 1.000E+00 1.000E+00
   1  200460  6     0.000E+00 0.000E+00 0.000E+00 0.000E+00 0.000E+00 0.000E+00
   1      0.000E+00 0.000E+00 0.000E+00 0.000E+00   0.004000 1.000E+00 1.000E+00
   1  200470  1     3.921E+05 0.000E+00 0.000E+00 0.000E+00 0.000E+00 0.000E+00
   1      1.000E+00 0.000E+00 0.000E+00 1.405E+00   0.000000 1.000E+00 1.000E+00
   1  200480  1     1.673E+27 0.000E+00 0.000E+00 0.000E+00 0.000E+00 0.000E+00
   1      5.000E-01 0.000E+00 0.000E+00 2.231E+00   0.187000 1.000E+00 1.000E+00
   1  200490  1     5.232E+02 0.000E+00 0.000E+00 0.000E+00 0.000E+00 0.000E+00
   1      1.000E+00 0.000E+00 0.000E+00 4.037E+00   0.000000 1.000E+00 1.000E+00
   1  200500  1     1.390E+01 1.000E+00 0.000E+00 0.000E+00 0.000E+00 0.000E+00
   1      1.000E+00 0.000E+00 0.000E+00 3.139E+00   0.000000 1.000E+00 1.000E+00
   1  200510  1     1.000E+01 0.000E+00 0.000E+00 0.000E+00 0.000E+00 0.000E+00
   1      1.000E+00 0.000E+00 0.000E+00 4.905E+00   0.000000 1.000E+00 1.000E+00
   1  200520  1     4.600E+00 0.000E+00 0.000E+00 0.000E+00 0.000E+00 0.000E+00
   1      9.800E-01 0.000E+00 2.000E-02 5.168E+00   0.000000 1.000E+00 1.000E+00
   1  200530  1     9.000E-02 0.000E+00 0.000E+00 0.000E+00 0.000E+00 0.000E+00
   1      7.000E-01 0.000E+00 3.000E-01 5.523E+00   0.000000 1.000E+00 1.000E+00
   1  200540  1     5.000E-02 0.000E+00 0.000E+00 0.000E+00 0.000E+00 0.000E+00
   1      1.000E+00 0.000E+00 0.000E+00 6.887E+00   0.000000 1.000E+00 1.000E+00
   1  200550  1     3.000E-02 0.000E+00 0.000E+00 0.000E+00 0.000E+00 0.000E+00
   1      1.000E+00 0.000E+00 0.000E+00 7.640E+00   0.000000 1.000E+00 1.000E+00
   1  200560  1     1.000E-02 0.000E+00 0.000E+00 0.000E+00 0.000E+00 0.000E+00
   1      1.000E+00 0.000E+00 0.000E+00 7.887E+00   0.000000 1.000E+00 1.000E+00
   1  200570  1     5.000E-03 0.000E+00 0.000E+00 0.000E+00 0.000E+00 0.000E+00
   1      1.000E+00 0.000E+00 0.000E+00 9.047E+00   0.000000 1.000E+00 1.000E+00
   1  210360  1     1.000E-09 0.000E+00 0.000E+00 0.000E+00 0.000E+00 0.000E+00
   1      0.000E+00 0.000E+00 0.000E+00 2.011E+00   0.000000 1.000E+00 1.000E+00
   1  210370  1     1.000E-09 0.000E+00 0.000E+00 0.000E+00 0.000E+00 0.000E+00
   1      0.000E+00 0.000E+00 0.000E+00 1.991E+00   0.000000 1.000E+00 1.000E+00
   1  210380  1     3.000E-07 0.000E+00 0.000E+00 0.000E+00 0.000E+00 0.000E+00
   1      0.000E+00 0.000E+00 0.000E+00 9.330E-01   0.000000 1.000E+00 1.000E+00
   1  210390  1     3.000E-07 0.000E+00 0.000E+00 0.000E+00 0.000E+00 0.000E+00
   1      0.000E+00 0.000E+00 0.000E+00 6.020E-01   0.000000 1.000E+00 1.000E+00
   1  210400  1     1.823E-01 0.000E+00 1.000E+00 0.000E+00 0.000E+00 0.000E+00
   1      0.000E+00 0.000E+00 0.000E+00 1.044E+01   0.000000 1.000E+00 1.000E+00
   1  210410  1     5.963E-01 0.000E+00 1.000E+00 0.000E+00 0.000E+00 0.000E+00
   1      0.000E+00 0.000E+00 0.000E+00 3.563E+00   0.000000 1.000E+00 1.000E+00
   1  210420  1     6.808E-01 0.000E+00 1.000E+00 0.000E+00 0.000E+00 0.000E+00
   1      0.000E+00 0.000E+00 0.000E+00 3.529E+00   0.000000 1.000E+00 1.000E+00
   1  210421  1     6.200E+01 0.000E+00 1.000E+00 0.000E+00 0.000E+00 0.000E+00
   1      0.000E+00 0.000E+00 0.000E+00 5.460E+00   0.000000 1.000E+00 1.000E+00
   1  210430  1     1.401E+04 0.000E+00 1.000E+00 0.000E+00 0.000E+00 0.000E+00
   1      0.000E+00 0.000E+00 0.000E+00 1.405E+00   0.000000 1.000E+00 1.000E+00
   1  210440  1     1.429E+04 0.000E+00 1.000E+00 0.000E+00 0.000E+00 0.000E+00
   1      0.000E+00 0.000E+00 0.000E+00 2.732E+00   0.000000 1.000E+00 1.000E+00
   1  210441  1     2.110E+05 0.000E+00 1.230E-02 0.000E+00 0.000E+00 9.877E-01
   1      0.000E+00 0.000E+00 0.000E+00 3.081E-01   0.000000 1.000E+00 1.000E+00
   1  210450  6     0.000E+00 0.000E+00 0.000E+00 0.000E+00 0.000E+00 0.000E+00
   1      0.000E+00 0.000E+00 0.000E+00 0.000E+00 100.000000 1.000E+00 1.000E+00
   1  210451  1     3.250E-01 0.000E+00 0.000E+00 0.000E+00 0.000E+00 1.000E+00
   1      0.000E+00 0.000E+00 0.000E+00 1.241E-02   0.000000 1.000E+00 1.000E+00
   1  210460  1     7.239E+06 0.000E+00 0.000E+00 0.000E+00 0.000E+00 0.000E+00
   1      1.000E+00 0.000E+00 0.000E+00 2.121E+00   0.000000 1.000E+00 1.000E+00
   1  210461  1     1.870E+01 0.000E+00 0.000E+00 0.000E+00 0.000E+00 1.000E+00
   1      0.000E+00 0.000E+00 0.000E+00 1.419E-01   0.000000 1.000E+00 1.000E+00
   1  210470  1     2.893E+05 0.000E+00 0.000E+00 0.000E+00 0.000E+00 0.000E+00
   1      1.000E+00 0.000E+00 0.000E+00 2.712E-01   0.000000 1.000E+00 1.000E+00
   1  210480  1     1.572E+05 0.000E+00 0.000E+00 0.000E+00 0.000E+00 0.000E+00
   1      1.000E+00 0.000E+00 0.000E+00 3.569E+00   0.000000 1.000E+00 1.000E+00
   1  210490  1     3.432E+03 0.000E+00 0.000E+00 0.000E+00 0.000E+00 0.000E+00
   1      1.000E+00 0.000E+00 0.000E+00 8.232E-01   0.000000 1.000E+00 1.000E+00
   1  210500  1     1.025E+02 0.000E+00 0.000E+00 0.000E+00 0.000E+00 0.000E+00
   1      1.000E+00 0.000E+00 0.000E+00 4.822E+00   0.000000 1.000E+00 1.000E+00
   1  210501  1     3.500E-01 0.000E+00 0.000E+00 0.000E+00 0.000E+00 9.875E-01
   1      1.250E-02 0.000E+00 0.000E+00 3.051E-01   0.000000 1.000E+00 1.000E+00
   1  210510  1     1.240E+01 0.000E+00 0.000E+00 0.000E+00 0.000E+00 0.000E+00
   1      1.000E+00 0.000E+00 0.000E+00 4.192E+00   0.000000 1.000E+00 1.000E+00
   1  210520  1     8.200E+00 0.000E+00 0.000E+00 0.000E+00 0.000E+00 0.000E+00
   1      1.000E+00 0.000E+00 0.000E+00 5.758E+00   0.000000 1.000E+00 1.000E+00
   1  210530  1     3.000E+00 0.000E+00 0.000E+00 0.000E+00 0.000E+00 0.000E+00
   1      1.000E+00 0.000E+00 0.000E+00 6.140E+00   0.000000 1.000E+00 1.000E+00
   1  210540  1     2.600E-01 0.000E+00 0.000E+00 0.000E+00 0.000E+00 0.000E+00
   1      1.000E+00 0.000E+00 0.000E+00 7.580E+00   0.000000 1.000E+00 1.000E+00
   1  210550  1     1.200E-01 0.000E+00 0.000E+00 0.000E+00 0.000E+00 0.000E+00
   1      1.000E+00 0.000E+00 0.000E+00 8.060E+00   0.000000 1.000E+00 1.000E+00
   1  210560  1     8.000E-02 0.000E+00 0.000E+00 0.000E+00 0.000E+00 0.000E+00
   1      1.000E+00 0.000E+00 0.000E+00 9.113E+00   0.000000 1.000E+00 1.000E+00
   1  210570  1     1.300E-02 0.000E+00 0.000E+00 0.000E+00 0.000E+00 0.000E+00
   1      6.700E-01 0.000E+00 3.300E-01 8.259E+00   0.000000 1.000E+00 1.000E+00
   1  210580  1     1.200E-02 0.000E+00 0.000E+00 0.000E+00 0.000E+00 0.000E+00
   1      1.000E+00 0.000E+00 0.000E+00 1.040E+01   0.000000 1.000E+00 1.000E+00
   1  210590  1     1.000E-02 0.000E+00 0.000E+00 0.000E+00 0.000E+00 0.000E+00
   1      1.000E+00 0.000E+00 0.000E+00 1.012E+01   0.000000 1.000E+00 1.000E+00
   1  210600  1     3.000E-03 0.000E+00 0.000E+00 0.000E+00 0.000E+00 0.000E+00
   1      1.000E+00 0.000E+00 0.000E+00 1.177E+01   0.000000 1.000E+00 1.000E+00
   1  220380  1     1.200E-07 0.000E+00 0.000E+00 0.000E+00 0.000E+00 0.000E+00
   1      0.000E+00 0.000E+00 0.000E+00 9.620E-01   0.000000 1.000E+00 1.000E+00
   1  220390  1     3.100E-02 0.000E+00 1.500E-01 0.000E+00 0.000E+00 0.000E+00
   1      0.000E+00 0.000E+00 0.000E+00 1.169E+01   0.000000 1.000E+00 1.000E+00
   1  220400  1     5.330E-02 0.000E+00 1.000E+00 0.000E+00 0.000E+00 0.000E+00
   1      0.000E+00 0.000E+00 0.000E+00 8.352E+00   0.000000 1.000E+00 1.000E+00
   1  220410  1     8.090E-02 0.000E+00 1.000E+00 0.000E+00 0.000E+00 0.000E+00
   1      0.000E+00 0.000E+00 0.000E+00 8.893E+00   0.000000 1.000E+00 1.000E+00
   1  220420  1     1.990E-01 0.000E+00 1.000E+00 0.000E+00 0.000E+00 0.000E+00
   1      0.000E+00 0.000E+00 0.000E+00 4.023E+00   0.000000 1.000E+00 1.000E+00
   1  220430  1     5.090E-01 0.000E+00 1.000E+00 0.000E+00 0.000E+00 0.000E+00
   1      0.000E+00 0.000E+00 0.000E+00 3.839E+00   0.000000 1.000E+00 1.000E+00
   1  220440  1     1.893E+09 0.000E+00 1.000E+00 0.000E+00 0.000E+00 0.000E+00
   1      0.000E+00 0.000E+00 0.000E+00 1.503E-01   0.000000 1.000E+00 1.000E+00
   1  220450  1     1.109E+04 0.000E+00 1.000E+00 0.000E+00 0.000E+00 0.000E+00
   1      0.000E+00 0.000E+00 0.000E+00 1.245E+00   0.000000 1.000E+00 1.000E+00
   1  220460  6     0.000E+00 0.000E+00 0.000E+00 0.000E+00 0.000E+00 0.000E+00
   1      0.000E+00 0.000E+00 0.000E+00 0.000E+00   8.250000 1.000E+00 1.000E+00
   1  220470  6     0.000E+00 0.000E+00 0.000E+00 0.000E+00 0.000E+00 0.000E+00
   1      0.000E+00 0.000E+00 0.000E+00 0.000E+00   7.440000 1.000E+00 1.000E+00
   1  220480  6     0.000E+00 0.000E+00 0.000E+00 0.000E+00 0.000E+00 0.000E+00
   1      0.000E+00 0.000E+00 0.000E+00 0.000E+00  73.720000 1.000E+00 1.000E+00
   1  220490  6     0.000E+00 0.000E+00 0.000E+00 0.000E+00 0.000E+00 0.000E+00
   1      0.000E+00 0.000E+00 0.000E+00 0.000E+00   5.410000 1.000E+00 1.000E+00
   1  220500  6     0.000E+00 0.000E+00 0.000E+00 0.000E+00 0.000E+00 0.000E+00
   1      0.000E+00 0.000E+00 0.000E+00 0.000E+00   5.180000 1.000E+00 1.000E+00
   1  220510  1     3.480E+02 0.000E+00 0.000E+00 0.000E+00 0.000E+00 0.000E+00
   1      1.000E+00 0.000E+00 0.000E+00 1.233E+00   0.000000 1.000E+00 1.000E+00
   1  220520  1     1.020E+02 0.000E+00 0.000E+00 0.000E+00 0.000E+00 0.000E+00
   1      1.000E+00 0.000E+00 0.000E+00 8.695E-01   0.000000 1.000E+00 1.000E+00
   1  220530  1     3.270E+01 0.000E+00 0.000E+00 0.000E+00 0.000E+00 0.000E+00
   1      1.000E+00 0.000E+00 0.000E+00 3.346E+00   0.000000 1.000E+00 1.000E+00
   1  220540  1     1.500E+00 0.000E+00 0.000E+00 0.000E+00 0.000E+00 0.000E+00
   1      1.000E+00 0.000E+00 0.000E+00 2.867E+00   0.000000 1.000E+00 1.000E+00
   1  220550  1     4.900E-01 0.000E+00 0.000E+00 0.000E+00 0.000E+00 0.000E+00
   1      1.000E+00 0.000E+00 0.000E+00 4.987E+00   0.000000 1.000E+00 1.000E+00
   1  220560  1     1.640E-01 0.000E+00 0.000E+00 0.000E+00 0.000E+00 0.000E+00
   1      1.000E+00 0.000E+00 0.000E+00 4.760E+00   0.000000 1.000E+00 1.000E+00
   1  220570  1     6.000E-02 0.000E+00 0.000E+00 0.000E+00 0.000E+00 0.000E+00
   1      9.970E-01 0.000E+00 3.000E-03 7.089E+00   0.000000 1.000E+00 1.000E+00
   1  220580  1     5.400E-02 0.000E+00 0.000E+00 0.000E+00 0.000E+00 0.000E+00
   1      1.000E+00 0.000E+00 0.000E+00 6.293E+00   0.000000 1.000E+00 1.000E+00
   1  220590  1     3.000E-02 0.000E+00 0.000E+00 0.000E+00 0.000E+00 0.000E+00
   1      1.000E+00 0.000E+00 0.000E+00 7.900E+00   0.000000 1.000E+00 1.000E+00
   1  220600  1     2.200E-02 0.000E+00 0.000E+00 0.000E+00 0.000E+00 0.000E+00
   1      1.000E+00 0.000E+00 0.000E+00 7.287E+00   0.000000 1.000E+00 1.000E+00
   1  220610  1     1.000E-02 0.000E+00 0.000E+00 0.000E+00 0.000E+00 0.000E+00
   1      1.000E+00 0.000E+00 0.000E+00 9.140E+00   0.000000 1.000E+00 1.000E+00
   1  220620  1     1.000E-02 0.000E+00 0.000E+00 0.000E+00 0.000E+00 0.000E+00
   1      1.000E+00 0.000E+00 0.000E+00 8.513E+00   0.000000 1.000E+00 1.000E+00
   1  220630  1     3.000E-03 0.000E+00 0.000E+00 0.000E+00 0.000E+00 0.000E+00
   1      1.000E+00 0.000E+00 0.000E+00 1.047E+01   0.000000 1.000E+00 1.000E+00
   1  230400  1     1.000E-09 0.000E+00 0.000E+00 0.000E+00 0.000E+00 0.000E+00
   1      0.000E+00 0.000E+00 0.000E+00 1.541E+00   0.000000 1.000E+00 1.000E+00
   1  230410  1     1.000E-09 0.000E+00 0.000E+00 0.000E+00 0.000E+00 0.000E+00
   1      0.000E+00 0.000E+00 0.000E+00 1.351E+00   0.000000 1.000E+00 1.000E+00
   1  230420  1     5.500E-08 0.000E+00 0.000E+00 0.000E+00 0.000E+00 0.000E+00
   1      0.000E+00 0.000E+00 0.000E+00 2.410E-01   0.000000 1.000E+00 1.000E+00
   1  230430  1     8.000E-02 0.000E+00 1.000E+00 0.000E+00 0.000E+00 0.000E+00
   1      0.000E+00 0.000E+00 0.000E+00 7.534E+00   0.000000 1.000E+00 1.000E+00
   1  230440  1     1.110E-01 0.000E+00 1.000E+00 0.000E+00 0.000E+00 0.000E+00
   1      0.000E+00 0.000E+00 0.000E+00 8.744E+00   0.000000 1.000E+00 1.000E+00
   1  230441  1     1.500E-01 0.000E+00 1.000E+00 0.000E+00 0.000E+00 0.000E+00
   1      0.000E+00 0.000E+00 0.000E+00 9.132E+00   0.000000 1.000E+00 1.000E+00
   1  230450  1     5.470E-01 0.000E+00 1.000E+00 0.000E+00 0.000E+00 0.000E+00
   1      0.000E+00 0.000E+00 0.000E+00 3.874E+00   0.000000 1.000E+00 1.000E+00
   1  230460  1     4.225E-01 0.000E+00 1.000E+00 0.000E+00 0.000E+00 0.000E+00
   1      0.000E+00 0.000E+00 0.000E+00 3.836E+00   0.000000 1.000E+00 1.000E+00
   1  230461  1     1.020E-03 0.000E+00 0.000E+00 0.000E+00 0.000E+00 1.000E+00
   1      0.000E+00 0.000E+00 0.000E+00 8.011E-01   0.000000 1.000E+00 1.000E+00
   1  230470  1     1.956E+03 0.000E+00 1.000E+00 0.000E+00 0.000E+00 0.000E+00
   1      0.000E+00 0.000E+00 0.000E+00 1.798E+00   0.000000 1.000E+00 1.000E+00
   1  230480  1     1.380E+06 0.000E+00 1.000E+00 0.000E+00 0.000E+00 0.000E+00
   1      0.000E+00 0.000E+00 0.000E+00 3.065E+00   0.000000 1.000E+00 1.000E+00
   1  230490  1     2.851E+07 0.000E+00 1.000E+00 0.000E+00 0.000E+00 0.000E+00
   1      0.000E+00 0.000E+00 0.000E+00 4.530E-03   0.000000 1.000E+00 1.000E+00
   1  230500  1     4.418E+24 0.000E+00 8.300E-01 0.000E+00 0.000E+00 0.000E+00
   1      1.700E-01 0.000E+00 0.000E+00 1.439E+00   0.250000 1.000E+00 1.000E+00
   1  230510  6     0.000E+00 0.000E+00 0.000E+00 0.000E+00 0.000E+00 0.000E+00
   1      0.000E+00 0.000E+00 0.000E+00 0.000E+00  99.750000 1.000E+00 1.000E+00
   1  230520  1     2.247E+02 0.000E+00 0.000E+00 0.000E+00 0.000E+00 0.000E+00
   1      1.000E+00 0.000E+00 0.000E+00 2.513E+00   0.000000 1.000E+00 1.000E+00
   1  230530  1     9.720E+01 0.000E+00 0.000E+00 0.000E+00 0.000E+00 0.000E+00
   1      1.000E+00 0.000E+00 0.000E+00 2.047E+00   0.000000 1.000E+00 1.000E+00
   1  230540  1     4.980E+01 0.000E+00 0.000E+00 0.000E+00 0.000E+00 0.000E+00
   1      1.000E+00 0.000E+00 0.000E+00 5.455E+00   0.000000 1.000E+00 1.000E+00
   1  230550  1     6.540E+00 0.000E+00 0.000E+00 0.000E+00 0.000E+00 0.000E+00
   1      1.000E+00 0.000E+00 0.000E+00 3.072E+00   0.000000 1.000E+00 1.000E+00
   1  230560  1     2.160E-01 0.000E+00 0.000E+00 0.000E+00 0.000E+00 0.000E+00
   1      1.000E+00 0.000E+00 0.000E+00 6.134E+00   0.000000 1.000E+00 1.000E+00
   1  230570  1     3.500E-01 0.000E+00 0.000E+00 0.000E+00 0.000E+00 0.000E+00
   1      9.960E-01 0.000E+00 4.000E-03 5.543E+00   0.000000 1.000E+00 1.000E+00
   1  230580  1     1.910E-01 0.000E+00 0.000E+00 0.000E+00 0.000E+00 0.000E+00
   1      2.000E-01 0.000E+00 8.000E-01 4.095E+00   0.000000 1.000E+00 1.000E+00
   1  230590  1     7.500E-02 0.000E+00 0.000E+00 0.000E+00 0.000E+00 0.000E+00
   1      1.000E+00 0.000E+00 0.000E+00 7.213E+00   0.000000 1.000E+00 1.000E+00
   1  230600  1     1.220E-01 0.000E+00 0.000E+00 0.000E+00 0.000E+00 0.000E+00
   1      1.000E+00 0.000E+00 0.000E+00 9.280E+00   0.000000 1.000E+00 1.000E+00
   1  230610  1     4.700E-02 0.000E+00 0.000E+00 0.000E+00 0.000E+00 0.000E+00
   1      9.400E-01 0.000E+00 6.000E-02 8.442E+00   0.000000 1.000E+00 1.000E+00
   1  230620  1     3.350E-02 0.000E+00 0.000E+00 0.000E+00 0.000E+00 0.000E+00
   1      1.000E+00 0.000E+00 0.000E+00 1.066E+01   0.000000 1.000E+00 1.000E+00
   1  230630  1     1.700E-02 0.000E+00 0.000E+00 0.000E+00 0.000E+00 0.000E+00
   1      6.500E-01 0.000E+00 3.500E-01 9.335E+00   0.000000 1.000E+00 1.000E+00
   1  230640  1     1.000E-02 0.000E+00 0.000E+00 0.000E+00 0.000E+00 0.000E+00
   1      1.000E+00 0.000E+00 0.000E+00 1.183E+01   0.000000 1.000E+00 1.000E+00
   1  230650  1     1.000E-02 0.000E+00 0.000E+00 0.000E+00 0.000E+00 0.000E+00
   1      1.000E+00 0.000E+00 0.000E+00 1.103E+01   0.000000 1.000E+00 1.000E+00
   1  240420  1     1.400E-02 0.000E+00 1.000E+00 0.000E+00 0.000E+00 0.000E+00
   1      0.000E+00 0.000E+00 0.000E+00 9.440E+00   0.000000 1.000E+00 1.000E+00
   1  240430  1     2.160E-02 0.000E+00 6.000E-02 0.000E+00 0.000E+00 0.000E+00
   1      0.000E+00 0.000E+00 0.000E+00 1.077E+01   0.000000 1.000E+00 1.000E+00
   1  240440  1     5.400E-02 0.000E+00 7.000E-02 0.000E+00 0.000E+00 0.000E+00
   1      0.000E+00 0.000E+00 0.000E+00 7.059E+00   0.000000 1.000E+00 1.000E+00
   1  240450  1     5.000E-02 0.000E+00 2.700E-01 0.000E+00 0.000E+00 0.000E+00
   1      0.000E+00 0.000E+00 0.000E+00 8.569E+00   0.000000 1.000E+00 1.000E+00
   1  240451  1     1.000E-03 0.000E+00 5.000E-01 0.000E+00 0.000E+00 5.000E-01
   1      0.000E+00 0.000E+00 0.000E+00 4.345E+00   0.000000 1.000E+00 1.000E+00
   1  240460  1     2.600E-01 0.000E+00 1.000E+00 0.000E+00 0.000E+00 0.000E+00
   1      0.000E+00 0.000E+00 0.000E+00 4.112E+00   0.000000 1.000E+00 1.000E+00
   1  240470  1     5.000E-01 0.000E+00 1.000E+00 0.000E+00 0.000E+00 0.000E+00
   1      0.000E+00 0.000E+00 0.000E+00 4.035E+00   0.000000 1.000E+00 1.000E+00
   1  240480  1     7.762E+04 0.000E+00 1.000E+00 0.000E+00 0.000E+00 0.000E+00
   1      0.000E+00 0.000E+00 0.000E+00 4.422E-01   0.000000 1.000E+00 1.000E+00
   1  240490  1     2.514E+03 0.000E+00 1.000E+00 0.000E+00 0.000E+00 0.000E+00
   1      0.000E+00 0.000E+00 0.000E+00 1.644E+00   0.000000 1.000E+00 1.000E+00
   1  240500  1     5.680E+24 0.000E+00 1.000E+00 0.000E+00 0.000E+00 0.000E+00
   1      0.000E+00 0.000E+00 0.000E+00 1.167E+00   4.345000 1.000E+00 1.000E+00
   1  240510  1     2.394E+06 0.000E+00 1.000E+00 0.000E+00 0.000E+00 0.000E+00
   1      0.000E+00 0.000E+00 0.000E+00 3.644E-02   0.000000 1.000E+00 1.000E+00
   1  240520  6     0.000E+00 0.000E+00 0.000E+00 0.000E+00 0.000E+00 0.000E+00
   1      0.000E+00 0.000E+00 0.000E+00 0.000E+00  83.789000 1.000E+00 1.000E+00
   1  240530  6     0.000E+00 0.000E+00 0.000E+00 0.000E+00 0.000E+00 0.000E+00
   1      0.000E+00 0.000E+00 0.000E+00 0.000E+00   9.501000 1.000E+00 1.000E+00
   1  240540  6     0.000E+00 0.000E+00 0.000E+00 0.000E+00 0.000E+00 0.000E+00
   1      0.000E+00 0.000E+00 0.000E+00 0.000E+00   2.365000 1.000E+00 1.000E+00
   1  240550  1     2.124E+02 0.000E+00 0.000E+00 0.000E+00 0.000E+00 0.000E+00
   1      1.000E+00 0.000E+00 0.000E+00 1.101E+00   0.000000 1.000E+00 1.000E+00
   1  240560  1     3.564E+02 0.000E+00 0.000E+00 0.000E+00 0.000E+00 0.000E+00
   1      1.000E+00 0.000E+00 0.000E+00 6.983E-01   0.000000 1.000E+00 1.000E+00
   1  240570  1     2.110E+01 0.000E+00 0.000E+00 0.000E+00 0.000E+00 0.000E+00
   1      1.000E+00 0.000E+00 0.000E+00 2.411E+00   0.000000 1.000E+00 1.000E+00
   1  240580  1     7.000E+00 0.000E+00 0.000E+00 0.000E+00 0.000E+00 0.000E+00
   1      1.000E+00 0.000E+00 0.000E+00 2.720E+00   0.000000 1.000E+00 1.000E+00
   1  240590  1     4.600E-01 0.000E+00 0.000E+00 0.000E+00 0.000E+00 0.000E+00
   1      1.000E+00 0.000E+00 0.000E+00 5.060E+00   0.000000 1.000E+00 1.000E+00
   1  240600  1     5.600E-01 0.000E+00 0.000E+00 0.000E+00 0.000E+00 0.000E+00
   1      1.000E+00 0.000E+00 0.000E+00 4.453E+00   0.000000 1.000E+00 1.000E+00
   1  240610  1     2.610E-01 0.000E+00 0.000E+00 0.000E+00 0.000E+00 0.000E+00
   1      1.000E+00 0.000E+00 0.000E+00 6.253E+00   0.000000 1.000E+00 1.000E+00
   1  240620  1     1.990E-01 5.000E-01 0.000E+00 0.000E+00 0.000E+00 0.000E+00
   1      1.000E+00 0.000E+00 0.000E+00 5.086E+00   0.000000 1.000E+00 1.000E+00
   1  240630  1     1.290E-01 0.000E+00 0.000E+00 0.000E+00 0.000E+00 0.000E+00
   1      1.000E+00 0.000E+00 0.000E+00 7.213E+00   0.000000 1.000E+00 1.000E+00
   1  240640  1     4.300E-02 0.000E+00 0.000E+00 0.000E+00 0.000E+00 0.000E+00
   1      1.000E+00 0.000E+00 0.000E+00 6.313E+00   0.000000 1.000E+00 1.000E+00
   1  240650  1     2.700E-02 0.000E+00 0.000E+00 0.000E+00 0.000E+00 0.000E+00
   1      1.000E+00 0.000E+00 0.000E+00 8.580E+00   0.000000 1.000E+00 1.000E+00
   1  240660  1     1.000E-02 0.000E+00 0.000E+00 0.000E+00 0.000E+00 0.000E+00
   1      1.000E+00 0.000E+00 0.000E+00 7.633E+00   0.000000 1.000E+00 1.000E+00
   1  240670  1     1.000E-02 0.000E+00 0.000E+00 0.000E+00 0.000E+00 0.000E+00
   1      1.000E+00 0.000E+00 0.000E+00 9.567E+00   0.000000 1.000E+00 1.000E+00
   1  250440  1     1.050E-07 0.000E+00 0.000E+00 0.000E+00 0.000E+00 0.000E+00
   1      0.000E+00 0.000E+00 0.000E+00 1.241E+00   0.000000 1.000E+00 1.000E+00
   1  250450  1     7.000E-08 0.000E+00 0.000E+00 0.000E+00 0.000E+00 0.000E+00
   1      0.000E+00 0.000E+00 0.000E+00 1.061E+00   0.000000 1.000E+00 1.000E+00
   1  250460  1     3.700E-02 0.000E+00 1.800E-01 0.000E+00 0.000E+00 0.000E+00
   1      0.000E+00 0.000E+00 0.000E+00 1.029E+01   0.000000 1.000E+00 1.000E+00
   1  250461  1     1.000E-03 0.000E+00 1.000E+00 0.000E+00 0.000E+00 0.000E+00
   1      0.000E+00 0.000E+00 0.000E+00 1.150E+01   0.000000 1.000E+00 1.000E+00
   1  250470  1     1.000E-01 0.000E+00 3.400E-02 5.000E-01 0.000E+00 0.000E+00
   1      0.000E+00 0.000E+00 0.000E+00 8.102E+00   0.000000 1.000E+00 1.000E+00
   1  250480  1     1.581E-01 0.000E+00 6.000E-06 0.000E+00 0.000E+00 0.000E+00
   1      0.000E+00 0.000E+00 0.000E+00 8.985E+00   0.000000 1.000E+00 1.000E+00
   1  250490  1     3.820E-01 0.000E+00 1.000E+00 0.000E+00 0.000E+00 0.000E+00
   1      0.000E+00 0.000E+00 0.000E+00 4.200E+00   0.000000 1.000E+00 1.000E+00
   1  250500  1     2.832E-01 0.000E+00 1.000E+00 0.000E+00 0.000E+00 0.000E+00
   1      0.000E+00 0.000E+00 0.000E+00 4.124E+00   0.000000 1.000E+00 1.000E+00
   1  250501  1     1.050E+02 0.000E+00 1.000E+00 0.000E+00 0.000E+00 0.000E+00
   1      0.000E+00 0.000E+00 0.000E+00 5.241E+00   0.000000 1.000E+00 1.000E+00
   1  250510  1     2.772E+03 0.000E+00 1.000E+00 0.000E+00 0.000E+00 0.000E+00
   1      0.000E+00 0.000E+00 0.000E+00 1.933E+00   0.000000 1.000E+00 1.000E+00
   1  250520  1     4.834E+05 0.000E+00 1.000E+00 0.000E+00 0.000E+00 0.000E+00
   1      0.000E+00 0.000E+00 0.000E+00 3.533E+00   0.000000 1.000E+00 1.000E+00
   1  250521  1     1.272E+03 0.000E+00 9.825E-01 0.000E+00 0.000E+00 1.750E-02
   1      0.000E+00 0.000E+00 0.000E+00 3.542E+00   0.000000 1.000E+00 1.000E+00
   1  250530  1     1.161E+14 0.000E+00 1.000E+00 0.000E+00 0.000E+00 0.000E+00
   1      0.000E+00 0.000E+00 0.000E+00 5.424E-03   0.000000 1.000E+00 1.000E+00
   1  250540  1     2.697E+07 0.000E+00 1.000E+00 0.000E+00 0.000E+00 0.000E+00
   1      0.000E+00 0.000E+00 0.000E+00 8.400E-01   0.000000 1.000E+00 1.000E+00
   1  250550  6     0.000E+00 0.000E+00 0.000E+00 0.000E+00 0.000E+00 0.000E+00
   1      0.000E+00 0.000E+00 0.000E+00 0.000E+00 100.000000 1.000E+00 1.000E+00
   1  250560  1     9.284E+03 0.000E+00 0.000E+00 0.000E+00 0.000E+00 0.000E+00
   1      1.000E+00 0.000E+00 0.000E+00 2.504E+00   0.000000 1.000E+00 1.000E+00
   1  250570  1     8.540E+01 0.000E+00 0.000E+00 0.000E+00 0.000E+00 0.000E+00
   1      1.000E+00 0.000E+00 0.000E+00 1.204E+00   0.000000 1.000E+00 1.000E+00
   1  250580  1     6.520E+01 0.000E+00 0.000E+00 0.000E+00 0.000E+00 0.000E+00
   1      1.000E+00 0.000E+00 0.000E+00 4.094E+00   0.000000 1.000E+00 1.000E+00
   1  250581  1     2.700E+00 0.000E+00 0.000E+00 0.000E+00 0.000E+00 0.000E+00
   1      1.000E+00 0.000E+00 0.000E+00 2.948E+00   0.000000 1.000E+00 1.000E+00
   1  250590  1     4.590E+00 0.000E+00 0.000E+00 0.000E+00 0.000E+00 0.000E+00
   1      1.000E+00 0.000E+00 0.000E+00 2.598E+00   0.000000 1.000E+00 1.000E+00
   1  250600  1     5.100E+01 0.000E+00 0.000E+00 0.000E+00 0.000E+00 0.000E+00
   1      1.000E+00 0.000E+00 0.000E+00 3.841E+00   0.000000 1.000E+00 1.000E+00
   1  250601  1     1.770E+00 0.000E+00 0.000E+00 0.000E+00 0.000E+00 1.150E-01
   1      8.850E-01 0.000E+00 0.000E+00 5.049E+00   0.000000 1.000E+00 1.000E+00
   1  250610  1     6.700E-01 0.000E+00 0.000E+00 0.000E+00 0.000E+00 0.000E+00
   1      1.000E+00 0.000E+00 0.000E+00 3.386E+00   0.000000 1.000E+00 1.000E+00
   1  250620  1     8.800E-01 0.000E+00 0.000E+00 0.000E+00 0.000E+00 0.000E+00
   1      1.000E+00 0.000E+00 0.000E+00 5.952E+00   0.000000 1.000E+00 1.000E+00
   1  250621  1     9.200E-02 0.000E+00 0.000E+00 0.000E+00 0.000E+00 0.000E+00
   1      1.000E+00 0.000E+00 0.000E+00 7.241E+00   0.000000 1.000E+00 1.000E+00
   1  250630  1     2.750E-01 0.000E+00 0.000E+00 0.000E+00 0.000E+00 0.000E+00
   1      1.000E+00 0.000E+00 0.000E+00 6.133E+00   0.000000 1.000E+00 1.000E+00
   1  250640  1     8.880E-02 0.000E+00 0.000E+00 0.000E+00 0.000E+00 0.000E+00
   1      1.000E+00 0.000E+00 0.000E+00 8.100E+00   0.000000 1.000E+00 1.000E+00
   1  250650  1     9.200E-02 0.000E+00 0.000E+00 0.000E+00 0.000E+00 0.000E+00
   1      1.000E+00 0.000E+00 0.000E+00 6.807E+00   0.000000 1.000E+00 1.000E+00
   1  250660  1     6.440E-02 0.000E+00 0.000E+00 0.000E+00 0.000E+00 0.000E+00
   1      1.000E+00 0.000E+00 0.000E+00 8.880E+00   0.000000 1.000E+00 1.000E+00
   1  250670  1     4.500E-02 0.000E+00 0.000E+00 0.000E+00 0.000E+00 0.000E+00
   1      1.000E+00 0.000E+00 0.000E+00 8.193E+00   0.000000 1.000E+00 1.000E+00
   1  250680  1     2.800E-02 0.000E+00 0.000E+00 0.000E+00 0.000E+00 0.000E+00
   1      1.000E+00 0.000E+00 0.000E+00 9.687E+00   0.000000 1.000E+00 1.000E+00
   1  250690  1     1.400E-02 0.000E+00 0.000E+00 0.000E+00 0.000E+00 0.000E+00
   1      7.600E-01 0.000E+00 2.400E-01 8.394E+00   0.000000 1.000E+00 1.000E+00
   1  260450  1     4.900E-03 0.000E+00 2.500E-01 0.000E+00 0.000E+00 0.000E+00
   1      0.000E+00 0.000E+00 0.000E+00 4.552E+00   0.000000 1.000E+00 1.000E+00
   1  260460  1     9.000E-03 0.000E+00 3.600E-01 5.000E-01 0.000E+00 0.000E+00
   1      0.000E+00 0.000E+00 0.000E+00 8.890E+00   0.000000 1.000E+00 1.000E+00
   1  260470  1     2.180E-02 0.000E+00 8.700E-01 0.000E+00 0.000E+00 0.000E+00
   1      0.000E+00 0.000E+00 0.000E+00 1.151E+01   0.000000 1.000E+00 1.000E+00
   1  260480  1     4.400E-02 0.000E+00 3.600E-02 0.000E+00 0.000E+00 0.000E+00
   1      0.000E+00 0.000E+00 0.000E+00 7.418E+00   0.000000 1.000E+00 1.000E+00
   1  260490  1     7.000E-02 0.000E+00 5.200E-01 0.000E+00 0.000E+00 0.000E+00
   1      0.000E+00 0.000E+00 0.000E+00 8.442E+00   0.000000 1.000E+00 1.000E+00
   1  260500  1     1.550E-01 0.000E+00 1.000E+00 0.000E+00 0.000E+00 0.000E+00
   1      0.000E+00 0.000E+00 0.000E+00 5.431E+00   0.000000 1.000E+00 1.000E+00
   1  260510  1     3.050E-01 0.000E+00 1.000E+00 0.000E+00 0.000E+00 0.000E+00
   1      0.000E+00 0.000E+00 0.000E+00 4.333E+00   0.000000 1.000E+00 1.000E+00
   1  260520  1     2.978E+04 0.000E+00 1.000E+00 1.000E+00 0.000E+00 0.000E+00
   1      0.000E+00 0.000E+00 0.000E+00 9.365E-01   0.000000 1.000E+00 1.000E+00
   1  260521  1     4.590E+01 0.000E+00 1.000E+00 0.000E+00 0.000E+00 0.000E+00
   1      0.000E+00 0.000E+00 0.000E+00 6.868E+00   0.000000 1.000E+00 1.000E+00
   1  260530  1     5.106E+02 0.000E+00 1.000E+00 0.000E+00 0.000E+00 0.000E+00
   1      0.000E+00 0.000E+00 0.000E+00 2.291E+00   0.000000 1.000E+00 1.000E+00
   1  260531  1     1.548E+02 0.000E+00 0.000E+00 0.000E+00 0.000E+00 1.000E+00
   1      0.000E+00 0.000E+00 0.000E+00 3.035E+00   0.000000 1.000E+00 1.000E+00
   1  260540  6     0.000E+00 0.000E+00 0.000E+00 0.000E+00 0.000E+00 0.000E+00
   1      0.000E+00 0.000E+00 0.000E+00 0.000E+00   5.845000 1.000E+00 1.000E+00
   1  260550  1     8.669E+07 0.000E+00 1.000E+00 0.000E+00 0.000E+00 0.000E+00
   1      0.000E+00 0.000E+00 0.000E+00 5.665E-03   0.000000 1.000E+00 1.000E+00
   1  260560  6     0.000E+00 0.000E+00 0.000E+00 0.000E+00 0.000E+00 0.000E+00
   1      0.000E+00 0.000E+00 0.000E+00 0.000E+00  91.754000 1.000E+00 1.000E+00
   1  260570  6     0.000E+00 0.000E+00 0.000E+00 0.000E+00 0.000E+00 0.000E+00
   1      0.000E+00 0.000E+00 0.000E+00 0.000E+00   2.119000 1.000E+00 1.000E+00
   1  260580  6     0.000E+00 0.000E+00 0.000E+00 0.000E+00 0.000E+00 0.000E+00
   1      0.000E+00 0.000E+00 0.000E+00 0.000E+00   0.282000 1.000E+00 1.000E+00
   1  260590  1     3.844E+06 0.000E+00 0.000E+00 0.000E+00 0.000E+00 0.000E+00
   1      1.000E+00 0.000E+00 0.000E+00 1.306E+00   0.000000 1.000E+00 1.000E+00
   1  260600  1     4.734E+13 1.000E+00 0.000E+00 0.000E+00 0.000E+00 0.000E+00
   1      1.000E+00 0.000E+00 0.000E+00 8.767E-02   0.000000 1.000E+00 1.000E+00
   1  260610  1     3.588E+02 0.000E+00 0.000E+00 0.000E+00 0.000E+00 0.000E+00
   1      1.000E+00 0.000E+00 0.000E+00 2.652E+00   0.000000 1.000E+00 1.000E+00
   1  260620  1     6.800E+01 0.000E+00 0.000E+00 0.000E+00 0.000E+00 0.000E+00
   1      1.000E+00 0.000E+00 0.000E+00 1.332E+00   0.000000 1.000E+00 1.000E+00
   1  260630  1     6.100E+00 0.000E+00 0.000E+00 0.000E+00 0.000E+00 0.000E+00
   1      1.000E+00 0.000E+00 0.000E+00 2.922E+00   0.000000 1.000E+00 1.000E+00
   1  260640  1     2.000E+00 0.000E+00 0.000E+00 0.000E+00 0.000E+00 0.000E+00
   1      1.000E+00 0.000E+00 0.000E+00 2.284E+00   0.000000 1.000E+00 1.000E+00
   1  260650  1     1.300E+00 0.000E+00 0.000E+00 0.000E+00 0.000E+00 0.000E+00
   1      1.000E+00 0.000E+00 0.000E+00 5.527E+00   0.000000 1.000E+00 1.000E+00
   1  260660  1     4.400E-01 0.000E+00 0.000E+00 0.000E+00 0.000E+00 0.000E+00
   1      1.000E+00 0.000E+00 0.000E+00 4.360E+00   0.000000 1.000E+00 1.000E+00
   1  260670  1     3.940E-01 0.000E+00 0.000E+00 0.000E+00 0.000E+00 0.000E+00
   1      1.000E+00 0.000E+00 0.000E+00 6.247E+00   0.000000 1.000E+00 1.000E+00
   1  260680  1     1.870E-01 1.000E+00 0.000E+00 0.000E+00 0.000E+00 0.000E+00
   1      1.000E+00 0.000E+00 0.000E+00 5.380E+00   0.000000 1.000E+00 1.000E+00
   1  260690  1     1.090E-01 0.000E+00 0.000E+00 0.000E+00 0.000E+00 0.000E+00
   1      9.300E-01 0.000E+00 0.000E+00 7.440E+00   0.000000 1.000E+00 1.000E+00
   1  260700  1     9.400E-02 1.000E+00 0.000E+00 0.000E+00 0.000E+00 0.000E+00
   1      1.000E+00 0.000E+00 0.000E+00 6.360E+00   0.000000 1.000E+00 1.000E+00
   1  260710  1     3.000E-02 0.000E+00 0.000E+00 0.000E+00 0.000E+00 0.000E+00
   1      1.000E+00 0.000E+00 0.000E+00 8.580E+00   0.000000 1.000E+00 1.000E+00
   1  260720  1     1.000E-02 0.000E+00 0.000E+00 0.000E+00 0.000E+00 0.000E+00
   1      1.000E+00 0.000E+00 0.000E+00 7.333E+00   0.000000 1.000E+00 1.000E+00
   1  270470  1     1.000E-09 0.000E+00 0.000E+00 0.000E+00 0.000E+00 0.000E+00
   1      0.000E+00 0.000E+00 0.000E+00 2.651E+00   0.000000 1.000E+00 1.000E+00
   1  270480  1     1.000E-09 0.000E+00 0.000E+00 0.000E+00 0.000E+00 0.000E+00
   1      0.000E+00 0.000E+00 0.000E+00 9.710E-01   0.000000 1.000E+00 1.000E+00
   1  270490  1     3.500E-08 0.000E+00 0.000E+00 0.000E+00 0.000E+00 0.000E+00
   1      0.000E+00 0.000E+00 0.000E+00 1.291E+00   0.000000 1.000E+00 1.000E+00
   1  270500  1     4.400E-02 0.000E+00 5.400E-01 0.000E+00 0.000E+00 0.000E+00
   1      0.000E+00 0.000E+00 0.000E+00 1.062E+01   0.000000 1.000E+00 1.000E+00
   1  270510  1     6.000E-02 0.000E+00 1.000E+00 0.000E+00 0.000E+00 0.000E+00
   1      0.000E+00 0.000E+00 0.000E+00 8.635E+00   0.000000 1.000E+00 1.000E+00
   1  270520  1     1.150E-01 0.000E+00 1.000E+00 5.000E-01 0.000E+00 0.000E+00
   1      0.000E+00 0.000E+00 0.000E+00 7.338E+00   0.000000 1.000E+00 1.000E+00
   1  270521  1     1.040E-01 0.000E+00 5.000E-01 0.000E+00 0.000E+00 5.000E-01
   1      0.000E+00 0.000E+00 0.000E+00 5.121E+00   0.000000 1.000E+00 1.000E+00
   1  270530  1     2.400E-01 0.000E+00 1.000E+00 0.000E+00 0.000E+00 0.000E+00
   1      0.000E+00 0.000E+00 0.000E+00 4.495E+00   0.000000 1.000E+00 1.000E+00
   1  270531  1     2.470E-01 0.000E+00 9.850E-01 1.000E+00 0.000E+00 0.000E+00
   1      0.000E+00 0.000E+00 0.000E+00 5.576E+00   0.000000 1.000E+00 1.000E+00
   1  270540  1     1.933E-01 0.000E+00 1.000E+00 0.000E+00 0.000E+00 0.000E+00
   1      0.000E+00 0.000E+00 0.000E+00 4.422E+00   0.000000 1.000E+00 1.000E+00
   1  270541  1     8.880E+01 0.000E+00 1.000E+00 0.000E+00 0.000E+00 0.000E+00
   1      0.000E+00 0.000E+00 0.000E+00 5.978E+00   0.000000 1.000E+00 1.000E+00
   1  270550  1     6.311E+04 0.000E+00 1.000E+00 0.000E+00 0.000E+00 0.000E+00
   1      0.000E+00 0.000E+00 0.000E+00 2.444E+00   0.000000 1.000E+00 1.000E+00
   1  270560  1     6.673E+06 0.000E+00 1.000E+00 0.000E+00 0.000E+00 0.000E+00
   1      0.000E+00 0.000E+00 0.000E+00 3.727E+00   0.000000 1.000E+00 1.000E+00
   1  270570  1     2.348E+07 0.000E+00 1.000E+00 0.000E+00 0.000E+00 0.000E+00
   1      0.000E+00 0.000E+00 0.000E+00 1.435E-01   0.000000 1.000E+00 1.000E+00
   1  270580  1     6.121E+06 0.000E+00 1.000E+00 0.000E+00 0.000E+00 0.000E+00
   1      0.000E+00 0.000E+00 0.000E+00 1.009E+00   0.000000 1.000E+00 1.000E+00
   1  270581  1     3.276E+04 0.000E+00 0.000E+00 0.000E+00 0.000E+00 1.000E+00
   1      0.000E+00 0.000E+00 0.000E+00 2.469E-02   0.000000 1.000E+00 1.000E+00
   1  270590  6     0.000E+00 0.000E+00 0.000E+00 0.000E+00 0.000E+00 0.000E+00
   1      0.000E+00 0.000E+00 0.000E+00 0.000E+00 100.000000 1.000E+00 1.000E+00
   1  270600  1     1.663E+08 0.000E+00 0.000E+00 0.000E+00 0.000E+00 0.000E+00
   1      1.000E+00 0.000E+00 0.000E+00 2.600E+00   0.000000 1.000E+00 1.000E+00
   1  270601  1     6.280E+02 0.000E+00 0.000E+00 0.000E+00 0.000E+00 9.976E-01
   1      2.400E-03 0.000E+00 0.000E+00 6.294E-02   0.000000 1.000E+00 1.000E+00
   1  270610  1     5.940E+03 0.000E+00 0.000E+00 0.000E+00 0.000E+00 0.000E+00
   1      1.000E+00 0.000E+00 0.000E+00 5.633E-01   0.000000 1.000E+00 1.000E+00
   1  270620  1     9.240E+01 0.000E+00 0.000E+00 0.000E+00 0.000E+00 0.000E+00
   1      1.000E+00 0.000E+00 0.000E+00 3.207E+00   0.000000 1.000E+00 1.000E+00
   1  270621  1     8.346E+02 0.000E+00 0.000E+00 0.000E+00 0.000E+00 1.000E-02
   1      9.900E-01 0.000E+00 0.000E+00 3.522E+00   0.000000 1.000E+00 1.000E+00
   1  270630  1     2.740E+01 0.000E+00 0.000E+00 0.000E+00 0.000E+00 0.000E+00
   1      1.000E+00 0.000E+00 0.000E+00 1.712E+00   0.000000 1.000E+00 1.000E+00
   1  270640  1     3.000E-01 0.000E+00 0.000E+00 0.000E+00 0.000E+00 0.000E+00
   1      1.000E+00 0.000E+00 0.000E+00 3.470E+00   0.000000 1.000E+00 1.000E+00
   1  270650  1     1.200E+00 0.000E+00 0.000E+00 0.000E+00 0.000E+00 0.000E+00
   1      1.000E+00 0.000E+00 0.000E+00 2.780E+00   0.000000 1.000E+00 1.000E+00
   1  270660  1     2.000E-01 0.000E+00 0.000E+00 0.000E+00 0.000E+00 0.000E+00
   1      1.000E+00 0.000E+00 0.000E+00 5.892E+00   0.000000 1.000E+00 1.000E+00
   1  270670  1     4.250E-01 0.000E+00 0.000E+00 0.000E+00 0.000E+00 0.000E+00
   1      1.000E+00 0.000E+00 0.000E+00 4.451E+00   0.000000 1.000E+00 1.000E+00
   1  270680  1     2.000E-01 0.000E+00 0.000E+00 0.000E+00 0.000E+00 0.000E+00
   1      1.000E+00 0.000E+00 0.000E+00 7.274E+00   0.000000 1.000E+00 1.000E+00
   1  270681  1     1.600E+00 0.000E+00 0.000E+00 0.000E+00 0.000E+00 5.000E-01
   1      5.000E-01 0.000E+00 0.000E+00 4.163E+00   0.000000 1.000E+00 1.000E+00
   1  270690  1     2.270E-01 0.000E+00 0.000E+00 0.000E+00 0.000E+00 0.000E+00
   1      9.900E-01 0.000E+00 1.000E-02 6.627E+00   0.000000 1.000E+00 1.000E+00
   1  270700  1     1.190E-01 0.000E+00 0.000E+00 0.000E+00 0.000E+00 0.000E+00
   1      1.000E+00 0.000E+00 0.000E+00 9.007E+00   0.000000 1.000E+00 1.000E+00
   1  270701  1     5.000E-01 0.000E+00 0.000E+00 0.000E+00 0.000E+00 0.000E+00
   1      1.000E+00 0.000E+00 0.000E+00 9.140E+00   0.000000 1.000E+00 1.000E+00
   1  270710  1     9.700E-02 0.000E+00 0.000E+00 0.000E+00 0.000E+00 0.000E+00
   1      1.000E+00 0.000E+00 0.000E+00 7.553E+00   0.000000 1.000E+00 1.000E+00
   1  270720  1     9.000E-02 0.000E+00 0.000E+00 0.000E+00 0.000E+00 0.000E+00
   1      1.000E+00 0.000E+00 0.000E+00 9.760E+00   0.000000 1.000E+00 1.000E+00
   1  270730  1     8.000E-02 0.000E+00 0.000E+00 0.000E+00 0.000E+00 0.000E+00
   1      1.000E+00 0.000E+00 0.000E+00 8.547E+00   0.000000 1.000E+00 1.000E+00
   1  270740  1     5.000E-02 0.000E+00 0.000E+00 0.000E+00 0.000E+00 0.000E+00
   1      1.000E+00 0.000E+00 0.000E+00 1.075E+01   0.000000 1.000E+00 1.000E+00
   1  270750  1     4.000E-02 0.000E+00 0.000E+00 0.000E+00 0.000E+00 0.000E+00
   1      1.000E+00 0.000E+00 0.000E+00 9.600E+00   0.000000 1.000E+00 1.000E+00
   1  280480  1     1.000E-02 0.000E+00 0.000E+00 0.000E+00 0.000E+00 0.000E+00
   1      0.000E+00 0.000E+00 0.000E+00 3.062E+00   0.000000 1.000E+00 1.000E+00
   1  280490  1     1.300E-02 0.000E+00 1.000E+00 0.000E+00 0.000E+00 0.000E+00
   1      0.000E+00 0.000E+00 0.000E+00 1.239E+01   0.000000 1.000E+00 1.000E+00
   1  280500  1     9.100E-03 0.000E+00 1.000E+00 0.000E+00 0.000E+00 0.000E+00
   1      0.000E+00 0.000E+00 0.000E+00 8.940E+00   0.000000 1.000E+00 1.000E+00
   1  280510  1     3.000E-02 0.000E+00 1.000E+00 0.000E+00 0.000E+00 0.000E+00
   1      0.000E+00 0.000E+00 0.000E+00 1.055E+01   0.000000 1.000E+00 1.000E+00
   1  280520  1     3.800E-02 0.000E+00 1.000E+00 8.300E-01 0.000E+00 0.000E+00
   1      0.000E+00 0.000E+00 0.000E+00 7.337E+00   0.000000 1.000E+00 1.000E+00
   1  280530  1     4.500E-02 0.000E+00 4.500E-01 5.000E-01 0.000E+00 0.000E+00
   1      0.000E+00 0.000E+00 0.000E+00 7.658E+00   0.000000 1.000E+00 1.000E+00
   1  280540  1     1.040E-01 0.000E+00 1.000E+00 0.000E+00 0.000E+00 0.000E+00
   1      0.000E+00 0.000E+00 0.000E+00 5.866E+00   0.000000 1.000E+00 1.000E+00
   1  280550  1     2.047E-01 0.000E+00 1.000E+00 0.000E+00 0.000E+00 0.000E+00
   1      0.000E+00 0.000E+00 0.000E+00 4.643E+00   0.000000 1.000E+00 1.000E+00
   1  280560  1     5.249E+05 0.000E+00 1.000E+00 0.000E+00 0.000E+00 0.000E+00
   1      0.000E+00 0.000E+00 0.000E+00 1.424E+00   0.000000 1.000E+00 1.000E+00
   1  280570  1     1.293E+05 0.000E+00 1.000E+00 0.000E+00 0.000E+00 0.000E+00
   1      0.000E+00 0.000E+00 0.000E+00 2.097E+00   0.000000 1.000E+00 1.000E+00
   1  280580  1     2.209E+28 0.000E+00 1.000E+00 0.000E+00 0.000E+00 0.000E+00
   1      0.000E+00 0.000E+00 0.000E+00 1.926E+00  68.077000 1.000E+00 1.000E+00
   1  280590  1     2.398E+12 0.000E+00 1.000E+00 0.000E+00 0.000E+00 0.000E+00
   1      0.000E+00 0.000E+00 0.000E+00 6.713E-03   0.000000 1.000E+00 1.000E+00
   1  280600  6     0.000E+00 0.000E+00 0.000E+00 0.000E+00 0.000E+00 0.000E+00
   1      0.000E+00 0.000E+00 0.000E+00 0.000E+00  26.223000 1.000E+00 1.000E+00
   1  280610  6     0.000E+00 0.000E+00 0.000E+00 0.000E+00 0.000E+00 0.000E+00
   1      0.000E+00 0.000E+00 0.000E+00 0.000E+00   1.140000 1.000E+00 1.000E+00
   1  280620  6     0.000E+00 0.000E+00 0.000E+00 0.000E+00 0.000E+00 0.000E+00
   1      0.000E+00 0.000E+00 0.000E+00 0.000E+00   3.634000 1.000E+00 1.000E+00
   1  280630  1     3.115E+09 0.000E+00 0.000E+00 0.000E+00 0.000E+00 0.000E+00
   1      1.000E+00 0.000E+00 0.000E+00 1.719E-02   0.000000 1.000E+00 1.000E+00
   1  280640  6     0.000E+00 0.000E+00 0.000E+00 0.000E+00 0.000E+00 0.000E+00
   1      0.000E+00 0.000E+00 0.000E+00 0.000E+00   0.926000 1.000E+00 1.000E+00
   1  280650  1     9.072E+03 0.000E+00 0.000E+00 0.000E+00 0.000E+00 0.000E+00
   1      1.000E+00 0.000E+00 0.000E+00 1.180E+00   0.000000 1.000E+00 1.000E+00
   1  280660  1     1.958E+05 0.000E+00 0.000E+00 0.000E+00 0.000E+00 0.000E+00
   1      1.000E+00 0.000E+00 0.000E+00 6.524E-02   0.000000 1.000E+00 1.000E+00
   1  280670  1     2.100E+01 0.000E+00 0.000E+00 0.000E+00 0.000E+00 0.000E+00
   1      1.000E+00 0.000E+00 0.000E+00 1.573E+00   0.000000 1.000E+00 1.000E+00
   1  280680  1     2.900E+01 0.000E+00 0.000E+00 0.000E+00 0.000E+00 0.000E+00
   1      1.000E+00 0.000E+00 0.000E+00 1.402E+00   0.000000 1.000E+00 1.000E+00
   1  280690  1     1.140E+01 0.000E+00 0.000E+00 0.000E+00 0.000E+00 0.000E+00
   1      1.000E+00 0.000E+00 0.000E+00 3.809E+00   0.000000 1.000E+00 1.000E+00
   1  280691  1     3.500E+00 0.000E+00 0.000E+00 0.000E+00 0.000E+00 0.000E+00
   1      1.000E+00 0.000E+00 0.000E+00 4.052E+00   0.000000 1.000E+00 1.000E+00
   1  280700  1     6.000E+00 1.000E+00 0.000E+00 0.000E+00 0.000E+00 0.000E+00
   1      1.000E+00 0.000E+00 0.000E+00 2.389E+00   0.000000 1.000E+00 1.000E+00
   1  280710  1     2.560E+00 0.000E+00 0.000E+00 0.000E+00 0.000E+00 0.000E+00
   1      1.000E+00 0.000E+00 0.000E+00 5.007E+00   0.000000 1.000E+00 1.000E+00
   1  280720  1     1.570E+00 0.000E+00 0.000E+00 0.000E+00 0.000E+00 0.000E+00
   1      1.000E+00 0.000E+00 0.000E+00 3.895E+00   0.000000 1.000E+00 1.000E+00
   1  280730  1     8.400E-01 0.000E+00 0.000E+00 0.000E+00 0.000E+00 0.000E+00
   1      1.000E+00 0.000E+00 0.000E+00 6.085E+00   0.000000 1.000E+00 1.000E+00
   1  280740  1     6.800E-01 0.000E+00 0.000E+00 0.000E+00 0.000E+00 0.000E+00
   1      1.000E+00 0.000E+00 0.000E+00 5.091E+00   0.000000 1.000E+00 1.000E+00
   1  280750  1     6.000E-01 0.000E+00 0.000E+00 0.000E+00 0.000E+00 0.000E+00
   1      9.840E-01 0.000E+00 1.600E-02 6.753E+00   0.000000 1.000E+00 1.000E+00
   1  280760  1     4.700E-01 5.000E-01 0.000E+00 0.000E+00 0.000E+00 0.000E+00
   1      1.000E+00 0.000E+00 0.000E+00 6.244E+00   0.000000 1.000E+00 1.000E+00
   1  280770  1     3.000E-01 0.000E+00 0.000E+00 0.000E+00 0.000E+00 0.000E+00
   1      1.000E+00 0.000E+00 0.000E+00 7.887E+00   0.000000 1.000E+00 1.000E+00
   1  280780  1     2.000E-01 0.000E+00 0.000E+00 0.000E+00 0.000E+00 0.000E+00
   1      1.000E+00 0.000E+00 0.000E+00 6.967E+00   0.000000 1.000E+00 1.000E+00
   1  290520  1     1.000E-09 0.000E+00 0.000E+00 0.000E+00 0.000E+00 0.000E+00
   1      0.000E+00 0.000E+00 0.000E+00 1.521E+00   0.000000 1.000E+00 1.000E+00
   1  290530  1     3.000E-07 0.000E+00 5.000E-01 0.000E+00 0.000E+00 0.000E+00
   1      0.000E+00 0.000E+00 0.000E+00 6.254E+00   0.000000 1.000E+00 1.000E+00
   1  290540  1     7.500E-08 0.000E+00 0.000E+00 0.000E+00 0.000E+00 0.000E+00
   1      0.000E+00 0.000E+00 0.000E+00 3.910E-01   0.000000 1.000E+00 1.000E+00
   1  290550  1     4.000E-02 0.000E+00 5.000E-01 0.000E+00 0.000E+00 0.000E+00
   1      0.000E+00 0.000E+00 0.000E+00 4.723E+00   0.000000 1.000E+00 1.000E+00
   1  290560  1     9.300E-02 0.000E+00 4.000E-03 0.000E+00 0.000E+00 0.000E+00
   1      0.000E+00 0.000E+00 0.000E+00 1.019E+01   0.000000 1.000E+00 1.000E+00
   1  290570  1     1.963E-01 0.000E+00 1.000E+00 0.000E+00 0.000E+00 0.000E+00
   1      0.000E+00 0.000E+00 0.000E+00 4.741E+00   0.000000 1.000E+00 1.000E+00
   1  290580  1     3.204E+00 0.000E+00 1.000E+00 0.000E+00 0.000E+00 0.000E+00
   1      0.000E+00 0.000E+00 0.000E+00 4.864E+00   0.000000 1.000E+00 1.000E+00
   1  290590  1     8.150E+01 0.000E+00 1.000E+00 0.000E+00 0.000E+00 0.000E+00
   1      0.000E+00 0.000E+00 0.000E+00 2.932E+00   0.000000 1.000E+00 1.000E+00
   1  290600  1     1.422E+03 0.000E+00 1.000E+00 0.000E+00 0.000E+00 0.000E+00
   1      0.000E+00 0.000E+00 0.000E+00 4.814E+00   0.000000 1.000E+00 1.000E+00
   1  290610  1     1.212E+04 0.000E+00 1.000E+00 0.000E+00 0.000E+00 0.000E+00
   1      0.000E+00 0.000E+00 0.000E+00 1.132E+00   0.000000 1.000E+00 1.000E+00
   1  290620  1     5.850E+02 0.000E+00 1.000E+00 0.000E+00 0.000E+00 0.000E+00
   1      0.000E+00 0.000E+00 0.000E+00 2.295E+00   0.000000 1.000E+00 1.000E+00
   1  290630  6     0.000E+00 0.000E+00 0.000E+00 0.000E+00 0.000E+00 0.000E+00
   1      0.000E+00 0.000E+00 0.000E+00 0.000E+00  69.170000 1.000E+00 1.000E+00
   1  290640  1     4.572E+04 0.000E+00 6.152E-01 0.000E+00 0.000E+00 0.000E+00
   1      3.848E-01 0.000E+00 0.000E+00 3.106E-01   0.000000 1.000E+00 1.000E+00
   1  290650  6     0.000E+00 0.000E+00 0.000E+00 0.000E+00 0.000E+00 0.000E+00
   1      0.000E+00 0.000E+00 0.000E+00 0.000E+00  30.830000 1.000E+00 1.000E+00
   1  290660  1     3.060E+02 0.000E+00 0.000E+00 0.000E+00 0.000E+00 0.000E+00
   1      1.000E+00 0.000E+00 0.000E+00 1.152E+00   0.000000 1.000E+00 1.000E+00
   1  290670  1     2.228E+05 0.000E+00 0.000E+00 0.000E+00 0.000E+00 0.000E+00
   1      1.000E+00 0.000E+00 0.000E+00 2.711E-01   0.000000 1.000E+00 1.000E+00
   1  290680  1     3.110E+01 0.000E+00 0.000E+00 0.000E+00 0.000E+00 0.000E+00
   1      1.000E+00 0.000E+00 0.000E+00 2.502E+00   0.000000 1.000E+00 1.000E+00
   1  290681  1     2.250E+02 0.000E+00 0.000E+00 0.000E+00 0.000E+00 8.400E-01
   1      1.600E-01 0.000E+00 0.000E+00 1.157E+00   0.000000 1.000E+00 1.000E+00
   1  290690  1     1.710E+02 0.000E+00 0.000E+00 0.000E+00 0.000E+00 0.000E+00
   1      1.000E+00 0.000E+00 0.000E+00 1.412E+00   0.000000 1.000E+00 1.000E+00
   1  290700  1     4.450E+01 0.000E+00 0.000E+00 0.000E+00 0.000E+00 0.000E+00
   1      1.000E+00 0.000E+00 0.000E+00 4.820E+00   0.000000 1.000E+00 1.000E+00
   1  290701  1     3.300E+01 0.000E+00 0.000E+00 0.000E+00 0.000E+00 4.800E-01
   1      5.200E-01 0.000E+00 0.000E+00 2.368E+00   0.000000 1.000E+00 1.000E+00
   1  290702  1     6.600E+00 0.000E+00 0.000E+00 0.000E+00 0.000E+00 0.000E+00
   1      9.320E-01 6.800E-02 0.000E+00 4.254E+00   0.000000 1.000E+00 1.000E+00
   1  290710  1     1.940E+01 0.000E+00 0.000E+00 0.000E+00 0.000E+00 0.000E+00
   1      1.000E+00 0.000E+00 0.000E+00 3.077E+00   0.000000 1.000E+00 1.000E+00
   1  290720  1     6.630E+00 0.000E+00 0.000E+00 0.000E+00 0.000E+00 0.000E+00
   1      1.000E+00 0.000E+00 0.000E+00 5.311E+00   0.000000 1.000E+00 1.000E+00
   1  290730  1     4.200E+00 0.000E+00 0.000E+00 0.000E+00 0.000E+00 0.000E+00
   1      1.000E+00 0.000E+00 0.000E+00 3.193E+00   0.000000 1.000E+00 1.000E+00
   1  290740  1     1.594E+00 0.000E+00 0.000E+00 0.000E+00 0.000E+00 0.000E+00
   1      1.000E+00 0.000E+00 0.000E+00 6.469E+00   0.000000 1.000E+00 1.000E+00
   1  290750  1     1.224E+00 0.000E+00 0.000E+00 0.000E+00 0.000E+00 0.000E+00
   1      9.650E-01 0.000E+00 3.500E-02 5.464E+00   0.000000 1.000E+00 1.000E+00
   1  290760  1     6.410E-01 0.000E+00 0.000E+00 0.000E+00 0.000E+00 0.000E+00
   1      9.700E-01 0.000E+00 3.000E-02 7.296E+00   0.000000 1.000E+00 1.000E+00
   1  290761  1     1.270E+00 0.000E+00 0.000E+00 0.000E+00 0.000E+00 0.000E+00
   1      1.000E+00 0.000E+00 0.000E+00 7.443E+00   0.000000 1.000E+00 1.000E+00
   1  290770  1     4.690E-01 0.000E+00 0.000E+00 0.000E+00 0.000E+00 0.000E+00
   1      1.000E+00 0.000E+00 0.000E+00 6.760E+00   0.000000 1.000E+00 1.000E+00
   1  290780  1     3.420E-01 0.000E+00 0.000E+00 0.000E+00 0.000E+00 0.000E+00
   1      1.000E+00 0.000E+00 0.000E+00 8.393E+00   0.000000 1.000E+00 1.000E+00
   1  290790  1     1.880E-01 0.000E+00 0.000E+00 0.000E+00 0.000E+00 0.000E+00
   1      4.500E-01 0.000E+00 5.500E-01 6.189E+00   0.000000 1.000E+00 1.000E+00
   1  290800  1     1.000E-01 0.000E+00 0.000E+00 0.000E+00 0.000E+00 0.000E+00
   1      1.000E+00 0.000E+00 0.000E+00 1.026E+01   0.000000 1.000E+00 1.000E+00
   1  300540  1     1.000E-09 0.000E+00 0.000E+00 0.000E+00 0.000E+00 0.000E+00
   1      0.000E+00 0.000E+00 0.000E+00 1.502E+00   0.000000 1.000E+00 1.000E+00
   1  300550  1     2.000E-02 0.000E+00 1.000E+00 0.000E+00 0.000E+00 0.000E+00
   1      0.000E+00 0.000E+00 0.000E+00 1.113E+01   0.000000 1.000E+00 1.000E+00
   1  300560  1     3.600E-02 0.000E+00 1.000E+00 0.000E+00 0.000E+00 0.000E+00
   1      0.000E+00 0.000E+00 0.000E+00 8.580E+00   0.000000 1.000E+00 1.000E+00
   1  300570  1     3.800E-02 0.000E+00 6.500E-01 0.000E+00 0.000E+00 0.000E+00
   1      0.000E+00 0.000E+00 0.000E+00 1.012E+01   0.000000 1.000E+00 1.000E+00
   1  300580  1     8.400E-02 0.000E+00 3.000E-02 0.000E+00 0.000E+00 0.000E+00
   1      0.000E+00 0.000E+00 0.000E+00 6.200E+00   0.000000 1.000E+00 1.000E+00
   1  300590  1     1.820E-01 0.000E+00 1.000E+00 0.000E+00 0.000E+00 0.000E+00
   1      0.000E+00 0.000E+00 0.000E+00 4.859E+00   0.000000 1.000E+00 1.000E+00
   1  300600  1     1.428E+02 0.000E+00 1.000E+00 0.000E+00 0.000E+00 0.000E+00
   1      0.000E+00 0.000E+00 0.000E+00 2.625E+00   0.000000 1.000E+00 1.000E+00
   1  300610  1     8.910E+01 0.000E+00 1.000E+00 0.000E+00 0.000E+00 0.000E+00
   1      0.000E+00 0.000E+00 0.000E+00 3.380E+00   0.000000 1.000E+00 1.000E+00
   1  300611  1     4.300E-01 0.000E+00 0.000E+00 0.000E+00 0.000E+00 1.000E+00
   1      0.000E+00 0.000E+00 0.000E+00 8.840E-02   0.000000 1.000E+00 1.000E+00
   1  300612  1     1.400E-01 0.000E+00 0.000E+00 0.000E+00 0.000E+00 1.000E+00
   1      0.000E+00 0.000E+00 0.000E+00 4.181E-01   0.000000 1.000E+00 1.000E+00
   1  300613  1     1.300E-01 0.000E+00 0.000E+00 0.000E+00 0.000E+00 1.000E+00
   1      0.000E+00 0.000E+00 0.000E+00 7.560E-01   0.000000 1.000E+00 1.000E+00
   1  300620  1     3.309E+04 0.000E+00 1.000E+00 0.000E+00 0.000E+00 0.000E+00
   1      0.000E+00 0.000E+00 0.000E+00 4.726E-01   0.000000 1.000E+00 1.000E+00
   1  300630  1     2.300E+03 0.000E+00 1.000E+00 0.000E+00 0.000E+00 0.000E+00
   1      0.000E+00 0.000E+00 0.000E+00 2.014E+00   0.000000 1.000E+00 1.000E+00
   1  300640  1     7.258E+25 0.000E+00 1.000E+00 0.000E+00 0.000E+00 0.000E+00
   1      0.000E+00 0.000E+00 0.000E+00 1.096E+00  48.600000 1.000E+00 1.000E+00
   1  300650  1     2.108E+07 0.000E+00 1.000E+00 0.000E+00 0.000E+00 0.000E+00
   1      0.000E+00 0.000E+00 0.000E+00 5.846E-01   0.000000 1.000E+00 1.000E+00
   1  300660  6     0.000E+00 0.000E+00 0.000E+00 0.000E+00 0.000E+00 0.000E+00
   1      0.000E+00 0.000E+00 0.000E+00 0.000E+00  27.900000 1.000E+00 1.000E+00
   1  300670  6     0.000E+00 0.000E+00 0.000E+00 0.000E+00 0.000E+00 0.000E+00
   1      0.000E+00 0.000E+00 0.000E+00 0.000E+00   4.100000 1.000E+00 1.000E+00
   1  300680  6     0.000E+00 0.000E+00 0.000E+00 0.000E+00 0.000E+00 0.000E+00
   1      0.000E+00 0.000E+00 0.000E+00 0.000E+00  18.800000 1.000E+00 1.000E+00
   1  300690  1     3.384E+03 0.000E+00 0.000E+00 0.000E+00 0.000E+00 0.000E+00
   1      1.000E+00 0.000E+00 0.000E+00 3.229E-01   0.000000 1.000E+00 1.000E+00
   1  300691  1     4.961E+04 0.000E+00 0.000E+00 0.000E+00 0.000E+00 9.997E-01
   1      3.300E-04 0.000E+00 0.000E+00 4.388E-01   0.000000 1.000E+00 1.000E+00
   1  300700  6     0.000E+00 0.000E+00 0.000E+00 0.000E+00 0.000E+00 0.000E+00
   1      0.000E+00 0.000E+00 0.000E+00 0.000E+00   0.600000 1.000E+00 1.000E+00
   1  300710  1     1.470E+02 0.000E+00 0.000E+00 0.000E+00 0.000E+00 0.000E+00
   1      1.000E+00 0.000E+00 0.000E+00 1.359E+00   0.000000 1.000E+00 1.000E+00
   1  300711  1     1.426E+04 0.000E+00 0.000E+00 0.000E+00 0.000E+00 0.000E+00
   1      1.000E+00 0.000E+00 0.000E+00 2.069E+00   0.000000 1.000E+00 1.000E+00
   1  300720  1     1.674E+05 3.359E-02 0.000E+00 0.000E+00 0.000E+00 0.000E+00
   1      1.000E+00 0.000E+00 0.000E+00 2.499E-01   0.000000 1.000E+00 1.000E+00
   1  300730  1     2.350E+01 0.000E+00 0.000E+00 0.000E+00 0.000E+00 0.000E+00
   1      1.000E+00 0.000E+00 0.000E+00 1.949E+00   0.000000 1.000E+00 1.000E+00
   1  300731  1     1.300E+01 0.000E+00 0.000E+00 0.000E+00 0.000E+00 1.000E+00
   1      0.000E+00 0.000E+00 0.000E+00 1.955E-01   0.000000 1.000E+00 1.000E+00
   1  300732  1     5.800E+00 0.000E+00 0.000E+00 0.000E+00 0.000E+00 0.000E+00
   1      5.000E-01 5.000E-01 0.000E+00 1.530E+00   0.000000 1.000E+00 1.000E+00
   1  300740  1     9.560E+01 1.000E+00 0.000E+00 0.000E+00 0.000E+00 0.000E+00
   1      1.000E+00 0.000E+00 0.000E+00 1.520E+00   0.000000 1.000E+00 1.000E+00
   1  300750  1     1.020E+01 0.000E+00 0.000E+00 0.000E+00 0.000E+00 0.000E+00
   1      1.000E+00 0.000E+00 0.000E+00 3.609E+00   0.000000 1.000E+00 1.000E+00
   1  300760  1     5.700E+00 0.000E+00 0.000E+00 0.000E+00 0.000E+00 0.000E+00
   1      1.000E+00 0.000E+00 0.000E+00 2.109E+00   0.000000 1.000E+00 1.000E+00
   1  300770  1     2.080E+00 0.000E+00 0.000E+00 0.000E+00 0.000E+00 0.000E+00
   1      1.000E+00 0.000E+00 0.000E+00 4.848E+00   0.000000 1.000E+00 1.000E+00
   1  300771  1     1.050E+00 0.000E+00 0.000E+00 0.000E+00 0.000E+00 5.000E-01
   1      5.000E-01 0.000E+00 0.000E+00 3.068E+00   0.000000 1.000E+00 1.000E+00
   1  300780  1     1.470E+00 0.000E+00 0.000E+00 0.000E+00 0.000E+00 0.000E+00
   1      1.000E+00 0.000E+00 0.000E+00 4.244E+00   0.000000 1.000E+00 1.000E+00
   1  300790  1     9.950E-01 0.000E+00 0.000E+00 0.000E+00 0.000E+00 0.000E+00
   1      9.870E-01 0.000E+00 1.300E-02 6.003E+00   0.000000 1.000E+00 1.000E+00
   1  300800  1     5.400E-01 0.000E+00 0.000E+00 0.000E+00 0.000E+00 0.000E+00
   1      1.000E+00 0.000E+00 0.000E+00 4.170E+00   0.000000 1.000E+00 1.000E+00
   1  300810  1     2.900E-01 0.000E+00 0.000E+00 0.000E+00 0.000E+00 0.000E+00
   1      9.250E-01 0.000E+00 7.500E-02 7.585E+00   0.000000 1.000E+00 1.000E+00
   1  300820  1     1.000E-01 0.000E+00 0.000E+00 0.000E+00 0.000E+00 0.000E+00
   1      1.000E+00 0.000E+00 0.000E+00 7.093E+00   0.000000 1.000E+00 1.000E+00
   1  300830  1     8.000E-02 0.000E+00 0.000E+00 0.000E+00 0.000E+00 0.000E+00
   1      1.000E+00 0.000E+00 0.000E+00 8.727E+00   0.000000 1.000E+00 1.000E+00
   1  310560  1     1.000E-09 0.000E+00 0.000E+00 0.000E+00 0.000E+00 0.000E+00
   1      0.000E+00 0.000E+00 0.000E+00 2.891E+00   0.000000 1.000E+00 1.000E+00
   1  310570  1     1.000E-09 0.000E+00 0.000E+00 0.000E+00 0.000E+00 0.000E+00
   1      0.000E+00 0.000E+00 0.000E+00 2.541E+00   0.000000 1.000E+00 1.000E+00
   1  310580  1     1.000E-09 0.000E+00 0.000E+00 0.000E+00 0.000E+00 0.000E+00
   1      0.000E+00 0.000E+00 0.000E+00 1.521E+00   0.000000 1.000E+00 1.000E+00
   1  310590  1     1.000E-09 0.000E+00 0.000E+00 0.000E+00 0.000E+00 0.000E+00
   1      0.000E+00 0.000E+00 0.000E+00 8.910E-01   0.000000 1.000E+00 1.000E+00
   1  310600  1     7.000E-02 0.000E+00 1.000E+00 0.000E+00 0.000E+00 0.000E+00
   1      0.000E+00 0.000E+00 0.000E+00 9.057E+00   0.000000 1.000E+00 1.000E+00
   1  310610  1     1.680E-01 0.000E+00 9.540E-01 1.006E-01 0.000E+00 0.000E+00
   1      0.000E+00 0.000E+00 0.000E+00 6.140E+00   0.000000 1.000E+00 1.000E+00
   1  310620  1     1.161E-01 0.000E+00 1.000E+00 0.000E+00 0.000E+00 0.000E+00
   1      0.000E+00 0.000E+00 0.000E+00 4.883E+00   0.000000 1.000E+00 1.000E+00
   1  310630  1     3.240E+01 0.000E+00 1.000E+00 0.000E+00 0.000E+00 0.000E+00
   1      0.000E+00 0.000E+00 0.000E+00 3.263E+00   0.000000 1.000E+00 1.000E+00
   1  310640  1     1.576E+02 0.000E+00 1.000E+00 0.000E+00 0.000E+00 0.000E+00
   1      0.000E+00 0.000E+00 0.000E+00 5.053E+00   0.000000 1.000E+00 1.000E+00
   1  310650  1     9.120E+02 0.000E+00 1.000E+00 0.000E+00 0.000E+00 0.000E+00
   1      0.000E+00 0.000E+00 0.000E+00 1.991E+00   0.000000 1.000E+00 1.000E+00
   1  310660  1     3.416E+04 0.000E+00 1.000E+00 0.000E+00 0.000E+00 0.000E+00
   1      0.000E+00 0.000E+00 0.000E+00 3.423E+00   0.000000 1.000E+00 1.000E+00
   1  310670  1     2.818E+05 0.000E+00 1.000E+00 0.000E+00 0.000E+00 0.000E+00
   1      0.000E+00 0.000E+00 0.000E+00 1.919E-01   0.000000 1.000E+00 1.000E+00
   1  310680  1     4.070E+03 0.000E+00 1.000E+00 0.000E+00 0.000E+00 0.000E+00
   1      0.000E+00 0.000E+00 0.000E+00 1.685E+00   0.000000 1.000E+00 1.000E+00
   1  310690  6     0.000E+00 0.000E+00 0.000E+00 0.000E+00 0.000E+00 0.000E+00
   1      0.000E+00 0.000E+00 0.000E+00 0.000E+00  60.108000 1.000E+00 1.000E+00
   1  310700  1     1.268E+03 0.000E+00 4.100E-03 0.000E+00 0.000E+00 0.000E+00
   1      9.959E-01 0.000E+00 0.000E+00 6.497E-01   0.000000 1.000E+00 1.000E+00
   1  310710  6     0.000E+00 0.000E+00 0.000E+00 0.000E+00 0.000E+00 0.000E+00
   1      0.000E+00 0.000E+00 0.000E+00 0.000E+00  39.892000 1.000E+00 1.000E+00
   1  310720  1     5.076E+04 0.000E+00 0.000E+00 0.000E+00 0.000E+00 0.000E+00
   1      1.000E+00 0.000E+00 0.000E+00 3.244E+00   0.000000 1.000E+00 1.000E+00
   1  310721  1     3.968E-02 0.000E+00 0.000E+00 0.000E+00 0.000E+00 1.000E+00
   1      0.000E+00 0.000E+00 0.000E+00 1.197E-01   0.000000 1.000E+00 1.000E+00
   1  310730  1     1.750E+04 9.853E-01 0.000E+00 0.000E+00 0.000E+00 0.000E+00
   1      1.000E+00 0.000E+00 0.000E+00 7.876E-01   0.000000 1.000E+00 1.000E+00
   1  310740  1     4.872E+02 0.000E+00 0.000E+00 0.000E+00 0.000E+00 0.000E+00
   1      1.000E+00 0.000E+00 0.000E+00 3.996E+00   0.000000 1.000E+00 1.000E+00
   1  310741  1     9.500E+00 0.000E+00 0.000E+00 0.000E+00 0.000E+00 7.500E-01
   1      2.500E-01 0.000E+00 0.000E+00 9.500E-01   0.000000 1.000E+00 1.000E+00
   1  310750  1     1.260E+02 4.000E-02 0.000E+00 0.000E+00 0.000E+00 0.000E+00
   1      1.000E+00 0.000E+00 0.000E+00 2.257E+00   0.000000 1.000E+00 1.000E+00
   1  310760  1     3.260E+01 0.000E+00 0.000E+00 0.000E+00 0.000E+00 0.000E+00
   1      1.000E+00 0.000E+00 0.000E+00 4.515E+00   0.000000 1.000E+00 1.000E+00
   1  310770  1     1.300E+01 1.000E+00 0.000E+00 0.000E+00 0.000E+00 0.000E+00
   1      1.000E+00 0.000E+00 0.000E+00 2.569E+00   0.000000 1.000E+00 1.000E+00
   1  310780  1     5.090E+00 0.000E+00 0.000E+00 0.000E+00 0.000E+00 0.000E+00
   1      1.000E+00 0.000E+00 0.000E+00 5.083E+00   0.000000 1.000E+00 1.000E+00
   1  310790  1     2.847E+00 1.500E-03 0.000E+00 0.000E+00 0.000E+00 0.000E+00
   1      9.991E-01 0.000E+00 8.900E-04 4.650E+00   0.000000 1.000E+00 1.000E+00
   1  310800  1     1.676E+00 0.000E+00 0.000E+00 0.000E+00 0.000E+00 0.000E+00
   1      1.000E+00 0.000E+00 0.000E+00 5.822E+00   0.000000 1.000E+00 1.000E+00
   1  310810  1     1.217E+00 4.719E-01 0.000E+00 0.000E+00 0.000E+00 0.000E+00
   1      8.810E-01 0.000E+00 1.190E-01 5.008E+00   0.000000 1.000E+00 1.000E+00
   1  310820  1     5.990E-01 0.000E+00 0.000E+00 0.000E+00 0.000E+00 0.000E+00
   1      7.870E-01 0.000E+00 1.065E-01 7.334E+00   0.000000 1.000E+00 1.000E+00
   1  310830  1     3.080E-01 0.000E+00 0.000E+00 0.000E+00 0.000E+00 0.000E+00
   1      6.300E-01 0.000E+00 3.700E-01 7.098E+00   0.000000 1.000E+00 1.000E+00
   1  310840  1     8.500E-02 0.000E+00 0.000E+00 0.000E+00 0.000E+00 0.000E+00
   1      3.000E-01 0.000E+00 7.000E-01 7.405E+00   0.000000 1.000E+00 1.000E+00
   1  310850  1     5.000E-02 0.000E+00 0.000E+00 0.000E+00 0.000E+00 0.000E+00
   1      1.000E+00 0.000E+00 0.000E+00 8.680E+00   0.000000 1.000E+00 1.000E+00
   1  310860  1     3.000E-02 0.000E+00 0.000E+00 0.000E+00 0.000E+00 0.000E+00
   1      1.000E+00 0.000E+00 0.000E+00 1.033E+01   0.000000 1.000E+00 1.000E+00
   1  320580  1     1.000E-09 0.000E+00 0.000E+00 0.000E+00 0.000E+00 0.000E+00
   1      0.000E+00 0.000E+00 0.000E+00 2.782E+00   0.000000 1.000E+00 1.000E+00
   1  320590  1     1.000E-09 0.000E+00 0.000E+00 0.000E+00 0.000E+00 0.000E+00
   1      0.000E+00 0.000E+00 0.000E+00 1.222E+00   0.000000 1.000E+00 1.000E+00
   1  320600  1     3.000E-02 0.000E+00 1.000E+00 0.000E+00 0.000E+00 0.000E+00
   1      0.000E+00 0.000E+00 0.000E+00 8.153E+00   0.000000 1.000E+00 1.000E+00
   1  320610  1     3.900E-02 0.000E+00 8.000E-01 0.000E+00 0.000E+00 0.000E+00
   1      0.000E+00 0.000E+00 0.000E+00 9.683E+00   0.000000 1.000E+00 1.000E+00
   1  320620  1     1.300E-01 0.000E+00 1.000E+00 0.000E+00 0.000E+00 0.000E+00
   1      0.000E+00 0.000E+00 0.000E+00 6.507E+00   0.000000 1.000E+00 1.000E+00
   1  320630  1     1.420E-01 0.000E+00 1.000E+00 0.000E+00 0.000E+00 0.000E+00
   1      0.000E+00 0.000E+00 0.000E+00 6.425E+00   0.000000 1.000E+00 1.000E+00
   1  320640  1     6.370E+01 0.000E+00 1.000E+00 0.000E+00 0.000E+00 0.000E+00
   1      0.000E+00 0.000E+00 0.000E+00 2.990E+00   0.000000 1.000E+00 1.000E+00
   1  320650  1     3.090E+01 0.000E+00 1.100E-04 0.000E+00 0.000E+00 0.000E+00
   1      0.000E+00 0.000E+00 0.000E+00 4.165E+00   0.000000 1.000E+00 1.000E+00
   1  320660  1     8.136E+03 0.000E+00 1.000E+00 0.000E+00 0.000E+00 0.000E+00
   1      0.000E+00 0.000E+00 0.000E+00 7.769E-01   0.000000 1.000E+00 1.000E+00
   1  320670  1     1.134E+03 0.000E+00 1.000E+00 0.000E+00 0.000E+00 0.000E+00
   1      0.000E+00 0.000E+00 0.000E+00 2.814E+00   0.000000 1.000E+00 1.000E+00
   1  320680  1     2.341E+07 0.000E+00 1.000E+00 0.000E+00 0.000E+00 0.000E+00
   1      0.000E+00 0.000E+00 0.000E+00 8.876E-03   0.000000 1.000E+00 1.000E+00
   1  320690  1     1.406E+05 0.000E+00 1.000E+00 0.000E+00 0.000E+00 0.000E+00
   1      0.000E+00 0.000E+00 0.000E+00 1.071E+00   0.000000 1.000E+00 1.000E+00
   1  320700  6     0.000E+00 0.000E+00 0.000E+00 0.000E+00 0.000E+00 0.000E+00
   1      0.000E+00 0.000E+00 0.000E+00 0.000E+00  21.230000 1.000E+00 1.000E+00
   1  320710  1     9.876E+05 0.000E+00 1.000E+00 0.000E+00 0.000E+00 0.000E+00
   1      0.000E+00 0.000E+00 0.000E+00 9.340E-03   0.000000 1.000E+00 1.000E+00
   1  320711  1     2.040E-02 0.000E+00 0.000E+00 0.000E+00 0.000E+00 1.000E+00
   1      0.000E+00 0.000E+00 0.000E+00 1.984E-01   0.000000 1.000E+00 1.000E+00
   1  320720  6     0.000E+00 0.000E+00 0.000E+00 0.000E+00 0.000E+00 0.000E+00
   1      0.000E+00 0.000E+00 0.000E+00 0.000E+00  27.660000 1.000E+00 1.000E+00
   1  320730  6     0.000E+00 0.000E+00 0.000E+00 0.000E+00 0.000E+00 0.000E+00
   1      0.000E+00 0.000E+00 0.000E+00 0.000E+00   7.730000 1.000E+00 1.000E+00
   1  320731  1     5.000E-01 0.000E+00 0.000E+00 0.000E+00 0.000E+00 1.000E+00
   1      0.000E+00 0.000E+00 0.000E+00 6.696E-02   0.000000 1.000E+00 1.000E+00
   1  320740  6     0.000E+00 0.000E+00 0.000E+00 0.000E+00 0.000E+00 0.000E+00
   1      0.000E+00 0.000E+00 0.000E+00 0.000E+00  35.940000 1.000E+00 1.000E+00
   1  320750  1     4.967E+03 0.000E+00 0.000E+00 0.000E+00 0.000E+00 0.000E+00
   1      1.000E+00 0.000E+00 0.000E+00 4.545E-01   0.000000 1.000E+00 1.000E+00
   1  320751  1     4.800E+01 0.000E+00 0.000E+00 0.000E+00 0.000E+00 9.997E-01
   1      3.300E-04 0.000E+00 0.000E+00 1.399E-01   0.000000 1.000E+00 1.000E+00
   1  320760  1     4.986E+28 0.000E+00 0.000E+00 0.000E+00 0.000E+00 0.000E+00
   1      1.000E+00 0.000E+00 0.000E+00 2.039E+00   7.440000 1.000E+00 1.000E+00
   1  320770  1     4.036E+04 0.000E+00 0.000E+00 0.000E+00 0.000E+00 0.000E+00
   1      1.000E+00 0.000E+00 0.000E+00 1.743E+00   0.000000 1.000E+00 1.000E+00
   1  320771  1     5.370E+01 0.000E+00 0.000E+00 0.000E+00 0.000E+00 1.900E-01
   1      8.100E-01 0.000E+00 0.000E+00 1.042E+00   0.000000 1.000E+00 1.000E+00
   1  320780  1     5.280E+03 0.000E+00 0.000E+00 0.000E+00 0.000E+00 0.000E+00
   1      1.000E+00 0.000E+00 0.000E+00 5.052E-01   0.000000 1.000E+00 1.000E+00
   1  320790  1     1.898E+01 0.000E+00 0.000E+00 0.000E+00 0.000E+00 0.000E+00
   1      1.000E+00 0.000E+00 0.000E+00 1.974E+00   0.000000 1.000E+00 1.000E+00
   1  320791  1     3.900E+01 0.000E+00 0.000E+00 0.000E+00 0.000E+00 4.000E-02
   1      9.600E-01 0.000E+00 0.000E+00 2.488E+00   0.000000 1.000E+00 1.000E+00
   1  320800  1     2.950E+01 0.000E+00 0.000E+00 0.000E+00 0.000E+00 0.000E+00
   1      1.000E+00 0.000E+00 0.000E+00 1.197E+00   0.000000 1.000E+00 1.000E+00
   1  320810  1     8.000E+00 0.000E+00 0.000E+00 0.000E+00 0.000E+00 0.000E+00
   1      1.000E+00 0.000E+00 0.000E+00 4.155E+00   0.000000 1.000E+00 1.000E+00
   1  320811  1     7.600E+00 0.000E+00 0.000E+00 0.000E+00 0.000E+00 0.000E+00
   1      1.000E+00 0.000E+00 0.000E+00 3.982E+00   0.000000 1.000E+00 1.000E+00
   1  320820  1     4.550E+00 0.000E+00 0.000E+00 0.000E+00 0.000E+00 0.000E+00
   1      1.000E+00 0.000E+00 0.000E+00 2.654E+00   0.000000 1.000E+00 1.000E+00
   1  320830  1     1.850E+00 0.000E+00 0.000E+00 0.000E+00 0.000E+00 0.000E+00
   1      1.000E+00 0.000E+00 0.000E+00 5.987E+00   0.000000 1.000E+00 1.000E+00
   1  320840  1     9.540E-01 5.000E-01 0.000E+00 0.000E+00 0.000E+00 0.000E+00
   1      8.920E-01 0.000E+00 1.080E-01 4.944E+00   0.000000 1.000E+00 1.000E+00
   1  320850  1     5.400E-01 0.000E+00 0.000E+00 0.000E+00 0.000E+00 0.000E+00
   1      8.600E-01 0.000E+00 7.000E-02 6.395E+00   0.000000 1.000E+00 1.000E+00
   1  320860  1     3.000E-01 0.000E+00 0.000E+00 0.000E+00 0.000E+00 0.000E+00
   1      1.000E+00 0.000E+00 0.000E+00 6.207E+00   0.000000 1.000E+00 1.000E+00
   1  320870  1     1.500E-01 0.000E+00 0.000E+00 0.000E+00 0.000E+00 0.000E+00
   1      1.000E+00 0.000E+00 0.000E+00 7.827E+00   0.000000 1.000E+00 1.000E+00
   1  320880  1     8.000E-02 0.000E+00 0.000E+00 0.000E+00 0.000E+00 0.000E+00
   1      1.000E+00 0.000E+00 0.000E+00 7.433E+00   0.000000 1.000E+00 1.000E+00
   1  320890  1     5.000E-02 0.000E+00 0.000E+00 0.000E+00 0.000E+00 0.000E+00
   1      1.000E+00 0.000E+00 0.000E+00 8.967E+00   0.000000 1.000E+00 1.000E+00
   1  330600  1     1.000E-09 0.000E+00 0.000E+00 0.000E+00 0.000E+00 0.000E+00
   1      0.000E+00 0.000E+00 0.000E+00 3.311E+00   0.000000 1.000E+00 1.000E+00
   1  330601  1     1.000E-09 0.000E+00 0.000E+00 0.000E+00 0.000E+00 0.000E+00
   1      0.000E+00 0.000E+00 0.000E+00 3.371E+00   0.000000 1.000E+00 1.000E+00
   1  330610  1     1.000E-09 0.000E+00 0.000E+00 0.000E+00 0.000E+00 0.000E+00
   1      0.000E+00 0.000E+00 0.000E+00 2.431E+00   0.000000 1.000E+00 1.000E+00
   1  330620  1     1.000E-09 0.000E+00 0.000E+00 0.000E+00 0.000E+00 0.000E+00
   1      0.000E+00 0.000E+00 0.000E+00 1.481E+00   0.000000 1.000E+00 1.000E+00
   1  330630  1     1.000E-09 0.000E+00 0.000E+00 0.000E+00 0.000E+00 0.000E+00
   1      0.000E+00 0.000E+00 0.000E+00 1.131E+00   0.000000 1.000E+00 1.000E+00
   1  330640  1     4.000E-02 0.000E+00 1.000E+00 0.000E+00 0.000E+00 0.000E+00
   1      0.000E+00 0.000E+00 0.000E+00 9.887E+00   0.000000 1.000E+00 1.000E+00
   1  330650  1     1.700E-01 0.000E+00 1.000E+00 0.000E+00 0.000E+00 0.000E+00
   1      0.000E+00 0.000E+00 0.000E+00 6.287E+00   0.000000 1.000E+00 1.000E+00
   1  330660  1     9.577E-02 0.000E+00 1.000E+00 0.000E+00 0.000E+00 0.000E+00
   1      0.000E+00 0.000E+00 0.000E+00 6.747E+00   0.000000 1.000E+00 1.000E+00
   1  330670  1     4.250E+01 0.000E+00 1.000E+00 0.000E+00 0.000E+00 0.000E+00
   1      0.000E+00 0.000E+00 0.000E+00 3.532E+00   0.000000 1.000E+00 1.000E+00
   1  330680  1     1.516E+02 0.000E+00 1.000E+00 0.000E+00 0.000E+00 0.000E+00
   1      0.000E+00 0.000E+00 0.000E+00 5.688E+00   0.000000 1.000E+00 1.000E+00
   1  330690  1     9.138E+02 0.000E+00 1.000E+00 0.000E+00 0.000E+00 0.000E+00
   1      0.000E+00 0.000E+00 0.000E+00 2.354E+00   0.000000 1.000E+00 1.000E+00
   1  330700  1     3.156E+03 0.000E+00 1.000E+00 0.000E+00 0.000E+00 0.000E+00
   1      0.000E+00 0.000E+00 0.000E+00 4.871E+00   0.000000 1.000E+00 1.000E+00
   1  330710  1     2.351E+05 0.000E+00 1.000E+00 3.796E-02 0.000E+00 0.000E+00
   1      0.000E+00 0.000E+00 0.000E+00 6.927E-01   0.000000 1.000E+00 1.000E+00
   1  330720  1     9.360E+04 0.000E+00 1.000E+00 0.000E+00 0.000E+00 0.000E+00
   1      0.000E+00 0.000E+00 0.000E+00 2.835E+00   0.000000 1.000E+00 1.000E+00
   1  330730  1     6.938E+06 0.000E+00 1.000E+00 1.000E+00 0.000E+00 0.000E+00
   1      0.000E+00 0.000E+00 0.000E+00 9.995E-03   0.000000 1.000E+00 1.000E+00
   1  330740  1     1.536E+06 0.000E+00 6.600E-01 0.000E+00 0.000E+00 0.000E+00
   1      3.400E-01 0.000E+00 0.000E+00 1.028E+00   0.000000 1.000E+00 1.000E+00
   1  330750  6     0.000E+00 0.000E+00 0.000E+00 0.000E+00 0.000E+00 0.000E+00
   1      0.000E+00 0.000E+00 0.000E+00 0.000E+00 100.000000 1.000E+00 1.000E+00
   1  330751  1     1.762E-02 0.000E+00 0.000E+00 0.000E+00 0.000E+00 1.000E+00
   1      0.000E+00 0.000E+00 0.000E+00 3.018E-01   0.000000 1.000E+00 1.000E+00
   1  330760  1     9.439E+04 0.000E+00 0.000E+00 0.000E+00 0.000E+00 0.000E+00
   1      1.000E+00 0.000E+00 0.000E+00 1.484E+00   0.000000 1.000E+00 1.000E+00
   1  330770  1     1.396E+05 0.000E+00 0.000E+00 0.000E+00 0.000E+00 0.000E+00
   1      1.000E+00 0.000E+00 0.000E+00 2.341E-01   0.000000 1.000E+00 1.000E+00
   1  330780  1     5.442E+03 0.000E+00 0.000E+00 0.000E+00 0.000E+00 0.000E+00
   1      1.000E+00 0.000E+00 0.000E+00 2.557E+00   0.000000 1.000E+00 1.000E+00
   1  330790  1     5.406E+02 0.000E+00 0.000E+00 0.000E+00 0.000E+00 0.000E+00
   1      1.000E+00 0.000E+00 0.000E+00 9.661E-01   0.000000 1.000E+00 1.000E+00
   1  330800  1     1.520E+01 0.000E+00 0.000E+00 0.000E+00 0.000E+00 0.000E+00
   1      1.000E+00 0.000E+00 0.000E+00 2.730E+00   0.000000 1.000E+00 1.000E+00
   1  330810  1     3.330E+01 3.589E-02 0.000E+00 0.000E+00 0.000E+00 0.000E+00
   1      1.000E+00 0.000E+00 0.000E+00 1.805E+00   0.000000 1.000E+00 1.000E+00
   1  330820  1     1.910E+01 0.000E+00 0.000E+00 0.000E+00 0.000E+00 0.000E+00
   1      1.000E+00 0.000E+00 0.000E+00 3.505E+00   0.000000 1.000E+00 1.000E+00
   1  330821  1     1.360E+01 0.000E+00 0.000E+00 0.000E+00 0.000E+00 0.000E+00
   1      1.000E+00 0.000E+00 0.000E+00 5.007E+00   0.000000 1.000E+00 1.000E+00
   1  330830  1     1.340E+01 6.400E-01 0.000E+00 0.000E+00 0.000E+00 0.000E+00
   1      1.000E+00 0.000E+00 0.000E+00 3.543E+00   0.000000 1.000E+00 1.000E+00
   1  330840  1     4.020E+00 0.000E+00 0.000E+00 0.000E+00 0.000E+00 0.000E+00
   1      9.972E-01 0.000E+00 1.400E-03 6.565E+00   0.000000 1.000E+00 1.000E+00
   1  330841  1     6.500E-01 0.000E+00 0.000E+00 0.000E+00 0.000E+00 0.000E+00
   1      1.000E+00 0.000E+00 0.000E+00 6.581E+00   0.000000 1.000E+00 1.000E+00
   1  330850  1     2.040E+00 0.000E+00 0.000E+00 0.000E+00 0.000E+00 0.000E+00
   1      7.800E-01 0.000E+00 2.200E-01 3.891E+00   0.000000 1.000E+00 1.000E+00
   1  330860  1     9.450E-01 0.000E+00 0.000E+00 0.000E+00 0.000E+00 0.000E+00
   1      6.700E-01 0.000E+00 3.300E-01 6.377E+00   0.000000 1.000E+00 1.000E+00
   1  330870  1     6.100E-01 0.000E+00 0.000E+00 0.000E+00 0.000E+00 0.000E+00
   1      8.460E-01 0.000E+00 1.540E-01 6.728E+00   0.000000 1.000E+00 1.000E+00
   1  330880  1     3.000E-01 0.000E+00 0.000E+00 0.000E+00 0.000E+00 0.000E+00
   1      1.000E+00 0.000E+00 0.000E+00 8.393E+00   0.000000 1.000E+00 1.000E+00
   1  330890  1     2.000E-01 0.000E+00 0.000E+00 0.000E+00 0.000E+00 0.000E+00
   1      1.000E+00 0.000E+00 0.000E+00 8.040E+00   0.000000 1.000E+00 1.000E+00
   1  330900  1     8.000E-02 0.000E+00 0.000E+00 0.000E+00 0.000E+00 0.000E+00
   1      1.000E+00 0.000E+00 0.000E+00 9.653E+00   0.000000 1.000E+00 1.000E+00
   1  330910  1     5.000E-02 0.000E+00 0.000E+00 0.000E+00 0.000E+00 0.000E+00
   1      1.000E+00 0.000E+00 0.000E+00 8.987E+00   0.000000 1.000E+00 1.000E+00
   1  330920  1     3.000E-02 0.000E+00 0.000E+00 0.000E+00 0.000E+00 0.000E+00
   1      1.000E+00 0.000E+00 0.000E+00 1.048E+01   0.000000 1.000E+00 1.000E+00
   1  340650  1     5.000E-02 0.000E+00 1.000E+00 0.000E+00 0.000E+00 0.000E+00
   1      0.000E+00 0.000E+00 0.000E+00 9.373E+00   0.000000 1.000E+00 1.000E+00
   1  340660  1     3.300E-02 0.000E+00 1.000E+00 0.000E+00 0.000E+00 0.000E+00
   1      0.000E+00 0.000E+00 0.000E+00 6.520E+00   0.000000 1.000E+00 1.000E+00
   1  340670  1     1.330E-01 0.000E+00 5.000E-03 0.000E+00 0.000E+00 0.000E+00
   1      0.000E+00 0.000E+00 0.000E+00 6.769E+00   0.000000 1.000E+00 1.000E+00
   1  340680  1     3.550E+01 0.000E+00 1.000E+00 0.000E+00 0.000E+00 0.000E+00
   1      0.000E+00 0.000E+00 0.000E+00 3.127E+00   0.000000 1.000E+00 1.000E+00
   1  340690  1     2.740E+01 0.000E+00 1.000E+00 0.000E+00 0.000E+00 0.000E+00
   1      0.000E+00 0.000E+00 0.000E+00 4.169E+00   0.000000 1.000E+00 1.000E+00
   1  340700  1     2.466E+03 0.000E+00 1.000E+00 0.000E+00 0.000E+00 0.000E+00
   1      0.000E+00 0.000E+00 0.000E+00 1.478E+00   0.000000 1.000E+00 1.000E+00
   1  340710  1     2.844E+02 0.000E+00 1.000E+00 0.000E+00 0.000E+00 0.000E+00
   1      0.000E+00 0.000E+00 0.000E+00 2.953E+00   0.000000 1.000E+00 1.000E+00
   1  340720  1     7.258E+05 0.000E+00 1.000E+00 0.000E+00 0.000E+00 0.000E+00
   1      0.000E+00 0.000E+00 0.000E+00 5.593E-02   0.000000 1.000E+00 1.000E+00
   1  340730  1     2.556E+04 0.000E+00 1.000E+00 0.000E+00 0.000E+00 0.000E+00
   1      0.000E+00 0.000E+00 0.000E+00 1.460E+00   0.000000 1.000E+00 1.000E+00
   1  340731  1     2.388E+03 0.000E+00 2.740E-01 0.000E+00 0.000E+00 7.260E-01
   1      0.000E+00 0.000E+00 0.000E+00 5.237E-01   0.000000 1.000E+00 1.000E+00
   1  340740  6     0.000E+00 0.000E+00 0.000E+00 0.000E+00 0.000E+00 0.000E+00
   1      0.000E+00 0.000E+00 0.000E+00 0.000E+00   0.890000 1.000E+00 1.000E+00
   1  340750  1     1.035E+07 0.000E+00 1.000E+00 6.041E-02 0.000E+00 0.000E+00
   1      0.000E+00 0.000E+00 0.000E+00 4.006E-01   0.000000 1.000E+00 1.000E+00
   1  340760  6     0.000E+00 0.000E+00 0.000E+00 0.000E+00 0.000E+00 0.000E+00
   1      0.000E+00 0.000E+00 0.000E+00 0.000E+00   9.360000 1.000E+00 1.000E+00
   1  340770  6     0.000E+00 0.000E+00 0.000E+00 0.000E+00 0.000E+00 0.000E+00
   1      0.000E+00 0.000E+00 0.000E+00 0.000E+00   7.630000 1.000E+00 1.000E+00
   1  340771  1     1.755E+01 0.000E+00 0.000E+00 0.000E+00 0.000E+00 1.000E+00
   1      0.000E+00 0.000E+00 0.000E+00 1.621E-01   0.000000 1.000E+00 1.000E+00
   1  340780  6     0.000E+00 0.000E+00 0.000E+00 0.000E+00 0.000E+00 0.000E+00
   1      0.000E+00 0.000E+00 0.000E+00 0.000E+00  23.780000 1.000E+00 1.000E+00
   1  340790  1     1.190E+13 0.000E+00 0.000E+00 0.000E+00 0.000E+00 0.000E+00
   1      1.000E+00 0.000E+00 0.000E+00 5.255E-02   0.000000 1.000E+00 1.000E+00
   1  340791  1     2.340E+02 0.000E+00 0.000E+00 0.000E+00 0.000E+00 9.994E-01
   1      5.600E-04 0.000E+00 0.000E+00 9.583E-02   0.000000 1.000E+00 1.000E+00
   1  340800  6     0.000E+00 0.000E+00 0.000E+00 0.000E+00 0.000E+00 0.000E+00
   1      0.000E+00 0.000E+00 0.000E+00 0.000E+00  49.610000 1.000E+00 1.000E+00
   1  340810  1     1.103E+03 0.000E+00 0.000E+00 0.000E+00 0.000E+00 0.000E+00
   1      1.000E+00 0.000E+00 0.000E+00 6.176E-01   0.000000 1.000E+00 1.000E+00
   1  340811  1     3.437E+03 0.000E+00 0.000E+00 0.000E+00 0.000E+00 9.993E-01
   1      6.800E-04 0.000E+00 0.000E+00 1.034E-01   0.000000 1.000E+00 1.000E+00
   1  340820  1     3.061E+27 0.000E+00 0.000E+00 0.000E+00 0.000E+00 0.000E+00
   1      1.000E+00 0.000E+00 0.000E+00 2.996E+00   8.730000 1.000E+00 1.000E+00
   1  340830  1     1.338E+03 0.000E+00 0.000E+00 0.000E+00 0.000E+00 0.000E+00
   1      1.000E+00 0.000E+00 0.000E+00 2.445E+00   0.000000 1.000E+00 1.000E+00
   1  340831  1     7.010E+01 0.000E+00 0.000E+00 0.000E+00 0.000E+00 0.000E+00
   1      1.000E+00 0.000E+00 0.000E+00 2.245E+00   0.000000 1.000E+00 1.000E+00
   1  340840  1     1.956E+02 0.000E+00 0.000E+00 0.000E+00 0.000E+00 0.000E+00
   1      1.000E+00 0.000E+00 0.000E+00 9.486E-01   0.000000 1.000E+00 1.000E+00
   1  340850  1     3.170E+01 0.000E+00 0.000E+00 0.000E+00 0.000E+00 0.000E+00
   1      1.000E+00 0.000E+00 0.000E+00 4.121E+00   0.000000 1.000E+00 1.000E+00
   1  340860  1     1.530E+01 0.000E+00 0.000E+00 0.000E+00 0.000E+00 0.000E+00
   1      1.000E+00 0.000E+00 0.000E+00 3.399E+00   0.000000 1.000E+00 1.000E+00
   1  340870  1     5.500E+00 0.000E+00 0.000E+00 0.000E+00 0.000E+00 0.000E+00
   1      1.000E+00 0.000E+00 0.000E+00 3.624E+00   0.000000 1.000E+00 1.000E+00
   1  340880  1     1.530E+00 0.000E+00 0.000E+00 0.000E+00 0.000E+00 0.000E+00
   1      9.901E-01 0.000E+00 9.900E-03 4.536E+00   0.000000 1.000E+00 1.000E+00
   1  340890  1     4.100E-01 0.000E+00 0.000E+00 0.000E+00 0.000E+00 0.000E+00
   1      9.220E-01 0.000E+00 7.800E-02 5.962E+00   0.000000 1.000E+00 1.000E+00
   1  340900  1     3.000E-01 0.000E+00 0.000E+00 0.000E+00 0.000E+00 0.000E+00
   1      1.000E+00 0.000E+00 0.000E+00 5.793E+00   0.000000 1.000E+00 1.000E+00
   1  340910  1     2.700E-01 0.000E+00 0.000E+00 0.000E+00 0.000E+00 0.000E+00
   1      7.900E-01 0.000E+00 2.100E-01 6.861E+00   0.000000 1.000E+00 1.000E+00
   1  340920  1     1.000E-01 0.000E+00 0.000E+00 0.000E+00 0.000E+00 0.000E+00
   1      1.000E+00 0.000E+00 0.000E+00 6.620E+00   0.000000 1.000E+00 1.000E+00
   1  340930  1     5.000E-02 0.000E+00 0.000E+00 0.000E+00 0.000E+00 0.000E+00
   1      1.000E+00 0.000E+00 0.000E+00 8.220E+00   0.000000 1.000E+00 1.000E+00
   1  340940  1     2.000E-02 0.000E+00 0.000E+00 0.000E+00 0.000E+00 0.000E+00
   1      1.000E+00 0.000E+00 0.000E+00 7.333E+00   0.000000 1.000E+00 1.000E+00
   1  350670  1     1.000E-09 0.000E+00 0.000E+00 0.000E+00 0.000E+00 0.000E+00
   1      0.000E+00 0.000E+00 0.000E+00 1.631E+00   0.000000 1.000E+00 1.000E+00
   1  350680  1     1.500E-06 0.000E+00 0.000E+00 0.000E+00 0.000E+00 0.000E+00
   1      0.000E+00 0.000E+00 0.000E+00 5.610E-01   0.000000 1.000E+00 1.000E+00
   1  350690  1     2.400E-08 0.000E+00 0.000E+00 0.000E+00 0.000E+00 0.000E+00
   1      0.000E+00 0.000E+00 0.000E+00 4.410E-01   0.000000 1.000E+00 1.000E+00
   1  350700  1     7.910E-02 0.000E+00 1.000E+00 0.000E+00 0.000E+00 0.000E+00
   1      0.000E+00 0.000E+00 0.000E+00 7.080E+00   0.000000 1.000E+00 1.000E+00
   1  350701  1     2.200E+00 0.000E+00 5.000E-01 0.000E+00 0.000E+00 5.000E-01
   1      0.000E+00 0.000E+00 0.000E+00 5.450E+00   0.000000 1.000E+00 1.000E+00
   1  350710  1     2.140E+01 0.000E+00 1.000E+00 0.000E+00 0.000E+00 0.000E+00
   1      0.000E+00 0.000E+00 0.000E+00 4.040E+00   0.000000 1.000E+00 1.000E+00
   1  350720  1     7.860E+01 0.000E+00 1.000E+00 0.000E+00 0.000E+00 0.000E+00
   1      0.000E+00 0.000E+00 0.000E+00 5.639E+00   0.000000 1.000E+00 1.000E+00
   1  350721  1     1.060E+01 0.000E+00 0.000E+00 0.000E+00 0.000E+00 1.000E+00
   1      0.000E+00 0.000E+00 0.000E+00 1.009E-01   0.000000 1.000E+00 1.000E+00
   1  350730  1     2.040E+02 0.000E+00 1.000E+00 1.000E+00 0.000E+00 0.000E+00
   1      0.000E+00 0.000E+00 0.000E+00 3.042E+00   0.000000 1.000E+00 1.000E+00
   1  350740  1     1.524E+03 0.000E+00 1.000E+00 0.000E+00 0.000E+00 0.000E+00
   1      0.000E+00 0.000E+00 0.000E+00 5.411E+00   0.000000 1.000E+00 1.000E+00
   1  350741  1     2.760E+03 0.000E+00 1.000E+00 0.000E+00 0.000E+00 0.000E+00
   1      0.000E+00 0.000E+00 0.000E+00 5.035E+00   0.000000 1.000E+00 1.000E+00
   1  350750  1     5.802E+03 0.000E+00 1.000E+00 0.000E+00 0.000E+00 0.000E+00
   1      0.000E+00 0.000E+00 0.000E+00 1.759E+00   0.000000 1.000E+00 1.000E+00
   1  350760  1     5.796E+04 0.000E+00 1.000E+00 0.000E+00 0.000E+00 0.000E+00
   1      0.000E+00 0.000E+00 0.000E+00 3.388E+00   0.000000 1.000E+00 1.000E+00
   1  350761  1     1.310E+00 0.000E+00 6.000E-03 0.000E+00 0.000E+00 9.940E-01
   1      0.000E+00 0.000E+00 0.000E+00 1.222E-01   0.000000 1.000E+00 1.000E+00
   1  350770  1     2.053E+05 0.000E+00 1.000E+00 2.060E-02 0.000E+00 0.000E+00
   1      0.000E+00 0.000E+00 0.000E+00 3.269E-01   0.000000 1.000E+00 1.000E+00
   1  350771  1     2.568E+02 0.000E+00 0.000E+00 0.000E+00 0.000E+00 1.000E+00
   1      0.000E+00 0.000E+00 0.000E+00 1.055E-01   0.000000 1.000E+00 1.000E+00
   1  350780  1     3.870E+02 0.000E+00 1.000E+00 0.000E+00 0.000E+00 0.000E+00
   1      0.000E+00 0.000E+00 0.000E+00 2.058E+00   0.000000 1.000E+00 1.000E+00
   1  350790  6     0.000E+00 0.000E+00 0.000E+00 0.000E+00 0.000E+00 0.000E+00
   1      0.000E+00 0.000E+00 0.000E+00 0.000E+00  50.690000 1.000E+00 1.000E+00
   1  350791  1     4.864E+00 0.000E+00 0.000E+00 0.000E+00 0.000E+00 1.000E+00
   1      0.000E+00 0.000E+00 0.000E+00 2.066E-01   0.000000 1.000E+00 1.000E+00
   1  350800  1     1.056E+03 0.000E+00 8.300E-02 0.000E+00 0.000E+00 0.000E+00
   1      9.170E-01 0.000E+00 0.000E+00 8.010E-01   0.000000 1.000E+00 1.000E+00
   1  350801  1     1.588E+04 0.000E+00 0.000E+00 0.000E+00 0.000E+00 1.000E+00
   1      0.000E+00 0.000E+00 0.000E+00 8.602E-02   0.000000 1.000E+00 1.000E+00
   1  350810  6     0.000E+00 0.000E+00 0.000E+00 0.000E+00 0.000E+00 0.000E+00
   1      0.000E+00 0.000E+00 0.000E+00 0.000E+00  49.310000 1.000E+00 1.000E+00
   1  350820  1     1.272E+05 0.000E+00 0.000E+00 0.000E+00 0.000E+00 0.000E+00
   1      1.000E+00 0.000E+00 0.000E+00 2.781E+00   0.000000 1.000E+00 1.000E+00
   1  350821  1     3.654E+02 0.000E+00 0.000E+00 0.000E+00 0.000E+00 9.760E-01
   1      2.400E-02 0.000E+00 0.000E+00 7.827E-02   0.000000 1.000E+00 1.000E+00
   1  350830  1     8.640E+03 9.991E-01 0.000E+00 0.000E+00 0.000E+00 0.000E+00
   1      1.000E+00 0.000E+00 0.000E+00 3.321E-01   0.000000 1.000E+00 1.000E+00
   1  350840  1     1.906E+03 0.000E+00 0.000E+00 0.000E+00 0.000E+00 0.000E+00
   1      1.000E+00 0.000E+00 0.000E+00 2.987E+00   0.000000 1.000E+00 1.000E+00
   1  350841  1     3.600E+02 0.000E+00 0.000E+00 0.000E+00 0.000E+00 0.000E+00
   1      1.000E+00 0.000E+00 0.000E+00 3.655E+00   0.000000 1.000E+00 1.000E+00
   1  350850  1     1.740E+02 9.984E-01 0.000E+00 0.000E+00 0.000E+00 0.000E+00
   1      1.000E+00 0.000E+00 0.000E+00 1.103E+00   0.000000 1.000E+00 1.000E+00
   1  350860  1     5.500E+01 0.000E+00 0.000E+00 0.000E+00 0.000E+00 0.000E+00
   1      1.000E+00 0.000E+00 0.000E+00 5.240E+00   0.000000 1.000E+00 1.000E+00
   1  350870  1     5.570E+01 0.000E+00 0.000E+00 0.000E+00 0.000E+00 0.000E+00
   1      9.749E-01 0.000E+00 2.510E-02 5.112E+00   0.000000 1.000E+00 1.000E+00
   1  350880  1     1.650E+01 0.000E+00 0.000E+00 0.000E+00 0.000E+00 0.000E+00
   1      9.330E-01 0.000E+00 6.700E-02 6.323E+00   0.000000 1.000E+00 1.000E+00
   1  350890  1     4.370E+00 0.000E+00 0.000E+00 0.000E+00 0.000E+00 0.000E+00
   1      8.590E-01 0.000E+00 1.410E-01 4.290E+00   0.000000 1.000E+00 1.000E+00
   1  350900  1     1.900E+00 0.000E+00 0.000E+00 0.000E+00 0.000E+00 0.000E+00
   1      7.540E-01 0.000E+00 2.460E-01 4.850E+00   0.000000 1.000E+00 1.000E+00
   1  350910  1     5.380E-01 0.000E+00 0.000E+00 0.000E+00 0.000E+00 0.000E+00
   1      8.000E-01 0.000E+00 2.000E-01 4.370E+00   0.000000 1.000E+00 1.000E+00
   1  350920  1     3.430E-01 0.000E+00 0.000E+00 0.000E+00 0.000E+00 0.000E+00
   1      6.690E-01 0.000E+00 3.310E-01 7.096E+00   0.000000 1.000E+00 1.000E+00
   1  350930  1     1.020E-01 0.000E+00 0.000E+00 0.000E+00 0.000E+00 0.000E+00
   1      3.200E-01 0.000E+00 6.800E-01 6.249E+00   0.000000 1.000E+00 1.000E+00
   1  350940  1     7.000E-02 0.000E+00 0.000E+00 0.000E+00 0.000E+00 0.000E+00
   1      3.000E-01 0.000E+00 7.000E-01 6.946E+00   0.000000 1.000E+00 1.000E+00
   1  350950  1     5.000E-02 0.000E+00 0.000E+00 0.000E+00 0.000E+00 0.000E+00
   1      1.000E+00 0.000E+00 0.000E+00 8.093E+00   0.000000 1.000E+00 1.000E+00
   1  350960  1     2.000E-02 0.000E+00 0.000E+00 0.000E+00 0.000E+00 0.000E+00
   1      1.000E+00 0.000E+00 0.000E+00 9.600E+00   0.000000 1.000E+00 1.000E+00
   1  350970  1     1.000E-02 0.000E+00 0.000E+00 0.000E+00 0.000E+00 0.000E+00
   1      1.000E+00 0.000E+00 0.000E+00 8.847E+00   0.000000 1.000E+00 1.000E+00
   1  360690  1     3.200E-02 0.000E+00 1.000E+00 0.000E+00 0.000E+00 0.000E+00
   1      0.000E+00 0.000E+00 0.000E+00 9.360E+00   0.000000 1.000E+00 1.000E+00
   1  360700  1     5.200E-02 0.000E+00 1.000E+00 1.000E+00 0.000E+00 0.000E+00
   1      0.000E+00 0.000E+00 0.000E+00 4.972E+00   0.000000 1.000E+00 1.000E+00
   1  360710  1     1.000E-01 0.000E+00 1.000E+00 0.000E+00 0.000E+00 0.000E+00
   1      0.000E+00 0.000E+00 0.000E+00 5.356E+00   0.000000 1.000E+00 1.000E+00
   1  360720  1     1.716E+01 0.000E+00 1.000E+00 1.000E+00 0.000E+00 0.000E+00
   1      0.000E+00 0.000E+00 0.000E+00 3.319E+00   0.000000 1.000E+00 1.000E+00
   1  360730  1     2.730E+01 0.000E+00 1.000E+00 0.000E+00 0.000E+00 0.000E+00
   1      0.000E+00 0.000E+00 0.000E+00 4.097E+00   0.000000 1.000E+00 1.000E+00
   1  360740  1     6.900E+02 0.000E+00 1.000E+00 0.000E+00 0.000E+00 0.000E+00
   1      0.000E+00 0.000E+00 0.000E+00 1.983E+00   0.000000 1.000E+00 1.000E+00
   1  360750  1     2.760E+02 0.000E+00 1.000E+00 0.000E+00 0.000E+00 0.000E+00
   1      0.000E+00 0.000E+00 0.000E+00 2.851E+00   0.000000 1.000E+00 1.000E+00
   1  360760  1     5.328E+04 0.000E+00 1.000E+00 0.000E+00 0.000E+00 0.000E+00
   1      0.000E+00 0.000E+00 0.000E+00 8.500E-01   0.000000 1.000E+00 1.000E+00
   1  360770  1     4.464E+03 0.000E+00 1.000E+00 9.566E-02 0.000E+00 0.000E+00
   1      0.000E+00 0.000E+00 0.000E+00 1.720E+00   0.000000 1.000E+00 1.000E+00
   1  360780  1     3.471E+27 0.000E+00 1.000E+00 0.000E+00 0.000E+00 0.000E+00
   1      0.000E+00 0.000E+00 0.000E+00 2.846E+00   0.350000 1.000E+00 1.000E+00
   1  360790  1     1.261E+05 0.000E+00 1.000E+00 0.000E+00 0.000E+00 0.000E+00
   1      0.000E+00 0.000E+00 0.000E+00 2.824E-01   0.000000 1.000E+00 1.000E+00
   1  360791  1     5.000E+01 0.000E+00 0.000E+00 0.000E+00 0.000E+00 1.000E+00
   1      0.000E+00 0.000E+00 0.000E+00 1.299E-01   0.000000 1.000E+00 1.000E+00
   1  360800  6     0.000E+00 0.000E+00 0.000E+00 0.000E+00 0.000E+00 0.000E+00
   1      0.000E+00 0.000E+00 0.000E+00 0.000E+00   2.250000 1.000E+00 1.000E+00
   1  360810  1     6.627E+12 0.000E+00 1.000E+00 0.000E+00 0.000E+00 0.000E+00
   1      0.000E+00 0.000E+00 0.000E+00 1.275E-02   0.000000 1.000E+00 1.000E+00
   1  360811  1     1.320E+01 0.000E+00 2.500E-05 0.000E+00 0.000E+00 1.000E+00
   1      0.000E+00 0.000E+00 0.000E+00 1.905E-01   0.000000 1.000E+00 1.000E+00
   1  360820  6     0.000E+00 0.000E+00 0.000E+00 0.000E+00 0.000E+00 0.000E+00
   1      0.000E+00 0.000E+00 0.000E+00 0.000E+00  11.600000 1.000E+00 1.000E+00
   1  360830  6     0.000E+00 0.000E+00 0.000E+00 0.000E+00 0.000E+00 0.000E+00
   1      0.000E+00 0.000E+00 0.000E+00 0.000E+00  11.500000 1.000E+00 1.000E+00
   1  360831  1     6.588E+03 0.000E+00 0.000E+00 0.000E+00 0.000E+00 1.000E+00
   1      0.000E+00 0.000E+00 0.000E+00 4.186E-02   0.000000 1.000E+00 1.000E+00
   1  360840  6     0.000E+00 0.000E+00 0.000E+00 0.000E+00 0.000E+00 0.000E+00
   1      0.000E+00 0.000E+00 0.000E+00 0.000E+00  57.000000 1.000E+00 1.000E+00
   1  360850  1     3.393E+08 0.000E+00 0.000E+00 0.000E+00 0.000E+00 0.000E+00
   1      1.000E+00 0.000E+00 0.000E+00 2.524E-01   0.000000 1.000E+00 1.000E+00
   1  360851  1     1.613E+04 0.000E+00 0.000E+00 0.000E+00 0.000E+00 2.140E-01
   1      7.860E-01 0.000E+00 0.000E+00 4.116E-01   0.000000 1.000E+00 1.000E+00
   1  360860  6     0.000E+00 0.000E+00 0.000E+00 0.000E+00 0.000E+00 0.000E+00
   1      0.000E+00 0.000E+00 0.000E+00 0.000E+00  17.300000 1.000E+00 1.000E+00
   1  360870  1     4.578E+03 0.000E+00 0.000E+00 0.000E+00 0.000E+00 0.000E+00
   1      1.000E+00 0.000E+00 0.000E+00 2.119E+00   0.000000 1.000E+00 1.000E+00
   1  360880  1     1.022E+04 0.000E+00 0.000E+00 0.000E+00 0.000E+00 0.000E+00
   1      1.000E+00 0.000E+00 0.000E+00 2.318E+00   0.000000 1.000E+00 1.000E+00
   1  360890  1     1.890E+02 0.000E+00 0.000E+00 0.000E+00 0.000E+00 0.000E+00
   1      1.000E+00 0.000E+00 0.000E+00 3.304E+00   0.000000 1.000E+00 1.000E+00
   1  360900  1     3.232E+01 1.280E-01 0.000E+00 0.000E+00 0.000E+00 0.000E+00
   1      1.000E+00 0.000E+00 0.000E+00 2.614E+00   0.000000 1.000E+00 1.000E+00
   1  360910  1     8.570E+00 0.000E+00 0.000E+00 0.000E+00 0.000E+00 0.000E+00
   1      1.000E+00 0.000E+00 0.000E+00 4.040E+00   0.000000 1.000E+00 1.000E+00
   1  360920  1     1.840E+00 0.000E+00 0.000E+00 0.000E+00 0.000E+00 0.000E+00
   1      1.000E+00 0.000E+00 0.000E+00 3.391E+00   0.000000 1.000E+00 1.000E+00
   1  360930  1     1.286E+00 0.000E+00 0.000E+00 0.000E+00 0.000E+00 0.000E+00
   1      1.000E+00 0.000E+00 0.000E+00 4.963E+00   0.000000 1.000E+00 1.000E+00
   1  360940  1     2.100E-01 0.000E+00 0.000E+00 0.000E+00 0.000E+00 0.000E+00
   1      9.889E-01 0.000E+00 1.110E-02 4.915E+00   0.000000 1.000E+00 1.000E+00
   1  360950  1     1.140E-01 0.000E+00 0.000E+00 0.000E+00 0.000E+00 0.000E+00
   1      9.713E-01 0.000E+00 2.870E-02 6.451E+00   0.000000 1.000E+00 1.000E+00
   1  360960  1     8.000E-02 5.000E-01 0.000E+00 0.000E+00 0.000E+00 0.000E+00
   1      9.630E-01 0.000E+00 3.700E-02 5.393E+00   0.000000 1.000E+00 1.000E+00
   1  360970  1     6.300E-02 0.000E+00 0.000E+00 0.000E+00 0.000E+00 0.000E+00
   1      9.330E-01 0.000E+00 3.350E-02 6.757E+00   0.000000 1.000E+00 1.000E+00
   1  360980  1     4.600E-02 1.000E+00 0.000E+00 0.000E+00 0.000E+00 0.000E+00
   1      9.300E-01 0.000E+00 7.000E-02 5.887E+00   0.000000 1.000E+00 1.000E+00
   1  360990  1     4.000E-02 0.000E+00 0.000E+00 0.000E+00 0.000E+00 0.000E+00
   1      8.900E-01 0.000E+00 5.500E-02 7.285E+00   0.000000 1.000E+00 1.000E+00
   1  361000  1     1.000E-02 0.000E+00 0.000E+00 0.000E+00 0.000E+00 0.000E+00
   1      1.000E+00 0.000E+00 0.000E+00 7.000E+00   0.000000 1.000E+00 1.000E+00
   1  370710  1     1.000E-09 0.000E+00 0.000E+00 0.000E+00 0.000E+00 0.000E+00
   1      0.000E+00 0.000E+00 0.000E+00 2.091E+00   0.000000 1.000E+00 1.000E+00
   1  370720  1     1.500E-06 0.000E+00 0.000E+00 0.000E+00 0.000E+00 0.000E+00
   1      0.000E+00 0.000E+00 0.000E+00 1.511E+00   0.000000 1.000E+00 1.000E+00
   1  370730  1     3.000E-08 0.000E+00 0.000E+00 0.000E+00 0.000E+00 0.000E+00
   1      0.000E+00 0.000E+00 0.000E+00 6.020E-01   0.000000 1.000E+00 1.000E+00
   1  370740  1     6.478E-02 0.000E+00 1.000E+00 0.000E+00 0.000E+00 0.000E+00
   1      0.000E+00 0.000E+00 0.000E+00 5.476E+00   0.000000 1.000E+00 1.000E+00
   1  370750  1     1.900E+01 0.000E+00 1.000E+00 0.000E+00 0.000E+00 0.000E+00
   1      0.000E+00 0.000E+00 0.000E+00 4.735E+00   0.000000 1.000E+00 1.000E+00
   1  370760  1     3.650E+01 0.000E+00 1.000E+00 0.000E+00 0.000E+00 0.000E+00
   1      0.000E+00 0.000E+00 0.000E+00 5.685E+00   0.000000 1.000E+00 1.000E+00
   1  370770  1     2.268E+02 0.000E+00 1.000E+00 0.000E+00 0.000E+00 0.000E+00
   1      0.000E+00 0.000E+00 0.000E+00 3.197E+00   0.000000 1.000E+00 1.000E+00
   1  370780  1     1.060E+03 0.000E+00 1.000E+00 0.000E+00 0.000E+00 0.000E+00
   1      0.000E+00 0.000E+00 0.000E+00 5.275E+00   0.000000 1.000E+00 1.000E+00
   1  370781  1     3.444E+02 0.000E+00 9.100E-01 0.000E+00 0.000E+00 9.000E-02
   1      0.000E+00 0.000E+00 0.000E+00 4.794E+00   0.000000 1.000E+00 1.000E+00
   1  370790  1     1.374E+03 0.000E+00 1.000E+00 0.000E+00 0.000E+00 0.000E+00
   1      0.000E+00 0.000E+00 0.000E+00 2.209E+00   0.000000 1.000E+00 1.000E+00
   1  370800  1     3.400E+01 0.000E+00 1.000E+00 0.000E+00 0.000E+00 0.000E+00
   1      0.000E+00 0.000E+00 0.000E+00 3.224E+00   0.000000 1.000E+00 1.000E+00
   1  370810  1     1.647E+04 0.000E+00 1.000E+00 9.548E-01 0.000E+00 0.000E+00
   1      0.000E+00 0.000E+00 0.000E+00 1.371E+00   0.000000 1.000E+00 1.000E+00
   1  370811  1     1.815E+03 0.000E+00 3.800E-02 9.168E-03 0.000E+00 9.620E-01
   1      0.000E+00 0.000E+00 0.000E+00 1.023E-01   0.000000 1.000E+00 1.000E+00
   1  370820  1     7.591E+01 0.000E+00 1.000E+00 0.000E+00 0.000E+00 0.000E+00
   1      0.000E+00 0.000E+00 0.000E+00 2.515E+00   0.000000 1.000E+00 1.000E+00
   1  370821  1     2.330E+04 0.000E+00 1.000E+00 0.000E+00 0.000E+00 0.000E+00
   1      0.000E+00 0.000E+00 0.000E+00 2.984E+00   0.000000 1.000E+00 1.000E+00
   1  370830  1     7.448E+06 0.000E+00 1.000E+00 7.500E-01 0.000E+00 0.000E+00
   1      0.000E+00 0.000E+00 0.000E+00 5.047E-01   0.000000 1.000E+00 1.000E+00
   1  370831  1     7.800E-03 0.000E+00 0.000E+00 0.000E+00 0.000E+00 1.000E+00
   1      0.000E+00 0.000E+00 0.000E+00 4.211E-02   0.000000 1.000E+00 1.000E+00
   1  370840  1     2.894E+06 0.000E+00 9.680E-01 0.000E+00 0.000E+00 0.000E+00
   1      3.200E-02 0.000E+00 0.000E+00 1.031E+00   0.000000 1.000E+00 1.000E+00
   1  370841  1     1.224E+03 0.000E+00 0.000E+00 0.000E+00 0.000E+00 1.000E+00
   1      0.000E+00 0.000E+00 0.000E+00 4.631E-01   0.000000 1.000E+00 1.000E+00
   1  370850  6     0.000E+00 0.000E+00 0.000E+00 0.000E+00 0.000E+00 0.000E+00
   1      0.000E+00 0.000E+00 0.000E+00 0.000E+00  72.165000 1.000E+00 1.000E+00
   1  370860  1     1.610E+06 0.000E+00 5.200E-05 0.000E+00 0.000E+00 0.000E+00
   1      9.999E-01 0.000E+00 0.000E+00 7.500E-01   0.000000 1.000E+00 1.000E+00
   1  370861  1     6.100E+01 0.000E+00 0.000E+00 0.000E+00 0.000E+00 1.000E+00
   1      0.000E+00 0.000E+00 0.000E+00 5.560E-01   0.000000 1.000E+00 1.000E+00
   1  370870  1     1.518E+18 0.000E+00 0.000E+00 0.000E+00 0.000E+00 0.000E+00
   1      1.000E+00 0.000E+00 0.000E+00 8.170E-02  27.835000 1.000E+00 1.000E+00
   1  370880  1     1.068E+03 0.000E+00 0.000E+00 0.000E+00 0.000E+00 0.000E+00
   1      1.000E+00 0.000E+00 0.000E+00 2.724E+00   0.000000 1.000E+00 1.000E+00
   1  370890  1     9.240E+02 0.000E+00 0.000E+00 0.000E+00 0.000E+00 0.000E+00
   1      1.000E+00 0.000E+00 0.000E+00 3.163E+00   0.000000 1.000E+00 1.000E+00
   1  370900  1     1.570E+02 0.000E+00 0.000E+00 0.000E+00 0.000E+00 0.000E+00
   1      1.000E+00 0.000E+00 0.000E+00 4.184E+00   0.000000 1.000E+00 1.000E+00
   1  370901  1     2.580E+02 0.000E+00 0.000E+00 0.000E+00 0.000E+00 2.600E-02
   1      9.740E-01 0.000E+00 0.000E+00 4.987E+00   0.000000 1.000E+00 1.000E+00
   1  370910  1     5.840E+01 0.000E+00 0.000E+00 0.000E+00 0.000E+00 0.000E+00
   1      1.000E+00 0.000E+00 0.000E+00 4.075E+00   0.000000 1.000E+00 1.000E+00
   1  370920  1     4.480E+00 0.000E+00 0.000E+00 0.000E+00 0.000E+00 0.000E+00
   1      1.000E+00 0.000E+00 0.000E+00 3.960E+00   0.000000 1.000E+00 1.000E+00
   1  370930  1     5.800E+00 0.000E+00 0.000E+00 0.000E+00 0.000E+00 0.000E+00
   1      9.860E-01 0.000E+00 1.400E-02 4.679E+00   0.000000 1.000E+00 1.000E+00
   1  370940  1     2.702E+00 0.000E+00 0.000E+00 0.000E+00 0.000E+00 0.000E+00
   1      8.990E-01 0.000E+00 1.010E-01 6.523E+00   0.000000 1.000E+00 1.000E+00
   1  370950  1     3.810E-01 0.000E+00 0.000E+00 0.000E+00 0.000E+00 0.000E+00
   1      9.140E-01 0.000E+00 8.600E-02 5.479E+00   0.000000 1.000E+00 1.000E+00
   1  370960  1     1.990E-01 0.000E+00 0.000E+00 0.000E+00 0.000E+00 0.000E+00
   1      8.660E-01 0.000E+00 1.340E-01 5.939E+00   0.000000 1.000E+00 1.000E+00
   1  370961  1     2.000E-01 0.000E+00 0.000E+00 0.000E+00 0.000E+00 5.000E-01
   1      5.000E-01 0.000E+00 0.000E+00 3.905E+00   0.000000 1.000E+00 1.000E+00
   1  370970  1     1.699E-01 0.000E+00 0.000E+00 0.000E+00 0.000E+00 0.000E+00
   1      7.490E-01 0.000E+00 2.510E-01 5.106E+00   0.000000 1.000E+00 1.000E+00
   1  370980  1     1.140E-01 0.000E+00 0.000E+00 0.000E+00 0.000E+00 0.000E+00
   1      5.100E-04 0.000E+00 1.380E-01 7.810E+00   0.000000 1.000E+00 1.000E+00
   1  370981  1     9.600E-02 0.000E+00 0.000E+00 0.000E+00 0.000E+00 0.000E+00
   1      1.000E+00 0.000E+00 0.000E+00 8.544E+00   0.000000 1.000E+00 1.000E+00
   1  370990  1     5.030E-02 0.000E+00 0.000E+00 0.000E+00 0.000E+00 0.000E+00
   1      8.410E-01 0.000E+00 1.590E-01 7.259E+00   0.000000 1.000E+00 1.000E+00
   1  371000  1     5.100E-02 0.000E+00 0.000E+00 0.000E+00 0.000E+00 0.000E+00
   1      1.500E-03 0.000E+00 5.600E-02 8.811E+00   0.000000 1.000E+00 1.000E+00
   1  371010  1     3.200E-02 0.000E+00 0.000E+00 0.000E+00 0.000E+00 0.000E+00
   1      1.000E+00 0.000E+00 0.000E+00 5.535E+00   0.000000 1.000E+00 1.000E+00
   1  371020  1     3.700E-02 0.000E+00 0.000E+00 0.000E+00 0.000E+00 0.000E+00
   1      8.200E-01 0.000E+00 1.800E-01 9.293E+00   0.000000 1.000E+00 1.000E+00
   1  380730  1     2.500E-02 0.000E+00 1.000E+00 0.000E+00 0.000E+00 0.000E+00
   1      0.000E+00 0.000E+00 0.000E+00 9.567E+00   0.000000 1.000E+00 1.000E+00
   1  380740  1     5.000E-02 0.000E+00 1.000E+00 0.000E+00 0.000E+00 0.000E+00
   1      0.000E+00 0.000E+00 0.000E+00 7.478E+00   0.000000 1.000E+00 1.000E+00
   1  380750  1     8.800E-02 0.000E+00 5.200E-02 0.000E+00 0.000E+00 0.000E+00
   1      0.000E+00 0.000E+00 0.000E+00 7.029E+00   0.000000 1.000E+00 1.000E+00
   1  380760  1     8.900E+00 0.000E+00 1.000E+00 0.000E+00 0.000E+00 0.000E+00
   1      0.000E+00 0.000E+00 0.000E+00 4.160E+00   0.000000 1.000E+00 1.000E+00
   1  380770  1     9.000E+00 0.000E+00 1.000E+00 0.000E+00 0.000E+00 0.000E+00
   1      0.000E+00 0.000E+00 0.000E+00 3.863E+00   0.000000 1.000E+00 1.000E+00
   1  380780  1     1.590E+02 0.000E+00 1.000E+00 0.000E+00 0.000E+00 0.000E+00
   1      0.000E+00 0.000E+00 0.000E+00 2.508E+00   0.000000 1.000E+00 1.000E+00
   1  380790  1     1.350E+02 0.000E+00 1.000E+00 0.000E+00 0.000E+00 0.000E+00
   1      0.000E+00 0.000E+00 0.000E+00 3.551E+00   0.000000 1.000E+00 1.000E+00
   1  380800  1     6.378E+03 0.000E+00 1.000E+00 0.000E+00 0.000E+00 0.000E+00
   1      0.000E+00 0.000E+00 0.000E+00 4.776E-01   0.000000 1.000E+00 1.000E+00
   1  380810  1     1.338E+03 0.000E+00 1.000E+00 1.000E-03 0.000E+00 0.000E+00
   1      0.000E+00 0.000E+00 0.000E+00 2.618E+00   0.000000 1.000E+00 1.000E+00
   1  380820  1     2.190E+06 0.000E+00 1.000E+00 0.000E+00 0.000E+00 0.000E+00
   1      0.000E+00 0.000E+00 0.000E+00 1.289E-02   0.000000 1.000E+00 1.000E+00
   1  380830  1     1.167E+05 0.000E+00 1.000E+00 0.000E+00 0.000E+00 0.000E+00
   1      0.000E+00 0.000E+00 0.000E+00 9.252E-01   0.000000 1.000E+00 1.000E+00
   1  380831  1     4.950E+00 0.000E+00 0.000E+00 0.000E+00 0.000E+00 1.000E+00
   1      0.000E+00 0.000E+00 0.000E+00 2.593E-01   0.000000 1.000E+00 1.000E+00
   1  380840  6     0.000E+00 0.000E+00 0.000E+00 0.000E+00 0.000E+00 0.000E+00
   1      0.000E+00 0.000E+00 0.000E+00 0.000E+00   0.560000 1.000E+00 1.000E+00
   1  380850  1     5.603E+06 0.000E+00 1.000E+00 0.000E+00 0.000E+00 0.000E+00
   1      0.000E+00 0.000E+00 0.000E+00 5.231E-01   0.000000 1.000E+00 1.000E+00
   1  380851  1     4.057E+03 0.000E+00 1.340E-01 0.000E+00 0.000E+00 8.660E-01
   1      0.000E+00 0.000E+00 0.000E+00 2.292E-01   0.000000 1.000E+00 1.000E+00
   1  380860  6     0.000E+00 0.000E+00 0.000E+00 0.000E+00 0.000E+00 0.000E+00
   1      0.000E+00 0.000E+00 0.000E+00 0.000E+00   9.860000 1.000E+00 1.000E+00
   1  380870  6     0.000E+00 0.000E+00 0.000E+00 0.000E+00 0.000E+00 0.000E+00
   1      0.000E+00 0.000E+00 0.000E+00 0.000E+00   7.000000 1.000E+00 1.000E+00
   1  380871  1     1.014E+04 0.000E+00 3.000E-03 0.000E+00 0.000E+00 9.970E-01
   1      0.000E+00 0.000E+00 0.000E+00 3.875E-01   0.000000 1.000E+00 1.000E+00
   1  380880  6     0.000E+00 0.000E+00 0.000E+00 0.000E+00 0.000E+00 0.000E+00
   1      0.000E+00 0.000E+00 0.000E+00 0.000E+00  82.580000 1.000E+00 1.000E+00
   1  380890  1     4.369E+06 9.640E-05 0.000E+00 0.000E+00 0.000E+00 0.000E+00
   1      1.000E+00 0.000E+00 0.000E+00 5.809E-01   0.000000 1.000E+00 1.000E+00
   1  380900  1     9.088E+08 0.000E+00 0.000E+00 0.000E+00 0.000E+00 0.000E+00
   1      1.000E+00 0.000E+00 0.000E+00 1.935E-01   0.000000 1.000E+00 1.000E+00
   1  380910  1     3.474E+04 5.884E-01 0.000E+00 0.000E+00 0.000E+00 0.000E+00
   1      1.000E+00 0.000E+00 0.000E+00 1.351E+00   0.000000 1.000E+00 1.000E+00
   1  380920  1     9.756E+03 0.000E+00 0.000E+00 0.000E+00 0.000E+00 0.000E+00
   1      1.000E+00 0.000E+00 0.000E+00 1.561E+00   0.000000 1.000E+00 1.000E+00
   1  380930  1     4.454E+02 2.502E-01 0.000E+00 0.000E+00 0.000E+00 0.000E+00
   1      1.000E+00 0.000E+00 0.000E+00 3.013E+00   0.000000 1.000E+00 1.000E+00
   1  380940  1     7.530E+01 0.000E+00 0.000E+00 0.000E+00 0.000E+00 0.000E+00
   1      1.000E+00 0.000E+00 0.000E+00 2.264E+00   0.000000 1.000E+00 1.000E+00
   1  380950  1     2.390E+01 0.000E+00 0.000E+00 0.000E+00 0.000E+00 0.000E+00
   1      1.000E+00 0.000E+00 0.000E+00 3.691E+00   0.000000 1.000E+00 1.000E+00
   1  380960  1     1.070E+00 0.000E+00 0.000E+00 0.000E+00 0.000E+00 0.000E+00
   1      1.000E+00 0.000E+00 0.000E+00 2.908E+00   0.000000 1.000E+00 1.000E+00
   1  380970  1     4.290E-01 1.488E-01 0.000E+00 0.000E+00 0.000E+00 0.000E+00
   1      9.995E-01 0.000E+00 2.500E-04 4.912E+00   0.000000 1.000E+00 1.000E+00
   1  380980  1     6.530E-01 0.000E+00 0.000E+00 0.000E+00 0.000E+00 0.000E+00
   1      1.000E+00 0.000E+00 0.000E+00 2.941E+00   0.000000 1.000E+00 1.000E+00
   1  380990  1     2.700E-01 0.000E+00 0.000E+00 0.000E+00 0.000E+00 0.000E+00
   1      1.000E+00 0.000E+00 0.000E+00 4.073E+00   0.000000 1.000E+00 1.000E+00
   1  381000  1     2.020E-01 0.000E+00 0.000E+00 0.000E+00 0.000E+00 0.000E+00
   1      9.922E-01 0.000E+00 7.800E-03 4.688E+00   0.000000 1.000E+00 1.000E+00
   1  381010  1     1.180E-01 0.000E+00 0.000E+00 0.000E+00 0.000E+00 0.000E+00
   1      9.763E-01 0.000E+00 1.185E-02 6.249E+00   0.000000 1.000E+00 1.000E+00
   1  381020  1     6.900E-02 5.000E-01 0.000E+00 0.000E+00 0.000E+00 0.000E+00
   1      9.450E-01 0.000E+00 5.500E-02 5.642E+00   0.000000 1.000E+00 1.000E+00
   1  381030  1     5.000E-02 0.000E+00 0.000E+00 0.000E+00 0.000E+00 0.000E+00
   1      1.000E+00 0.000E+00 0.000E+00 7.593E+00   0.000000 1.000E+00 1.000E+00
   1  381040  1     3.000E-02 0.000E+00 0.000E+00 0.000E+00 0.000E+00 0.000E+00
   1      1.000E+00 0.000E+00 0.000E+00 7.007E+00   0.000000 1.000E+00 1.000E+00
   1  381050  1     2.000E-02 0.000E+00 0.000E+00 0.000E+00 0.000E+00 0.000E+00
   1      1.000E+00 0.000E+00 0.000E+00 8.513E+00   0.000000 1.000E+00 1.000E+00
   1  390760  1     5.000E-07 0.000E+00 5.000E-01 0.000E+00 0.000E+00 0.000E+00
   1      0.000E+00 0.000E+00 0.000E+00 5.496E+00   0.000000 1.000E+00 1.000E+00
   1  390770  1     6.300E-02 0.000E+00 9.000E-01 0.000E+00 0.000E+00 0.000E+00
   1      0.000E+00 0.000E+00 0.000E+00 6.541E+00   0.000000 1.000E+00 1.000E+00
   1  390780  1     5.400E-02 0.000E+00 1.000E+00 0.000E+00 0.000E+00 0.000E+00
   1      0.000E+00 0.000E+00 0.000E+00 7.096E+00   0.000000 1.000E+00 1.000E+00
   1  390781  1     5.800E-03 0.000E+00 1.000E+00 0.000E+00 0.000E+00 0.000E+00
   1      0.000E+00 0.000E+00 0.000E+00 7.096E+00   0.000000 1.000E+00 1.000E+00
   1  390790  1     1.480E+01 0.000E+00 1.000E+00 0.000E+00 0.000E+00 0.000E+00
   1      0.000E+00 0.000E+00 0.000E+00 4.745E+00   0.000000 1.000E+00 1.000E+00
   1  390800  1     3.500E+01 0.000E+00 1.000E+00 0.000E+00 0.000E+00 0.000E+00
   1      0.000E+00 0.000E+00 0.000E+00 5.389E+00   0.000000 1.000E+00 1.000E+00
   1  390801  1     4.800E+00 0.000E+00 1.900E-01 0.000E+00 0.000E+00 8.100E-01
   1      0.000E+00 0.000E+00 0.000E+00 1.365E+00   0.000000 1.000E+00 1.000E+00
   1  390810  1     7.040E+01 0.000E+00 1.000E+00 0.000E+00 0.000E+00 0.000E+00
   1      0.000E+00 0.000E+00 0.000E+00 3.291E+00   0.000000 1.000E+00 1.000E+00
   1  390820  1     8.300E+00 0.000E+00 1.000E+00 0.000E+00 0.000E+00 0.000E+00
   1      0.000E+00 0.000E+00 0.000E+00 5.212E+00   0.000000 1.000E+00 1.000E+00
   1  390830  1     4.248E+02 0.000E+00 1.000E+00 2.220E-02 0.000E+00 0.000E+00
   1      0.000E+00 0.000E+00 0.000E+00 2.973E+00   0.000000 1.000E+00 1.000E+00
   1  390831  1     1.710E+02 0.000E+00 6.000E-01 1.000E+00 0.000E+00 4.000E-01
   1      0.000E+00 0.000E+00 0.000E+00 1.732E+00   0.000000 1.000E+00 1.000E+00
   1  390840  1     2.370E+03 0.000E+00 1.000E+00 0.000E+00 0.000E+00 0.000E+00
   1      0.000E+00 0.000E+00 0.000E+00 5.119E+00   0.000000 1.000E+00 1.000E+00
   1  390841  1     4.600E+00 0.000E+00 1.000E+00 0.000E+00 0.000E+00 0.000E+00
   1      0.000E+00 0.000E+00 0.000E+00 3.811E+00   0.000000 1.000E+00 1.000E+00
   1  390850  1     9.648E+03 0.000E+00 1.000E+00 1.000E+00 0.000E+00 0.000E+00
   1      0.000E+00 0.000E+00 0.000E+00 2.015E+00   0.000000 1.000E+00 1.000E+00
   1  390851  1     1.750E+04 0.000E+00 1.000E+00 1.118E-01 0.000E+00 2.000E-05
   1      0.000E+00 0.000E+00 0.000E+00 2.169E+00   0.000000 1.000E+00 1.000E+00
   1  390860  1     5.306E+04 0.000E+00 1.000E+00 0.000E+00 0.000E+00 0.000E+00
   1      0.000E+00 0.000E+00 0.000E+00 3.788E+00   0.000000 1.000E+00 1.000E+00
   1  390861  1     2.880E+03 0.000E+00 6.900E-03 0.000E+00 0.000E+00 9.931E-01
   1      0.000E+00 0.000E+00 0.000E+00 2.432E-01   0.000000 1.000E+00 1.000E+00
   1  390870  1     2.873E+05 0.000E+00 1.000E+00 1.000E+00 0.000E+00 0.000E+00
   1      0.000E+00 0.000E+00 0.000E+00 4.689E-01   0.000000 1.000E+00 1.000E+00
   1  390871  1     4.813E+04 0.000E+00 1.570E-02 0.000E+00 0.000E+00 9.843E-01
   1      0.000E+00 0.000E+00 0.000E+00 3.868E-01   0.000000 1.000E+00 1.000E+00
   1  390880  1     9.213E+06 0.000E+00 1.000E+00 0.000E+00 0.000E+00 0.000E+00
   1      0.000E+00 0.000E+00 0.000E+00 2.700E+00   0.000000 1.000E+00 1.000E+00
   1  390881  1     1.390E-02 0.000E+00 0.000E+00 0.000E+00 0.000E+00 1.000E+00
   1      0.000E+00 0.000E+00 0.000E+00 6.745E-01   0.000000 1.000E+00 1.000E+00
   1  390890  6     0.000E+00 0.000E+00 0.000E+00 0.000E+00 0.000E+00 0.000E+00
   1      0.000E+00 0.000E+00 0.000E+00 0.000E+00 100.000000 1.000E+00 1.000E+00
   1  390891  1     1.566E+01 0.000E+00 0.000E+00 0.000E+00 0.000E+00 1.000E+00
   1      0.000E+00 0.000E+00 0.000E+00 9.090E-01   0.000000 1.000E+00 1.000E+00
   1  390900  1     2.304E+05 0.000E+00 0.000E+00 0.000E+00 0.000E+00 0.000E+00
   1      1.000E+00 0.000E+00 0.000E+00 9.338E-01   0.000000 1.000E+00 1.000E+00
   1  390901  1     1.148E+04 0.000E+00 0.000E+00 0.000E+00 0.000E+00 1.000E+00
   1      0.000E+00 0.000E+00 0.000E+00 6.806E-01   0.000000 1.000E+00 1.000E+00
   1  390910  1     5.055E+06 0.000E+00 0.000E+00 0.000E+00 0.000E+00 0.000E+00
   1      1.000E+00 0.000E+00 0.000E+00 6.091E-01   0.000000 1.000E+00 1.000E+00
   1  390911  1     2.983E+03 0.000E+00 0.000E+00 0.000E+00 0.000E+00 1.000E+00
   1      0.000E+00 0.000E+00 0.000E+00 5.558E-01   0.000000 1.000E+00 1.000E+00
   1  390920  1     1.274E+04 0.000E+00 0.000E+00 0.000E+00 0.000E+00 0.000E+00
   1      1.000E+00 0.000E+00 0.000E+00 1.689E+00   0.000000 1.000E+00 1.000E+00
   1  390930  1     3.665E+04 0.000E+00 0.000E+00 0.000E+00 0.000E+00 0.000E+00
   1      1.000E+00 0.000E+00 0.000E+00 1.269E+00   0.000000 1.000E+00 1.000E+00
   1  390931  1     8.200E-01 0.000E+00 0.000E+00 0.000E+00 0.000E+00 1.000E+00
   1      0.000E+00 0.000E+00 0.000E+00 7.573E-01   0.000000 1.000E+00 1.000E+00
   1  390940  1     1.122E+03 0.000E+00 0.000E+00 0.000E+00 0.000E+00 0.000E+00
   1      1.000E+00 0.000E+00 0.000E+00 2.579E+00   0.000000 1.000E+00 1.000E+00
   1  390950  1     6.180E+02 0.000E+00 0.000E+00 0.000E+00 0.000E+00 0.000E+00
   1      1.000E+00 0.000E+00 0.000E+00 2.528E+00   0.000000 1.000E+00 1.000E+00
   1  390960  1     5.340E+00 0.000E+00 0.000E+00 0.000E+00 0.000E+00 0.000E+00
   1      1.000E+00 0.000E+00 0.000E+00 3.286E+00   0.000000 1.000E+00 1.000E+00
   1  390961  1     9.620E+00 0.000E+00 0.000E+00 0.000E+00 0.000E+00 0.000E+00
   1      1.000E+00 0.000E+00 0.000E+00 6.410E+00   0.000000 1.000E+00 1.000E+00
   1  390970  1     3.750E+00 0.000E+00 0.000E+00 0.000E+00 0.000E+00 0.000E+00
   1      9.995E-01 0.000E+00 5.500E-04 3.981E+00   0.000000 1.000E+00 1.000E+00
   1  390971  1     1.170E+00 0.000E+00 0.000E+00 0.000E+00 0.000E+00 7.000E-03
   1      9.925E-01 0.000E+00 5.000E-04 4.428E+00   0.000000 1.000E+00 1.000E+00
   1  390972  1     1.420E-01 0.000E+00 0.000E+00 0.000E+00 0.000E+00 0.000E+00
   1      1.600E-02 9.840E-01 0.000E+00 2.928E+00   0.000000 1.000E+00 1.000E+00
   1  390980  1     5.900E-01 0.000E+00 0.000E+00 0.000E+00 0.000E+00 0.000E+00
   1      9.973E-01 0.000E+00 2.700E-03 5.394E+00   0.000000 1.000E+00 1.000E+00
   1  390981  1     2.000E+00 0.000E+00 0.000E+00 0.000E+00 0.000E+00 0.000E+00
   1      9.656E-01 0.000E+00 3.440E-02 6.098E+00   0.000000 1.000E+00 1.000E+00
   1  390990  1     1.477E+00 0.000E+00 0.000E+00 0.000E+00 0.000E+00 0.000E+00
   1      9.830E-01 0.000E+00 1.700E-02 3.975E+00   0.000000 1.000E+00 1.000E+00
   1  391000  1     7.350E-01 0.000E+00 0.000E+00 0.000E+00 0.000E+00 0.000E+00
   1      9.908E-01 0.000E+00 9.200E-03 6.166E+00   0.000000 1.000E+00 1.000E+00
   1  391001  1     9.400E-01 0.000E+00 0.000E+00 0.000E+00 0.000E+00 0.000E+00
   1      1.000E+00 0.000E+00 0.000E+00 6.340E+00   0.000000 1.000E+00 1.000E+00
   1  391010  1     4.500E-01 0.000E+00 0.000E+00 0.000E+00 0.000E+00 0.000E+00
   1      1.000E+00 0.000E+00 0.000E+00 4.274E+00   0.000000 1.000E+00 1.000E+00
   1  391020  1     3.000E-01 0.000E+00 0.000E+00 0.000E+00 0.000E+00 0.000E+00
   1      9.510E-01 0.000E+00 4.900E-02 6.373E+00   0.000000 1.000E+00 1.000E+00
   1  391021  1     3.600E-01 0.000E+00 0.000E+00 0.000E+00 0.000E+00 0.000E+00
   1      9.510E-01 0.000E+00 4.900E-02 6.508E+00   0.000000 1.000E+00 1.000E+00
   1  391030  1     2.240E-01 0.000E+00 0.000E+00 0.000E+00 0.000E+00 0.000E+00
   1      9.200E-01 0.000E+00 8.000E-02 6.067E+00   0.000000 1.000E+00 1.000E+00
   1  391040  1     1.300E-01 0.000E+00 0.000E+00 0.000E+00 0.000E+00 0.000E+00
   1      9.122E-01 0.000E+00 8.777E-02 7.293E+00   0.000000 1.000E+00 1.000E+00
   1  391050  1     1.500E-01 0.000E+00 0.000E+00 0.000E+00 0.000E+00 0.000E+00
   1      8.025E-01 0.000E+00 1.975E-01 5.820E+00   0.000000 1.000E+00 1.000E+00
   1  391060  1     5.000E-02 0.000E+00 0.000E+00 0.000E+00 0.000E+00 0.000E+00
   1      1.000E+00 0.000E+00 0.000E+00 8.620E+00   0.000000 1.000E+00 1.000E+00
   1  391070  1     3.000E-02 0.000E+00 0.000E+00 0.000E+00 0.000E+00 0.000E+00
   1      1.000E+00 0.000E+00 0.000E+00 8.313E+00   0.000000 1.000E+00 1.000E+00
   1  391080  1     2.000E-02 0.000E+00 0.000E+00 0.000E+00 0.000E+00 0.000E+00
   1      1.000E+00 0.000E+00 0.000E+00 9.640E+00   0.000000 1.000E+00 1.000E+00
   1  400780  1     5.000E-02 0.000E+00 1.000E+00 0.000E+00 0.000E+00 0.000E+00
   1      0.000E+00 0.000E+00 0.000E+00 7.220E+00   0.000000 1.000E+00 1.000E+00
   1  400790  1     5.600E-02 0.000E+00 1.000E+00 0.000E+00 0.000E+00 0.000E+00
   1      0.000E+00 0.000E+00 0.000E+00 7.333E+00   0.000000 1.000E+00 1.000E+00
   1  400800  1     4.600E+00 0.000E+00 1.000E+00 1.000E+00 0.000E+00 0.000E+00
   1      0.000E+00 0.000E+00 0.000E+00 3.648E+00   0.000000 1.000E+00 1.000E+00
   1  400810  1     5.500E+00 0.000E+00 1.200E-03 0.000E+00 0.000E+00 0.000E+00
   1      0.000E+00 0.000E+00 0.000E+00 5.018E+00   0.000000 1.000E+00 1.000E+00
   1  400820  1     3.200E+01 0.000E+00 1.000E+00 0.000E+00 0.000E+00 0.000E+00
   1      0.000E+00 0.000E+00 0.000E+00 2.667E+00   0.000000 1.000E+00 1.000E+00
   1  400830  1     4.160E+01 0.000E+00 1.000E+00 9.610E-01 0.000E+00 0.000E+00
   1      0.000E+00 0.000E+00 0.000E+00 3.288E+00   0.000000 1.000E+00 1.000E+00
   1  400840  1     1.554E+03 0.000E+00 1.000E+00 0.000E+00 0.000E+00 0.000E+00
   1      0.000E+00 0.000E+00 0.000E+00 1.780E+00   0.000000 1.000E+00 1.000E+00
   1  400850  1     4.716E+02 0.000E+00 1.000E+00 0.000E+00 0.000E+00 0.000E+00
   1      0.000E+00 0.000E+00 0.000E+00 2.781E+00   0.000000 1.000E+00 1.000E+00
   1  400851  1     1.090E+01 0.000E+00 8.000E-02 0.000E+00 0.000E+00 9.200E-01
   1      0.000E+00 0.000E+00 0.000E+00 5.346E-01   0.000000 1.000E+00 1.000E+00
   1  400860  1     5.940E+04 0.000E+00 1.000E+00 5.000E-01 0.000E+00 0.000E+00
   1      0.000E+00 0.000E+00 0.000E+00 9.166E-01   0.000000 1.000E+00 1.000E+00
   1  400870  1     6.048E+03 0.000E+00 1.000E+00 9.972E-01 0.000E+00 0.000E+00
   1      0.000E+00 0.000E+00 0.000E+00 1.767E+00   0.000000 1.000E+00 1.000E+00
   1  400871  1     1.400E+01 0.000E+00 0.000E+00 0.000E+00 0.000E+00 1.000E+00
   1      0.000E+00 0.000E+00 0.000E+00 3.356E-01   0.000000 1.000E+00 1.000E+00
   1  400880  1     7.206E+06 0.000E+00 1.000E+00 0.000E+00 0.000E+00 0.000E+00
   1      0.000E+00 0.000E+00 0.000E+00 4.079E-01   0.000000 1.000E+00 1.000E+00
   1  400890  1     2.823E+05 0.000E+00 1.000E+00 9.988E-01 0.000E+00 0.000E+00
   1      0.000E+00 0.000E+00 0.000E+00 3.516E-01   0.000000 1.000E+00 1.000E+00
   1  400891  1     2.508E+02 0.000E+00 6.660E-02 0.000E+00 0.000E+00 9.334E-01
   1      0.000E+00 0.000E+00 0.000E+00 6.708E-01   0.000000 1.000E+00 1.000E+00
   1  400900  6     0.000E+00 0.000E+00 0.000E+00 0.000E+00 0.000E+00 0.000E+00
   1      0.000E+00 0.000E+00 0.000E+00 0.000E+00  51.450000 1.000E+00 1.000E+00
   1  400901  1     8.082E-01 0.000E+00 0.000E+00 0.000E+00 0.000E+00 1.000E+00
   1      0.000E+00 0.000E+00 0.000E+00 2.320E+00   0.000000 1.000E+00 1.000E+00
   1  400910  6     0.000E+00 0.000E+00 0.000E+00 0.000E+00 0.000E+00 0.000E+00
   1      0.000E+00 0.000E+00 0.000E+00 0.000E+00  11.220000 1.000E+00 1.000E+00
   1  400920  6     0.000E+00 0.000E+00 0.000E+00 0.000E+00 0.000E+00 0.000E+00
   1      0.000E+00 0.000E+00 0.000E+00 0.000E+00  17.150000 1.000E+00 1.000E+00
   1  400930  1     5.081E+13 7.300E-01 0.000E+00 0.000E+00 0.000E+00 0.000E+00
   1      1.000E+00 0.000E+00 0.000E+00 2.244E-02   0.000000 1.000E+00 1.000E+00
   1  400940  1     3.471E+24 0.000E+00 0.000E+00 0.000E+00 0.000E+00 0.000E+00
   1      1.000E+00 0.000E+00 0.000E+00 1.142E+00  17.380000 1.000E+00 1.000E+00
   1  400950  1     5.532E+06 1.080E-02 0.000E+00 0.000E+00 0.000E+00 0.000E+00
   1      1.000E+00 0.000E+00 0.000E+00 8.505E-01   0.000000 1.000E+00 1.000E+00
   1  400960  1     6.311E+26 0.000E+00 0.000E+00 0.000E+00 0.000E+00 0.000E+00
   1      1.000E+00 0.000E+00 0.000E+00 3.349E+00   2.800000 1.000E+00 1.000E+00
   1  400970  1     6.028E+04 9.505E-01 0.000E+00 0.000E+00 0.000E+00 0.000E+00
   1      1.000E+00 0.000E+00 0.000E+00 8.614E-01   0.000000 1.000E+00 1.000E+00
   1  400980  1     3.070E+01 0.000E+00 0.000E+00 0.000E+00 0.000E+00 0.000E+00
   1      1.000E+00 0.000E+00 0.000E+00 9.100E-01   0.000000 1.000E+00 1.000E+00
   1  400990  1     2.200E+00 3.680E-01 0.000E+00 0.000E+00 0.000E+00 0.000E+00
   1      1.000E+00 0.000E+00 0.000E+00 2.380E+00   0.000000 1.000E+00 1.000E+00
   1  401000  1     7.100E+00 0.000E+00 0.000E+00 0.000E+00 0.000E+00 0.000E+00
   1      1.000E+00 0.000E+00 0.000E+00 1.606E+00   0.000000 1.000E+00 1.000E+00
   1  401010  1     2.300E+00 0.000E+00 0.000E+00 0.000E+00 0.000E+00 0.000E+00
   1      1.000E+00 0.000E+00 0.000E+00 2.737E+00   0.000000 1.000E+00 1.000E+00
   1  401020  1     2.900E+00 0.000E+00 0.000E+00 0.000E+00 0.000E+00 0.000E+00
   1      1.000E+00 0.000E+00 0.000E+00 2.154E+00   0.000000 1.000E+00 1.000E+00
   1  401030  1     1.300E+00 0.000E+00 0.000E+00 0.000E+00 0.000E+00 0.000E+00
   1      1.000E+00 0.000E+00 0.000E+00 4.633E+00   0.000000 1.000E+00 1.000E+00
   1  401040  1     1.200E+00 0.000E+00 0.000E+00 0.000E+00 0.000E+00 0.000E+00
   1      1.000E+00 0.000E+00 0.000E+00 3.920E+00   0.000000 1.000E+00 1.000E+00
   1  401050  1     6.000E-01 0.000E+00 0.000E+00 0.000E+00 0.000E+00 0.000E+00
   1      9.860E-01 0.000E+00 1.400E-02 4.430E+00   0.000000 1.000E+00 1.000E+00
   1  401060  1     9.000E-01 0.000E+00 0.000E+00 0.000E+00 0.000E+00 0.000E+00
   1      9.848E-01 0.000E+00 1.524E-02 3.235E+00   0.000000 1.000E+00 1.000E+00
   1  401070  1     2.400E-01 0.000E+00 0.000E+00 0.000E+00 0.000E+00 0.000E+00
   1      9.629E-01 0.000E+00 3.713E-02 5.201E+00   0.000000 1.000E+00 1.000E+00
   1  401080  1     8.000E-02 0.000E+00 0.000E+00 0.000E+00 0.000E+00 0.000E+00
   1      1.000E+00 0.000E+00 0.000E+00 5.667E+00   0.000000 1.000E+00 1.000E+00
   1  401090  1     6.000E-02 0.000E+00 0.000E+00 0.000E+00 0.000E+00 0.000E+00
   1      1.000E+00 0.000E+00 0.000E+00 7.213E+00   0.000000 1.000E+00 1.000E+00
   1  401100  1     3.000E-02 0.000E+00 0.000E+00 0.000E+00 0.000E+00 0.000E+00
   1      1.000E+00 0.000E+00 0.000E+00 6.480E+00   0.000000 1.000E+00 1.000E+00
   1  410810  1     4.400E-08 0.000E+00 5.000E-01 0.000E+00 0.000E+00 0.000E+00
   1      0.000E+00 0.000E+00 0.000E+00 4.045E+00   0.000000 1.000E+00 1.000E+00
   1  410820  1     5.000E-02 0.000E+00 1.000E+00 0.000E+00 0.000E+00 0.000E+00
   1      0.000E+00 0.000E+00 0.000E+00 5.861E+00   0.000000 1.000E+00 1.000E+00
   1  410830  1     4.100E+00 0.000E+00 1.000E+00 0.000E+00 0.000E+00 0.000E+00
   1      0.000E+00 0.000E+00 0.000E+00 5.000E+00   0.000000 1.000E+00 1.000E+00
   1  410840  1     9.800E+00 0.000E+00 1.000E+00 0.000E+00 0.000E+00 0.000E+00
   1      0.000E+00 0.000E+00 0.000E+00 5.939E+00   0.000000 1.000E+00 1.000E+00
   1  410850  1     2.090E+01 0.000E+00 1.000E+00 0.000E+00 0.000E+00 0.000E+00
   1      0.000E+00 0.000E+00 0.000E+00 4.000E+00   0.000000 1.000E+00 1.000E+00
   1  410851  1     1.200E+01 0.000E+00 1.000E+00 1.000E+00 0.000E+00 0.000E+00
   1      0.000E+00 0.000E+00 0.000E+00 4.311E+00   0.000000 1.000E+00 1.000E+00
   1  410860  1     8.800E+01 0.000E+00 1.000E+00 0.000E+00 0.000E+00 0.000E+00
   1      0.000E+00 0.000E+00 0.000E+00 5.313E+00   0.000000 1.000E+00 1.000E+00
   1  410861  1     5.600E+01 0.000E+00 1.000E+00 0.000E+00 0.000E+00 0.000E+00
   1      0.000E+00 0.000E+00 0.000E+00 5.480E+00   0.000000 1.000E+00 1.000E+00
   1  410870  1     2.250E+02 0.000E+00 1.000E+00 0.000E+00 0.000E+00 0.000E+00
   1      0.000E+00 0.000E+00 0.000E+00 2.994E+00   0.000000 1.000E+00 1.000E+00
   1  410871  1     1.560E+02 0.000E+00 1.000E+00 0.000E+00 0.000E+00 0.000E+00
   1      0.000E+00 0.000E+00 0.000E+00 3.157E+00   0.000000 1.000E+00 1.000E+00
   1  410880  1     8.700E+02 0.000E+00 1.000E+00 0.000E+00 0.000E+00 0.000E+00
   1      0.000E+00 0.000E+00 0.000E+00 5.035E+00   0.000000 1.000E+00 1.000E+00
   1  410881  1     4.680E+02 0.000E+00 1.000E+00 0.000E+00 0.000E+00 0.000E+00
   1      0.000E+00 0.000E+00 0.000E+00 5.295E+00   0.000000 1.000E+00 1.000E+00
   1  410890  1     7.308E+03 0.000E+00 1.000E+00 1.225E-02 0.000E+00 0.000E+00
   1      0.000E+00 0.000E+00 0.000E+00 2.445E+00   0.000000 1.000E+00 1.000E+00
   1  410891  1     3.960E+03 0.000E+00 1.000E+00 1.000E+00 0.000E+00 0.000E+00
   1      0.000E+00 0.000E+00 0.000E+00 2.421E+00   0.000000 1.000E+00 1.000E+00
   1  410900  1     5.252E+04 0.000E+00 1.000E+00 9.810E-01 0.000E+00 0.000E+00
   1      0.000E+00 0.000E+00 0.000E+00 2.352E+00   0.000000 1.000E+00 1.000E+00
   1  410901  1     1.881E+01 0.000E+00 0.000E+00 0.000E+00 0.000E+00 1.000E+00
   1      0.000E+00 0.000E+00 0.000E+00 1.247E-01   0.000000 1.000E+00 1.000E+00
   1  410902  1     6.220E-03 0.000E+00 0.000E+00 0.000E+00 0.000E+00 0.000E+00
   1      0.000E+00 1.000E+00 0.000E+00 2.573E-01   0.000000 1.000E+00 1.000E+00
   1  410910  1     2.146E+10 0.000E+00 1.000E+00 0.000E+00 0.000E+00 0.000E+00
   1      0.000E+00 0.000E+00 0.000E+00 1.845E-02   0.000000 1.000E+00 1.000E+00
   1  410911  1     5.262E+06 0.000E+00 2.400E-02 0.000E+00 0.000E+00 9.760E-01
   1      0.000E+00 0.000E+00 0.000E+00 1.315E-01   0.000000 1.000E+00 1.000E+00
   1  410920  1     1.105E+15 0.000E+00 1.000E+00 0.000E+00 0.000E+00 0.000E+00
   1      0.000E+00 0.000E+00 0.000E+00 1.511E+00   0.000000 1.000E+00 1.000E+00
   1  410921  1     8.770E+05 0.000E+00 1.000E+00 0.000E+00 0.000E+00 0.000E+00
   1      0.000E+00 0.000E+00 0.000E+00 9.768E-01   0.000000 1.000E+00 1.000E+00
   1  410930  6     0.000E+00 0.000E+00 0.000E+00 0.000E+00 0.000E+00 0.000E+00
   1      0.000E+00 0.000E+00 0.000E+00 0.000E+00 100.000000 1.000E+00 1.000E+00
   1  410931  1     5.087E+08 0.000E+00 0.000E+00 0.000E+00 0.000E+00 1.000E+00
   1      0.000E+00 0.000E+00 0.000E+00 3.090E-02   0.000000 1.000E+00 1.000E+00
   1  410940  1     6.307E+11 0.000E+00 0.000E+00 0.000E+00 0.000E+00 0.000E+00
   1      1.000E+00 0.000E+00 0.000E+00 1.740E+00   0.000000 1.000E+00 1.000E+00
   1  410941  1     3.756E+02 0.000E+00 0.000E+00 0.000E+00 0.000E+00 9.950E-01
   1      5.000E-03 0.000E+00 0.000E+00 4.736E-02   0.000000 1.000E+00 1.000E+00
   1  410950  1     3.023E+06 0.000E+00 0.000E+00 0.000E+00 0.000E+00 0.000E+00
   1      1.000E+00 0.000E+00 0.000E+00 8.091E-01   0.000000 1.000E+00 1.000E+00
   1  410951  1     3.119E+05 0.000E+00 0.000E+00 0.000E+00 0.000E+00 9.750E-01
   1      2.500E-02 0.000E+00 0.000E+00 2.422E-01   0.000000 1.000E+00 1.000E+00
   1  410960  1     8.406E+04 0.000E+00 0.000E+00 0.000E+00 0.000E+00 0.000E+00
   1      1.000E+00 0.000E+00 0.000E+00 2.696E+00   0.000000 1.000E+00 1.000E+00
   1  410970  1     4.326E+03 0.000E+00 0.000E+00 0.000E+00 0.000E+00 0.000E+00
   1      1.000E+00 0.000E+00 0.000E+00 1.133E+00   0.000000 1.000E+00 1.000E+00
   1  410971  1     5.270E+01 0.000E+00 0.000E+00 0.000E+00 0.000E+00 1.000E+00
   1      0.000E+00 0.000E+00 0.000E+00 7.424E-01   0.000000 1.000E+00 1.000E+00
   1  410980  1     2.860E+00 0.000E+00 0.000E+00 0.000E+00 0.000E+00 0.000E+00
   1      1.000E+00 0.000E+00 0.000E+00 2.290E+00   0.000000 1.000E+00 1.000E+00
   1  410981  1     3.078E+03 0.000E+00 0.000E+00 0.000E+00 0.000E+00 0.000E+00
   1      1.000E+00 0.000E+00 0.000E+00 3.553E+00   0.000000 1.000E+00 1.000E+00
   1  410990  1     1.500E+01 0.000E+00 0.000E+00 0.000E+00 0.000E+00 0.000E+00
   1      1.000E+00 0.000E+00 0.000E+00 1.748E+00   0.000000 1.000E+00 1.000E+00
   1  410991  1     1.560E+02 0.000E+00 0.000E+00 0.000E+00 0.000E+00 2.000E-02
   1      9.800E-01 0.000E+00 0.000E+00 2.066E+00   0.000000 1.000E+00 1.000E+00
   1  411000  1     1.500E+00 0.000E+00 0.000E+00 0.000E+00 0.000E+00 0.000E+00
   1      1.000E+00 0.000E+00 0.000E+00 3.262E+00   0.000000 1.000E+00 1.000E+00
   1  411001  1     2.900E+00 0.000E+00 0.000E+00 0.000E+00 0.000E+00 0.000E+00
   1      1.000E+00 0.000E+00 0.000E+00 4.112E+00   0.000000 1.000E+00 1.000E+00
   1  411010  1     7.100E+00 0.000E+00 0.000E+00 0.000E+00 0.000E+00 0.000E+00
   1      1.000E+00 0.000E+00 0.000E+00 2.233E+00   0.000000 1.000E+00 1.000E+00
   1  411020  1     1.300E+00 0.000E+00 0.000E+00 0.000E+00 0.000E+00 0.000E+00
   1      1.000E+00 0.000E+00 0.000E+00 4.805E+00   0.000000 1.000E+00 1.000E+00
   1  411021  1     4.300E+00 0.000E+00 0.000E+00 0.000E+00 0.000E+00 0.000E+00
   1      1.000E+00 0.000E+00 0.000E+00 4.369E+00   0.000000 1.000E+00 1.000E+00
   1  411030  1     1.500E+00 0.000E+00 0.000E+00 0.000E+00 0.000E+00 0.000E+00
   1      1.000E+00 0.000E+00 0.000E+00 3.687E+00   0.000000 1.000E+00 1.000E+00
   1  411040  1     4.900E+00 0.000E+00 0.000E+00 0.000E+00 0.000E+00 0.000E+00
   1      9.994E-01 0.000E+00 6.000E-04 5.404E+00   0.000000 1.000E+00 1.000E+00
   1  411041  1     9.400E-01 0.000E+00 0.000E+00 0.000E+00 0.000E+00 0.000E+00
   1      9.995E-01 0.000E+00 5.000E-04 5.551E+00   0.000000 1.000E+00 1.000E+00
   1  411050  1     2.950E+00 0.000E+00 0.000E+00 0.000E+00 0.000E+00 0.000E+00
   1      9.830E-01 0.000E+00 1.700E-02 4.271E+00   0.000000 1.000E+00 1.000E+00
   1  411060  1     9.200E-01 0.000E+00 0.000E+00 0.000E+00 0.000E+00 0.000E+00
   1      9.550E-01 0.000E+00 4.500E-02 5.902E+00   0.000000 1.000E+00 1.000E+00
   1  411070  1     3.000E-01 0.000E+00 0.000E+00 0.000E+00 0.000E+00 0.000E+00
   1      9.400E-01 0.000E+00 6.000E-02 5.173E+00   0.000000 1.000E+00 1.000E+00
   1  411080  1     1.930E-01 0.000E+00 0.000E+00 0.000E+00 0.000E+00 0.000E+00
   1      9.380E-01 0.000E+00 6.200E-02 6.822E+00   0.000000 1.000E+00 1.000E+00
   1  411090  1     1.900E-01 0.000E+00 0.000E+00 0.000E+00 0.000E+00 0.000E+00
   1      8.735E-01 0.000E+00 1.265E-01 5.489E+00   0.000000 1.000E+00 1.000E+00
   1  411100  1     1.700E-01 0.000E+00 0.000E+00 0.000E+00 0.000E+00 0.000E+00
   1      6.000E-01 0.000E+00 4.000E-01 6.404E+00   0.000000 1.000E+00 1.000E+00
   1  411110  1     8.000E-02 0.000E+00 0.000E+00 0.000E+00 0.000E+00 0.000E+00
   1      1.000E+00 0.000E+00 0.000E+00 6.980E+00   0.000000 1.000E+00 1.000E+00
   1  411120  1     6.000E-02 0.000E+00 0.000E+00 0.000E+00 0.000E+00 0.000E+00
   1      1.000E+00 0.000E+00 0.000E+00 8.687E+00   0.000000 1.000E+00 1.000E+00
   1  411130  1     3.000E-02 0.000E+00 0.000E+00 0.000E+00 0.000E+00 0.000E+00
   1      1.000E+00 0.000E+00 0.000E+00 7.960E+00   0.000000 1.000E+00 1.000E+00
   1  420830  1     2.300E-02 0.000E+00 1.000E+00 0.000E+00 0.000E+00 0.000E+00
   1      0.000E+00 0.000E+00 0.000E+00 7.473E+00   0.000000 1.000E+00 1.000E+00
   1  420840  1     3.800E-03 0.000E+00 1.000E+00 0.000E+00 0.000E+00 0.000E+00
   1      0.000E+00 0.000E+00 0.000E+00 4.047E+00   0.000000 1.000E+00 1.000E+00
   1  420850  1     3.200E+00 0.000E+00 1.000E+00 1.000E+00 0.000E+00 0.000E+00
   1      0.000E+00 0.000E+00 0.000E+00 4.861E+00   0.000000 1.000E+00 1.000E+00
   1  420860  1     1.960E+01 0.000E+00 1.000E+00 5.000E-01 0.000E+00 0.000E+00
   1      0.000E+00 0.000E+00 0.000E+00 3.430E+00   0.000000 1.000E+00 1.000E+00
   1  420870  1     1.402E+01 0.000E+00 1.000E+00 0.000E+00 0.000E+00 0.000E+00
   1      0.000E+00 0.000E+00 0.000E+00 1.241E+00   0.000000 1.000E+00 1.000E+00
   1  420880  1     4.800E+02 0.000E+00 1.000E+00 5.000E-01 0.000E+00 0.000E+00
   1      0.000E+00 0.000E+00 0.000E+00 2.117E+00   0.000000 1.000E+00 1.000E+00
   1  420890  1     1.266E+02 0.000E+00 1.000E+00 8.908E-03 0.000E+00 0.000E+00
   1      0.000E+00 0.000E+00 0.000E+00 3.211E+00   0.000000 1.000E+00 1.000E+00
   1  420891  1     1.900E-01 0.000E+00 0.000E+00 0.000E+00 0.000E+00 1.000E+00
   1      0.000E+00 0.000E+00 0.000E+00 3.875E-01   0.000000 1.000E+00 1.000E+00
   1  420900  1     2.002E+04 0.000E+00 1.000E+00 9.330E-01 0.000E+00 0.000E+00
   1      0.000E+00 0.000E+00 0.000E+00 1.422E+00   0.000000 1.000E+00 1.000E+00
   1  420910  1     9.294E+02 0.000E+00 1.000E+00 3.422E-04 0.000E+00 0.000E+00
   1      0.000E+00 0.000E+00 0.000E+00 2.427E+00   0.000000 1.000E+00 1.000E+00
   1  420911  1     6.460E+01 0.000E+00 5.000E-01 1.000E+00 0.000E+00 5.000E-01
   1      0.000E+00 0.000E+00 0.000E+00 1.946E+00   0.000000 1.000E+00 1.000E+00
   1  420920  1     5.996E+27 0.000E+00 1.000E+00 0.000E+00 0.000E+00 0.000E+00
   1      0.000E+00 0.000E+00 0.000E+00 1.649E+00  14.840000 1.000E+00 1.000E+00
   1  420930  1     9.504E+10 0.000E+00 1.000E+00 8.500E-01 0.000E+00 0.000E+00
   1      0.000E+00 0.000E+00 0.000E+00 1.659E-02   0.000000 1.000E+00 1.000E+00
   1  420931  1     2.466E+04 0.000E+00 1.200E-03 0.000E+00 0.000E+00 9.988E-01
   1      0.000E+00 0.000E+00 0.000E+00 2.425E+00   0.000000 1.000E+00 1.000E+00
   1  420940  6     0.000E+00 0.000E+00 0.000E+00 0.000E+00 0.000E+00 0.000E+00
   1      0.000E+00 0.000E+00 0.000E+00 0.000E+00   9.250000 1.000E+00 1.000E+00
   1  420950  6     0.000E+00 0.000E+00 0.000E+00 0.000E+00 0.000E+00 0.000E+00
   1      0.000E+00 0.000E+00 0.000E+00 0.000E+00  15.920000 1.000E+00 1.000E+00
   1  420960  6     0.000E+00 0.000E+00 0.000E+00 0.000E+00 0.000E+00 0.000E+00
   1      0.000E+00 0.000E+00 0.000E+00 0.000E+00  16.680000 1.000E+00 1.000E+00
   1  420970  6     0.000E+00 0.000E+00 0.000E+00 0.000E+00 0.000E+00 0.000E+00
   1      0.000E+00 0.000E+00 0.000E+00 0.000E+00   9.550000 1.000E+00 1.000E+00
   1  420980  1     3.156E+21 0.000E+00 0.000E+00 0.000E+00 0.000E+00 0.000E+00
   1      1.000E+00 0.000E+00 0.000E+00 1.100E-01  24.130000 1.000E+00 1.000E+00
   1  420990  1     2.374E+05 8.781E-01 0.000E+00 0.000E+00 0.000E+00 0.000E+00
   1      1.000E+00 0.000E+00 0.000E+00 5.400E-01   0.000000 1.000E+00 1.000E+00
   1  421000  1     2.304E+26 0.000E+00 0.000E+00 0.000E+00 0.000E+00 0.000E+00
   1      1.000E+00 0.000E+00 0.000E+00 3.034E+00   9.630000 1.000E+00 1.000E+00
   1  421010  1     8.766E+02 0.000E+00 0.000E+00 0.000E+00 0.000E+00 0.000E+00
   1      1.000E+00 0.000E+00 0.000E+00 1.973E+00   0.000000 1.000E+00 1.000E+00
   1  421020  1     6.780E+02 0.000E+00 0.000E+00 0.000E+00 0.000E+00 0.000E+00
   1      1.000E+00 0.000E+00 0.000E+00 3.684E-01   0.000000 1.000E+00 1.000E+00
   1  421030  1     6.790E+01 0.000E+00 0.000E+00 0.000E+00 0.000E+00 0.000E+00
   1      1.000E+00 0.000E+00 0.000E+00 1.952E+00   0.000000 1.000E+00 1.000E+00
   1  421040  1     6.000E+01 0.000E+00 0.000E+00 0.000E+00 0.000E+00 0.000E+00
   1      1.000E+00 0.000E+00 0.000E+00 1.440E+00   0.000000 1.000E+00 1.000E+00
   1  421050  1     3.560E+01 0.000E+00 0.000E+00 0.000E+00 0.000E+00 0.000E+00
   1      1.000E+00 0.000E+00 0.000E+00 3.456E+00   0.000000 1.000E+00 1.000E+00
   1  421060  1     8.730E+00 0.000E+00 0.000E+00 0.000E+00 0.000E+00 0.000E+00
   1      1.000E+00 0.000E+00 0.000E+00 2.347E+00   0.000000 1.000E+00 1.000E+00
   1  421070  1     3.500E+00 0.000E+00 0.000E+00 0.000E+00 0.000E+00 0.000E+00
   1      1.000E+00 0.000E+00 0.000E+00 4.107E+00   0.000000 1.000E+00 1.000E+00
   1  421080  1     1.090E+00 0.000E+00 0.000E+00 0.000E+00 0.000E+00 0.000E+00
   1      1.000E+00 0.000E+00 0.000E+00 3.100E+00   0.000000 1.000E+00 1.000E+00
   1  421090  1     5.000E-01 0.000E+00 0.000E+00 0.000E+00 0.000E+00 0.000E+00
   1      9.947E-01 0.000E+00 5.300E-03 4.552E+00   0.000000 1.000E+00 1.000E+00
   1  421100  1     3.000E-01 0.000E+00 0.000E+00 0.000E+00 0.000E+00 0.000E+00
   1      1.000E+00 0.000E+00 0.000E+00 3.667E+00   0.000000 1.000E+00 1.000E+00
   1  421110  1     5.000E-01 0.000E+00 0.000E+00 0.000E+00 0.000E+00 0.000E+00
   1      9.897E-01 0.000E+00 1.030E-02 5.515E+00   0.000000 1.000E+00 1.000E+00
   1  421120  1     1.000E+00 0.000E+00 0.000E+00 0.000E+00 0.000E+00 0.000E+00
   1      9.792E-01 0.000E+00 2.079E-02 3.914E+00   0.000000 1.000E+00 1.000E+00
   1  421130  1     1.000E-01 0.000E+00 0.000E+00 0.000E+00 0.000E+00 0.000E+00
   1      1.000E+00 0.000E+00 0.000E+00 6.387E+00   0.000000 1.000E+00 1.000E+00
   1  421140  1     8.000E-02 0.000E+00 0.000E+00 0.000E+00 0.000E+00 0.000E+00
   1      1.000E+00 0.000E+00 0.000E+00 5.613E+00   0.000000 1.000E+00 1.000E+00
   1  421150  1     6.000E-02 0.000E+00 0.000E+00 0.000E+00 0.000E+00 0.000E+00
   1      1.000E+00 0.000E+00 0.000E+00 7.200E+00   0.000000 1.000E+00 1.000E+00
   1  430850  1     1.100E-07 0.000E+00 5.000E-01 0.000E+00 0.000E+00 0.000E+00
   1      0.000E+00 0.000E+00 0.000E+00 4.235E+00   0.000000 1.000E+00 1.000E+00
   1  430860  1     5.500E-02 0.000E+00 1.000E+00 0.000E+00 0.000E+00 0.000E+00
   1      0.000E+00 0.000E+00 0.000E+00 7.567E+00   0.000000 1.000E+00 1.000E+00
   1  430870  1     2.200E+00 0.000E+00 1.000E+00 0.000E+00 0.000E+00 0.000E+00
   1      0.000E+00 0.000E+00 0.000E+00 5.713E+00   0.000000 1.000E+00 1.000E+00
   1  430871  1     2.000E+00 0.000E+00 5.000E-01 0.000E+00 0.000E+00 5.000E-01
   1      0.000E+00 0.000E+00 0.000E+00 2.873E+00   0.000000 1.000E+00 1.000E+00
   1  430880  1     5.800E+00 0.000E+00 1.000E+00 0.000E+00 0.000E+00 0.000E+00
   1      0.000E+00 0.000E+00 0.000E+00 6.660E+00   0.000000 1.000E+00 1.000E+00
   1  430881  1     6.400E+00 0.000E+00 1.000E+00 0.000E+00 0.000E+00 0.000E+00
   1      0.000E+00 0.000E+00 0.000E+00 6.660E+00   0.000000 1.000E+00 1.000E+00
   1  430890  1     1.280E+01 0.000E+00 1.000E+00 5.000E-01 0.000E+00 0.000E+00
   1      0.000E+00 0.000E+00 0.000E+00 4.647E+00   0.000000 1.000E+00 1.000E+00
   1  430891  1     1.290E+01 0.000E+00 9.999E-01 5.000E-01 0.000E+00 1.000E-04
   1      0.000E+00 0.000E+00 0.000E+00 4.688E+00   0.000000 1.000E+00 1.000E+00
   1  430900  1     8.700E+00 0.000E+00 1.000E+00 0.000E+00 0.000E+00 0.000E+00
   1      0.000E+00 0.000E+00 0.000E+00 5.100E+00   0.000000 1.000E+00 1.000E+00
   1  430901  1     4.920E+01 0.000E+00 1.000E+00 0.000E+00 0.000E+00 0.000E+00
   1      0.000E+00 0.000E+00 0.000E+00 6.178E+00   0.000000 1.000E+00 1.000E+00
   1  430910  1     1.884E+02 0.000E+00 1.000E+00 6.800E-03 0.000E+00 0.000E+00
   1      0.000E+00 0.000E+00 0.000E+00 4.146E+00   0.000000 1.000E+00 1.000E+00
   1  430911  1     1.980E+02 0.000E+00 9.900E-01 9.752E-01 0.000E+00 1.000E-02
   1      0.000E+00 0.000E+00 0.000E+00 3.781E+00   0.000000 1.000E+00 1.000E+00
   1  430920  1     2.550E+02 0.000E+00 1.000E+00 0.000E+00 0.000E+00 0.000E+00
   1      0.000E+00 0.000E+00 0.000E+00 5.247E+00   0.000000 1.000E+00 1.000E+00
   1  430930  1     9.900E+03 0.000E+00 1.000E+00 0.000E+00 0.000E+00 0.000E+00
   1      0.000E+00 0.000E+00 0.000E+00 1.612E+00   0.000000 1.000E+00 1.000E+00
   1  430931  1     2.610E+03 0.000E+00 2.340E-01 0.000E+00 0.000E+00 7.660E-01
   1      0.000E+00 0.000E+00 0.000E+00 8.985E-01   0.000000 1.000E+00 1.000E+00
   1  430940  1     1.758E+04 0.000E+00 1.000E+00 0.000E+00 0.000E+00 0.000E+00
   1      0.000E+00 0.000E+00 0.000E+00 2.695E+00   0.000000 1.000E+00 1.000E+00
   1  430941  1     3.114E+03 0.000E+00 1.000E+00 0.000E+00 0.000E+00 0.000E+00
   1      0.000E+00 0.000E+00 0.000E+00 2.688E+00   0.000000 1.000E+00 1.000E+00
   1  430950  1     7.200E+04 0.000E+00 1.000E+00 0.000E+00 0.000E+00 0.000E+00
   1      0.000E+00 0.000E+00 0.000E+00 8.028E-01   0.000000 1.000E+00 1.000E+00
   1  430951  1     5.270E+06 0.000E+00 9.612E-01 0.000E+00 0.000E+00 3.880E-02
   1      0.000E+00 0.000E+00 0.000E+00 7.032E-01   0.000000 1.000E+00 1.000E+00
   1  430960  1     3.698E+05 0.000E+00 1.000E+00 0.000E+00 0.000E+00 0.000E+00
   1      0.000E+00 0.000E+00 0.000E+00 2.511E+00   0.000000 1.000E+00 1.000E+00
   1  430961  1     3.090E+03 0.000E+00 2.000E-02 0.000E+00 0.000E+00 9.800E-01
   1      0.000E+00 0.000E+00 0.000E+00 7.370E-02   0.000000 1.000E+00 1.000E+00
   1  430970  1     8.205E+13 0.000E+00 1.000E+00 0.000E+00 0.000E+00 0.000E+00
   1      0.000E+00 0.000E+00 0.000E+00 1.733E-02   0.000000 1.000E+00 1.000E+00
   1  430971  1     7.793E+06 0.000E+00 0.000E+00 0.000E+00 0.000E+00 1.000E+00
   1      0.000E+00 0.000E+00 0.000E+00 9.654E-02   0.000000 1.000E+00 1.000E+00
   1  430980  1     1.357E+14 0.000E+00 0.000E+00 0.000E+00 0.000E+00 0.000E+00
   1      1.000E+00 0.000E+00 0.000E+00 1.518E+00   0.000000 1.000E+00 1.000E+00
   1  430990  1     6.674E+12 0.000E+00 0.000E+00 0.000E+00 0.000E+00 0.000E+00
   1      1.000E+00 0.000E+00 0.000E+00 9.851E-02   0.000000 1.000E+00 1.000E+00
   1  430991  1     2.162E+04 0.000E+00 0.000E+00 0.000E+00 0.000E+00 1.000E+00
   1      3.700E-05 0.000E+00 0.000E+00 1.421E-01   0.000000 1.000E+00 1.000E+00
   1  431000  1     1.546E+01 0.000E+00 1.800E-05 0.000E+00 0.000E+00 0.000E+00
   1      1.000E+00 0.000E+00 0.000E+00 1.394E+00   0.000000 1.000E+00 1.000E+00
   1  431010  1     8.520E+02 0.000E+00 0.000E+00 0.000E+00 0.000E+00 0.000E+00
   1      1.000E+00 0.000E+00 0.000E+00 8.145E-01   0.000000 1.000E+00 1.000E+00
   1  431020  1     5.280E+00 0.000E+00 0.000E+00 0.000E+00 0.000E+00 0.000E+00
   1      1.000E+00 0.000E+00 0.000E+00 2.026E+00   0.000000 1.000E+00 1.000E+00
   1  431021  1     2.610E+02 0.000E+00 0.000E+00 0.000E+00 0.000E+00 0.000E+00
   1      1.000E+00 0.000E+00 0.000E+00 3.291E+00   0.000000 1.000E+00 1.000E+00
   1  431030  1     5.420E+01 0.000E+00 0.000E+00 0.000E+00 0.000E+00 0.000E+00
   1      1.000E+00 0.000E+00 0.000E+00 1.237E+00   0.000000 1.000E+00 1.000E+00
   1  431040  1     1.098E+03 0.000E+00 0.000E+00 0.000E+00 0.000E+00 0.000E+00
   1      1.000E+00 0.000E+00 0.000E+00 4.160E+00   0.000000 1.000E+00 1.000E+00
   1  431050  1     4.560E+02 0.000E+00 0.000E+00 0.000E+00 0.000E+00 0.000E+00
   1      1.000E+00 0.000E+00 0.000E+00 2.589E+00   0.000000 1.000E+00 1.000E+00
   1  431060  1     3.560E+01 0.000E+00 0.000E+00 0.000E+00 0.000E+00 0.000E+00
   1      1.000E+00 0.000E+00 0.000E+00 4.589E+00   0.000000 1.000E+00 1.000E+00
   1  431070  1     2.120E+01 0.000E+00 0.000E+00 0.000E+00 0.000E+00 0.000E+00
   1      1.000E+00 0.000E+00 0.000E+00 3.085E+00   0.000000 1.000E+00 1.000E+00
   1  431080  1     5.170E+00 0.000E+00 0.000E+00 0.000E+00 0.000E+00 0.000E+00
   1      1.000E+00 0.000E+00 0.000E+00 5.248E+00   0.000000 1.000E+00 1.000E+00
   1  431090  1     8.600E-01 0.000E+00 0.000E+00 0.000E+00 0.000E+00 0.000E+00
   1      9.992E-01 0.000E+00 8.000E-04 4.204E+00   0.000000 1.000E+00 1.000E+00
   1  431100  1     9.200E-01 0.000E+00 0.000E+00 0.000E+00 0.000E+00 0.000E+00
   1      9.996E-01 0.000E+00 4.000E-04 6.011E+00   0.000000 1.000E+00 1.000E+00
   1  431110  1     2.900E-01 0.000E+00 0.000E+00 0.000E+00 0.000E+00 0.000E+00
   1      1.000E+00 0.000E+00 0.000E+00 3.625E+00   0.000000 1.000E+00 1.000E+00
   1  431120  1     2.900E-01 0.000E+00 0.000E+00 0.000E+00 0.000E+00 0.000E+00
   1      9.850E-01 0.000E+00 1.500E-02 6.254E+00   0.000000 1.000E+00 1.000E+00
   1  431130  1     1.300E-01 0.000E+00 0.000E+00 0.000E+00 0.000E+00 0.000E+00
   1      9.281E-01 0.000E+00 7.186E-02 4.588E+00   0.000000 1.000E+00 1.000E+00
   1  431140  1     2.000E-01 0.000E+00 0.000E+00 0.000E+00 0.000E+00 0.000E+00
   1      9.346E-01 0.000E+00 6.536E-02 6.868E+00   0.000000 1.000E+00 1.000E+00
   1  431150  1     2.700E-01 0.000E+00 0.000E+00 0.000E+00 0.000E+00 0.000E+00
   1      8.566E-01 0.000E+00 1.434E-01 5.237E+00   0.000000 1.000E+00 1.000E+00
   1  431160  1     1.200E-01 0.000E+00 0.000E+00 0.000E+00 0.000E+00 0.000E+00
   1      8.778E-01 0.000E+00 1.222E-01 7.260E+00   0.000000 1.000E+00 1.000E+00
   1  431170  1     4.000E-02 0.000E+00 0.000E+00 0.000E+00 0.000E+00 0.000E+00
   1      1.000E+00 0.000E+00 0.000E+00 6.773E+00   0.000000 1.000E+00 1.000E+00
   1  431180  1     3.000E-02 0.000E+00 0.000E+00 0.000E+00 0.000E+00 0.000E+00
   1      1.000E+00 0.000E+00 0.000E+00 8.480E+00   0.000000 1.000E+00 1.000E+00
   1  440870  1     5.000E-02 0.000E+00 1.000E+00 0.000E+00 0.000E+00 0.000E+00
   1      0.000E+00 0.000E+00 0.000E+00 7.853E+00   0.000000 1.000E+00 1.000E+00
   1  440880  1     1.300E+00 0.000E+00 1.000E+00 5.000E-01 0.000E+00 0.000E+00
   1      0.000E+00 0.000E+00 0.000E+00 4.707E+00   0.000000 1.000E+00 1.000E+00
   1  440890  1     1.380E+00 0.000E+00 1.000E+00 5.000E-01 0.000E+00 0.000E+00
   1      0.000E+00 0.000E+00 0.000E+00 5.532E+00   0.000000 1.000E+00 1.000E+00
   1  440900  1     1.100E+01 0.000E+00 1.000E+00 5.000E-01 0.000E+00 0.000E+00
   1      0.000E+00 0.000E+00 0.000E+00 3.830E+00   0.000000 1.000E+00 1.000E+00
   1  440910  1     9.000E+00 0.000E+00 1.000E+00 0.000E+00 0.000E+00 0.000E+00
   1      0.000E+00 0.000E+00 0.000E+00 4.880E+00   0.000000 1.000E+00 1.000E+00
   1  440911  1     7.600E+00 0.000E+00 1.000E+00 1.000E+00 0.000E+00 0.000E+00
   1      0.000E+00 0.000E+00 0.000E+00 5.054E+00   0.000000 1.000E+00 1.000E+00
   1  440920  1     2.190E+02 0.000E+00 1.000E+00 0.000E+00 0.000E+00 0.000E+00
   1      0.000E+00 0.000E+00 0.000E+00 3.017E+00   0.000000 1.000E+00 1.000E+00
   1  440930  1     5.970E+01 0.000E+00 1.000E+00 0.000E+00 0.000E+00 0.000E+00
   1      0.000E+00 0.000E+00 0.000E+00 3.495E+00   0.000000 1.000E+00 1.000E+00
   1  440931  1     1.080E+01 0.000E+00 7.800E-01 9.997E-01 0.000E+00 2.200E-01
   1      0.000E+00 0.000E+00 0.000E+00 3.632E+00   0.000000 1.000E+00 1.000E+00
   1  440940  1     3.108E+03 0.000E+00 1.000E+00 1.000E+00 0.000E+00 0.000E+00
   1      0.000E+00 0.000E+00 0.000E+00 5.250E-01   0.000000 1.000E+00 1.000E+00
   1  440950  1     5.915E+03 0.000E+00 1.000E+00 2.640E-02 0.000E+00 0.000E+00
   1      0.000E+00 0.000E+00 0.000E+00 1.317E+00   0.000000 1.000E+00 1.000E+00
   1  440960  1     2.114E+24 0.000E+00 1.000E+00 0.000E+00 0.000E+00 0.000E+00
   1      0.000E+00 0.000E+00 0.000E+00 2.718E+00   5.520000 1.000E+00 1.000E+00
   1  440970  1     2.445E+05 0.000E+00 1.000E+00 3.739E-04 0.000E+00 0.000E+00
   1      0.000E+00 0.000E+00 0.000E+00 2.461E-01   0.000000 1.000E+00 1.000E+00
   1  440980  6     0.000E+00 0.000E+00 0.000E+00 0.000E+00 0.000E+00 0.000E+00
   1      0.000E+00 0.000E+00 0.000E+00 0.000E+00   1.880000 1.000E+00 1.000E+00
   1  440990  6     0.000E+00 0.000E+00 0.000E+00 0.000E+00 0.000E+00 0.000E+00
   1      0.000E+00 0.000E+00 0.000E+00 0.000E+00  12.700000 1.000E+00 1.000E+00
   1  441000  6     0.000E+00 0.000E+00 0.000E+00 0.000E+00 0.000E+00 0.000E+00
   1      0.000E+00 0.000E+00 0.000E+00 0.000E+00  12.600000 1.000E+00 1.000E+00
   1  441010  6     0.000E+00 0.000E+00 0.000E+00 0.000E+00 0.000E+00 0.000E+00
   1      0.000E+00 0.000E+00 0.000E+00 0.000E+00  17.000000 1.000E+00 1.000E+00
   1  441020  6     0.000E+00 0.000E+00 0.000E+00 0.000E+00 0.000E+00 0.000E+00
   1      0.000E+00 0.000E+00 0.000E+00 0.000E+00  31.600000 1.000E+00 1.000E+00
   1  441030  1     3.392E+06 9.880E-01 0.000E+00 0.000E+00 0.000E+00 0.000E+00
   1      1.000E+00 0.000E+00 0.000E+00 5.627E-01   0.000000 1.000E+00 1.000E+00
   1  441031  1     1.690E-03 0.000E+00 0.000E+00 0.000E+00 0.000E+00 1.000E+00
   1      0.000E+00 0.000E+00 0.000E+00 2.384E-01   0.000000 1.000E+00 1.000E+00
   1  441040  6     0.000E+00 0.000E+00 0.000E+00 0.000E+00 0.000E+00 0.000E+00
   1      0.000E+00 0.000E+00 0.000E+00 0.000E+00  18.700000 1.000E+00 1.000E+00
   1  441050  1     1.598E+04 2.836E-01 0.000E+00 0.000E+00 0.000E+00 0.000E+00
   1      1.000E+00 0.000E+00 0.000E+00 1.188E+00   0.000000 1.000E+00 1.000E+00
   1  441060  1     3.210E+07 0.000E+00 0.000E+00 0.000E+00 0.000E+00 0.000E+00
   1      1.000E+00 0.000E+00 0.000E+00 1.004E-02   0.000000 1.000E+00 1.000E+00
   1  441070  1     2.250E+02 0.000E+00 0.000E+00 0.000E+00 0.000E+00 0.000E+00
   1      1.000E+00 0.000E+00 0.000E+00 1.410E+00   0.000000 1.000E+00 1.000E+00
   1  441080  1     2.730E+02 0.000E+00 0.000E+00 0.000E+00 0.000E+00 0.000E+00
   1      1.000E+00 0.000E+00 0.000E+00 9.000E-01   0.000000 1.000E+00 1.000E+00
   1  441090  1     3.450E+01 0.000E+00 0.000E+00 0.000E+00 0.000E+00 0.000E+00
   1      1.000E+00 0.000E+00 0.000E+00 2.709E+00   0.000000 1.000E+00 1.000E+00
   1  441100  1     1.204E+01 0.000E+00 0.000E+00 0.000E+00 0.000E+00 0.000E+00
   1      1.000E+00 0.000E+00 0.000E+00 1.165E+00   0.000000 1.000E+00 1.000E+00
   1  441110  1     2.120E+00 0.000E+00 0.000E+00 0.000E+00 0.000E+00 0.000E+00
   1      1.000E+00 0.000E+00 0.000E+00 3.791E+00   0.000000 1.000E+00 1.000E+00
   1  441120  1     1.750E+00 0.000E+00 0.000E+00 0.000E+00 0.000E+00 0.000E+00
   1      1.000E+00 0.000E+00 0.000E+00 2.840E+00   0.000000 1.000E+00 1.000E+00
   1  441130  1     8.000E-01 0.000E+00 0.000E+00 0.000E+00 0.000E+00 0.000E+00
   1      1.000E+00 0.000E+00 0.000E+00 3.278E+00   0.000000 1.000E+00 1.000E+00
   1  441131  1     5.100E-01 0.000E+00 0.000E+00 0.000E+00 0.000E+00 5.000E-01
   1      5.000E-01 0.000E+00 0.000E+00 2.268E+00   0.000000 1.000E+00 1.000E+00
   1  441140  1     5.300E-01 0.000E+00 0.000E+00 0.000E+00 0.000E+00 0.000E+00
   1      1.000E+00 0.000E+00 0.000E+00 3.400E+00   0.000000 1.000E+00 1.000E+00
   1  441150  1     7.000E-01 0.000E+00 0.000E+00 0.000E+00 0.000E+00 0.000E+00
   1      9.977E-01 0.000E+00 2.276E-03 4.345E+00   0.000000 1.000E+00 1.000E+00
   1  441160  1     1.700E+00 0.000E+00 0.000E+00 0.000E+00 0.000E+00 0.000E+00
   1      9.892E-01 0.000E+00 1.081E-02 2.833E+00   0.000000 1.000E+00 1.000E+00
   1  441170  1     3.400E-01 0.000E+00 0.000E+00 0.000E+00 0.000E+00 0.000E+00
   1      9.795E-01 0.000E+00 2.051E-02 4.731E+00   0.000000 1.000E+00 1.000E+00
   1  441180  1     7.000E-01 0.000E+00 0.000E+00 0.000E+00 0.000E+00 0.000E+00
   1      9.589E-01 0.000E+00 4.109E-02 3.230E+00   0.000000 1.000E+00 1.000E+00
   1  441190  1     1.900E-01 0.000E+00 0.000E+00 0.000E+00 0.000E+00 0.000E+00
   1      9.564E-01 0.000E+00 4.358E-02 5.252E+00   0.000000 1.000E+00 1.000E+00
   1  441200  1     8.000E-02 0.000E+00 0.000E+00 0.000E+00 0.000E+00 0.000E+00
   1      1.000E+00 0.000E+00 0.000E+00 5.527E+00   0.000000 1.000E+00 1.000E+00
   1  450890  1     1.000E-02 0.000E+00 1.000E+00 0.000E+00 0.000E+00 0.000E+00
   1      0.000E+00 0.000E+00 0.000E+00 7.900E+00   0.000000 1.000E+00 1.000E+00
   1  450900  1     1.500E-02 0.000E+00 1.000E+00 0.000E+00 0.000E+00 0.000E+00
   1      0.000E+00 0.000E+00 0.000E+00 8.060E+00   0.000000 1.000E+00 1.000E+00
   1  450901  1     1.100E-03 0.000E+00 1.000E+00 0.000E+00 0.000E+00 0.000E+00
   1      0.000E+00 0.000E+00 0.000E+00 8.060E+00   0.000000 1.000E+00 1.000E+00
   1  450910  1     1.740E+00 0.000E+00 1.000E+00 0.000E+00 0.000E+00 0.000E+00
   1      0.000E+00 0.000E+00 0.000E+00 6.373E+00   0.000000 1.000E+00 1.000E+00
   1  450920  1     4.300E+00 0.000E+00 1.000E+00 0.000E+00 0.000E+00 0.000E+00
   1      0.000E+00 0.000E+00 0.000E+00 7.367E+00   0.000000 1.000E+00 1.000E+00
   1  450930  1     1.390E+01 0.000E+00 1.000E+00 5.000E-01 0.000E+00 0.000E+00
   1      0.000E+00 0.000E+00 0.000E+00 5.155E+00   0.000000 1.000E+00 1.000E+00
   1  450940  1     7.060E+01 0.000E+00 1.000E+00 0.000E+00 0.000E+00 0.000E+00
   1      0.000E+00 0.000E+00 0.000E+00 6.195E+00   0.000000 1.000E+00 1.000E+00
   1  450941  1     2.580E+01 0.000E+00 1.000E+00 0.000E+00 0.000E+00 0.000E+00
   1      0.000E+00 0.000E+00 0.000E+00 6.355E+00   0.000000 1.000E+00 1.000E+00
   1  450950  1     3.012E+02 0.000E+00 1.000E+00 0.000E+00 0.000E+00 0.000E+00
   1      0.000E+00 0.000E+00 0.000E+00 3.407E+00   0.000000 1.000E+00 1.000E+00
   1  450951  1     1.176E+02 0.000E+00 1.200E-01 0.000E+00 0.000E+00 8.800E-01
   1      0.000E+00 0.000E+00 0.000E+00 9.304E-01   0.000000 1.000E+00 1.000E+00
   1  450960  1     5.940E+02 0.000E+00 1.000E+00 0.000E+00 0.000E+00 0.000E+00
   1      0.000E+00 0.000E+00 0.000E+00 4.262E+00   0.000000 1.000E+00 1.000E+00
   1  450961  1     9.060E+01 0.000E+00 4.000E-01 0.000E+00 0.000E+00 6.000E-01
   1      0.000E+00 0.000E+00 0.000E+00 1.750E+00   0.000000 1.000E+00 1.000E+00
   1  450970  1     1.842E+03 0.000E+00 1.000E+00 0.000E+00 0.000E+00 0.000E+00
   1      0.000E+00 0.000E+00 0.000E+00 1.876E+00   0.000000 1.000E+00 1.000E+00
   1  450971  1     2.772E+03 0.000E+00 9.410E-01 0.000E+00 0.000E+00 5.900E-02
   1      0.000E+00 0.000E+00 0.000E+00 2.285E+00   0.000000 1.000E+00 1.000E+00
   1  450980  1     5.232E+02 0.000E+00 1.000E+00 0.000E+00 0.000E+00 0.000E+00
   1      0.000E+00 0.000E+00 0.000E+00 3.095E+00   0.000000 1.000E+00 1.000E+00
   1  450981  1     2.160E+02 0.000E+00 1.100E-01 0.000E+00 0.000E+00 8.900E-01
   1      0.000E+00 0.000E+00 0.000E+00 4.281E-01   0.000000 1.000E+00 1.000E+00
   1  450990  1     1.391E+06 0.000E+00 1.000E+00 0.000E+00 0.000E+00 0.000E+00
   1      0.000E+00 0.000E+00 0.000E+00 1.362E+00   0.000000 1.000E+00 1.000E+00
   1  450991  1     1.692E+04 0.000E+00 9.984E-01 0.000E+00 0.000E+00 1.600E-03
   1      0.000E+00 0.000E+00 0.000E+00 1.403E+00   0.000000 1.000E+00 1.000E+00
   1  451000  1     7.488E+04 0.000E+00 1.000E+00 0.000E+00 0.000E+00 0.000E+00
   1      0.000E+00 0.000E+00 0.000E+00 2.791E+00   0.000000 1.000E+00 1.000E+00
   1  451001  1     2.760E+02 0.000E+00 1.700E-02 0.000E+00 0.000E+00 9.830E-01
   1      0.000E+00 0.000E+00 0.000E+00 1.482E-01   0.000000 1.000E+00 1.000E+00
   1  451010  1     1.010E+08 0.000E+00 1.000E+00 0.000E+00 0.000E+00 0.000E+00
   1      0.000E+00 0.000E+00 0.000E+00 3.401E-01   0.000000 1.000E+00 1.000E+00
   1  451011  1     3.758E+05 0.000E+00 9.256E-01 0.000E+00 0.000E+00 7.440E-02
   1      0.000E+00 0.000E+00 0.000E+00 3.257E-01   0.000000 1.000E+00 1.000E+00
   1  451020  1     9.158E+07 0.000E+00 1.000E+00 0.000E+00 0.000E+00 0.000E+00
   1      0.000E+00 0.000E+00 0.000E+00 2.134E+00   0.000000 1.000E+00 1.000E+00
   1  451021  1     1.797E+07 0.000E+00 7.500E-01 0.000E+00 0.000E+00 5.000E-02
   1      2.000E-01 0.000E+00 0.000E+00 6.668E-01   0.000000 1.000E+00 1.000E+00
   1  451030  6     0.000E+00 0.000E+00 0.000E+00 0.000E+00 0.000E+00 0.000E+00
   1      0.000E+00 0.000E+00 0.000E+00 0.000E+00 100.000000 1.000E+00 1.000E+00
   1  451031  1     3.367E+03 0.000E+00 0.000E+00 0.000E+00 0.000E+00 1.000E+00
   1      0.000E+00 0.000E+00 0.000E+00 3.991E-02   0.000000 1.000E+00 1.000E+00
   1  451040  1     4.230E+01 0.000E+00 4.500E-03 0.000E+00 0.000E+00 0.000E+00
   1      9.955E-01 0.000E+00 0.000E+00 9.955E-01   0.000000 1.000E+00 1.000E+00
   1  451041  1     2.604E+02 0.000E+00 0.000E+00 0.000E+00 0.000E+00 9.987E-01
   1      1.300E-03 0.000E+00 0.000E+00 1.317E-01   0.000000 1.000E+00 1.000E+00
   1  451050  1     1.273E+05 0.000E+00 0.000E+00 0.000E+00 0.000E+00 0.000E+00
   1      1.000E+00 0.000E+00 0.000E+00 2.307E-01   0.000000 1.000E+00 1.000E+00
   1  451051  1     4.000E+01 0.000E+00 0.000E+00 0.000E+00 0.000E+00 1.000E+00
   1      0.000E+00 0.000E+00 0.000E+00 1.270E-01   0.000000 1.000E+00 1.000E+00
   1  451060  1     3.010E+01 0.000E+00 0.000E+00 0.000E+00 0.000E+00 0.000E+00
   1      1.000E+00 0.000E+00 0.000E+00 1.618E+00   0.000000 1.000E+00 1.000E+00
   1  451061  1     7.920E+03 0.000E+00 0.000E+00 0.000E+00 0.000E+00 0.000E+00
   1      1.000E+00 0.000E+00 0.000E+00 3.081E+00   0.000000 1.000E+00 1.000E+00
   1  451070  1     1.302E+03 0.000E+00 0.000E+00 0.000E+00 0.000E+00 0.000E+00
   1      1.000E+00 0.000E+00 0.000E+00 7.439E-01   0.000000 1.000E+00 1.000E+00
   1  451080  1     1.680E+01 0.000E+00 0.000E+00 0.000E+00 0.000E+00 0.000E+00
   1      1.000E+00 0.000E+00 0.000E+00 2.171E+00   0.000000 1.000E+00 1.000E+00
   1  451081  1     3.600E+02 0.000E+00 0.000E+00 0.000E+00 0.000E+00 0.000E+00
   1      1.000E+00 0.000E+00 0.000E+00 3.003E+00   0.000000 1.000E+00 1.000E+00
   1  451090  1     8.000E+01 5.000E-01 0.000E+00 0.000E+00 0.000E+00 0.000E+00
   1      1.000E+00 0.000E+00 0.000E+00 1.668E+00   0.000000 1.000E+00 1.000E+00
   1  451100  1     2.850E+01 0.000E+00 0.000E+00 0.000E+00 0.000E+00 0.000E+00
   1      1.000E+00 0.000E+00 0.000E+00 3.736E+00   0.000000 1.000E+00 1.000E+00
   1  451101  1     3.200E+00 0.000E+00 0.000E+00 0.000E+00 0.000E+00 0.000E+00
   1      1.000E+00 0.000E+00 0.000E+00 2.602E+00   0.000000 1.000E+00 1.000E+00
   1  451110  1     1.200E+01 0.000E+00 0.000E+00 0.000E+00 0.000E+00 0.000E+00
   1      1.000E+00 0.000E+00 0.000E+00 1.746E+00   0.000000 1.000E+00 1.000E+00
   1  451120  1     2.100E+00 0.000E+00 0.000E+00 0.000E+00 0.000E+00 0.000E+00
   1      1.000E+00 0.000E+00 0.000E+00 3.065E+00   0.000000 1.000E+00 1.000E+00
   1  451121  1     6.800E+00 0.000E+00 0.000E+00 0.000E+00 0.000E+00 0.000E+00
   1      1.000E+00 0.000E+00 0.000E+00 4.170E+00   0.000000 1.000E+00 1.000E+00
   1  451130  1     2.800E+00 0.000E+00 0.000E+00 0.000E+00 0.000E+00 0.000E+00
   1      1.000E+00 0.000E+00 0.000E+00 3.340E+00   0.000000 1.000E+00 1.000E+00
   1  451140  1     1.850E+00 0.000E+00 0.000E+00 0.000E+00 0.000E+00 0.000E+00
   1      1.000E+00 0.000E+00 0.000E+00 2.364E+00   0.000000 1.000E+00 1.000E+00
   1  451141  1     1.850E+00 0.000E+00 0.000E+00 0.000E+00 0.000E+00 0.000E+00
   1      1.000E+00 0.000E+00 0.000E+00 5.378E+00   0.000000 1.000E+00 1.000E+00
   1  451150  1     9.900E-01 1.452E-01 0.000E+00 0.000E+00 0.000E+00 0.000E+00
   1      1.000E+00 0.000E+00 0.000E+00 4.118E+00   0.000000 1.000E+00 1.000E+00
   1  451160  1     6.800E-01 0.000E+00 0.000E+00 0.000E+00 0.000E+00 0.000E+00
   1      1.000E+00 0.000E+00 0.000E+00 4.179E+00   0.000000 1.000E+00 1.000E+00
   1  451161  1     5.700E-01 0.000E+00 0.000E+00 0.000E+00 0.000E+00 0.000E+00
   1      1.000E+00 0.000E+00 0.000E+00 5.350E+00   0.000000 1.000E+00 1.000E+00
   1  451170  1     4.400E-01 0.000E+00 0.000E+00 0.000E+00 0.000E+00 0.000E+00
   1      1.000E+00 0.000E+00 0.000E+00 5.053E+00   0.000000 1.000E+00 1.000E+00
   1  451180  1     3.200E-01 0.000E+00 0.000E+00 0.000E+00 0.000E+00 0.000E+00
   1      9.708E-01 0.000E+00 2.917E-02 5.600E+00   0.000000 1.000E+00 1.000E+00
   1  451190  1     3.000E-01 0.000E+00 0.000E+00 0.000E+00 0.000E+00 0.000E+00
   1      1.000E+00 0.000E+00 0.000E+00 5.587E+00   0.000000 1.000E+00 1.000E+00
   1  451200  1     1.700E-01 0.000E+00 0.000E+00 0.000E+00 0.000E+00 0.000E+00
   1      9.407E-01 0.000E+00 5.928E-02 6.127E+00   0.000000 1.000E+00 1.000E+00
   1  451210  1     2.500E-01 0.000E+00 0.000E+00 0.000E+00 0.000E+00 0.000E+00
   1      8.643E-01 0.000E+00 1.357E-01 4.597E+00   0.000000 1.000E+00 1.000E+00
   1  451220  1     5.000E-02 0.000E+00 0.000E+00 0.000E+00 0.000E+00 0.000E+00
   1      1.000E+00 0.000E+00 0.000E+00 7.860E+00   0.000000 1.000E+00 1.000E+00
   1  460910  1     1.000E-02 0.000E+00 1.000E+00 0.000E+00 0.000E+00 0.000E+00
   1      0.000E+00 0.000E+00 0.000E+00 7.800E+00   0.000000 1.000E+00 1.000E+00
   1  460920  1     1.100E+00 0.000E+00 1.000E+00 0.000E+00 0.000E+00 0.000E+00
   1      0.000E+00 0.000E+00 0.000E+00 5.240E+00   0.000000 1.000E+00 1.000E+00
   1  460930  1     1.070E+00 0.000E+00 1.000E+00 0.000E+00 0.000E+00 0.000E+00
   1      0.000E+00 0.000E+00 0.000E+00 6.313E+00   0.000000 1.000E+00 1.000E+00
   1  460940  1     9.000E+00 0.000E+00 1.000E+00 0.000E+00 0.000E+00 0.000E+00
   1      0.000E+00 0.000E+00 0.000E+00 4.393E+00   0.000000 1.000E+00 1.000E+00
   1  460950  1     1.000E+01 0.000E+00 1.000E+00 5.000E-01 0.000E+00 0.000E+00
   1      0.000E+00 0.000E+00 0.000E+00 5.279E+00   0.000000 1.000E+00 1.000E+00
   1  460951  1     1.330E+01 0.000E+00 9.000E-03 0.000E+00 0.000E+00 5.000E-02
   1      0.000E+00 0.000E+00 0.000E+00 6.452E+00   0.000000 1.000E+00 1.000E+00
   1  460960  1     1.220E+02 0.000E+00 1.000E+00 1.000E+00 0.000E+00 0.000E+00
   1      0.000E+00 0.000E+00 0.000E+00 1.672E+00   0.000000 1.000E+00 1.000E+00
   1  460970  1     1.860E+02 0.000E+00 1.000E+00 1.655E-02 0.000E+00 0.000E+00
   1      0.000E+00 0.000E+00 0.000E+00 2.971E+00   0.000000 1.000E+00 1.000E+00
   1  460980  1     1.062E+03 0.000E+00 1.000E+00 0.000E+00 0.000E+00 0.000E+00
   1      0.000E+00 0.000E+00 0.000E+00 4.598E-01   0.000000 1.000E+00 1.000E+00
   1  460990  1     1.284E+03 0.000E+00 1.000E+00 9.741E-01 0.000E+00 0.000E+00
   1      0.000E+00 0.000E+00 0.000E+00 1.750E+00   0.000000 1.000E+00 1.000E+00
   1  461000  1     3.136E+05 0.000E+00 1.000E+00 0.000E+00 0.000E+00 0.000E+00
   1      0.000E+00 0.000E+00 0.000E+00 1.659E-01   0.000000 1.000E+00 1.000E+00
   1  461010  1     3.049E+04 0.000E+00 1.000E+00 9.972E-01 0.000E+00 0.000E+00
   1      0.000E+00 0.000E+00 0.000E+00 3.816E-01   0.000000 1.000E+00 1.000E+00
   1  461020  6     0.000E+00 0.000E+00 0.000E+00 0.000E+00 0.000E+00 0.000E+00
   1      0.000E+00 0.000E+00 0.000E+00 0.000E+00   1.020000 1.000E+00 1.000E+00
   1  461030  1     1.467E+06 0.000E+00 1.000E+00 9.997E-01 0.000E+00 0.000E+00
   1      0.000E+00 0.000E+00 0.000E+00 2.056E-02   0.000000 1.000E+00 1.000E+00
   1  461040  6     0.000E+00 0.000E+00 0.000E+00 0.000E+00 0.000E+00 0.000E+00
   1      0.000E+00 0.000E+00 0.000E+00 0.000E+00  11.140000 1.000E+00 1.000E+00
   1  461050  6     0.000E+00 0.000E+00 0.000E+00 0.000E+00 0.000E+00 0.000E+00
   1      0.000E+00 0.000E+00 0.000E+00 0.000E+00  22.330000 1.000E+00 1.000E+00
   1  461060  6     0.000E+00 0.000E+00 0.000E+00 0.000E+00 0.000E+00 0.000E+00
   1      0.000E+00 0.000E+00 0.000E+00 0.000E+00  27.330000 1.000E+00 1.000E+00
   1  461070  1     2.051E+14 0.000E+00 0.000E+00 0.000E+00 0.000E+00 0.000E+00
   1      1.000E+00 0.000E+00 0.000E+00 9.300E-03   0.000000 1.000E+00 1.000E+00
   1  461071  1     2.130E+01 0.000E+00 0.000E+00 0.000E+00 0.000E+00 1.000E+00
   1      0.000E+00 0.000E+00 0.000E+00 2.145E-01   0.000000 1.000E+00 1.000E+00
   1  461080  6     0.000E+00 0.000E+00 0.000E+00 0.000E+00 0.000E+00 0.000E+00
   1      0.000E+00 0.000E+00 0.000E+00 0.000E+00  26.460000 1.000E+00 1.000E+00
   1  461090  1     4.889E+04 9.995E-01 0.000E+00 0.000E+00 0.000E+00 0.000E+00
   1      1.000E+00 0.000E+00 0.000E+00 3.611E-01   0.000000 1.000E+00 1.000E+00
   1  461091  1     2.814E+02 0.000E+00 0.000E+00 0.000E+00 0.000E+00 1.000E+00
   1      0.000E+00 0.000E+00 0.000E+00 1.875E-01   0.000000 1.000E+00 1.000E+00
   1  461100  1     1.893E+25 0.000E+00 0.000E+00 0.000E+00 0.000E+00 0.000E+00
   1      1.000E+00 0.000E+00 0.000E+00 2.017E+00  11.720000 1.000E+00 1.000E+00
   1  461110  1     1.404E+03 9.930E-01 0.000E+00 0.000E+00 0.000E+00 0.000E+00
   1      1.000E+00 0.000E+00 0.000E+00 8.781E-01   0.000000 1.000E+00 1.000E+00
   1  461111  1     1.980E+04 7.106E-01 0.000E+00 0.000E+00 0.000E+00 7.300E-01
   1      2.700E-01 0.000E+00 0.000E+00 5.481E-01   0.000000 1.000E+00 1.000E+00
   1  461120  1     7.308E+04 0.000E+00 0.000E+00 0.000E+00 0.000E+00 0.000E+00
   1      1.000E+00 0.000E+00 0.000E+00 9.515E-02   0.000000 1.000E+00 1.000E+00
   1  461130  1     9.100E+01 9.500E-01 0.000E+00 0.000E+00 0.000E+00 0.000E+00
   1      1.000E+00 0.000E+00 0.000E+00 1.458E+00   0.000000 1.000E+00 1.000E+00
   1  461131  1     3.000E-01 0.000E+00 0.000E+00 0.000E+00 0.000E+00 1.000E+00
   1      0.000E+00 0.000E+00 0.000E+00 8.082E-02   0.000000 1.000E+00 1.000E+00
   1  461140  1     1.452E+02 0.000E+00 0.000E+00 0.000E+00 0.000E+00 0.000E+00
   1      1.000E+00 0.000E+00 0.000E+00 5.540E-01   0.000000 1.000E+00 1.000E+00
   1  461150  1     2.500E+01 2.700E-01 0.000E+00 0.000E+00 0.000E+00 0.000E+00
   1      1.000E+00 0.000E+00 0.000E+00 3.053E+00   0.000000 1.000E+00 1.000E+00
   1  461151  1     5.000E+01 1.000E+00 0.000E+00 0.000E+00 0.000E+00 8.000E-02
   1      9.200E-01 0.000E+00 0.000E+00 2.852E+00   0.000000 1.000E+00 1.000E+00
   1  461160  1     1.180E+01 0.000E+00 0.000E+00 0.000E+00 0.000E+00 0.000E+00
   1      1.000E+00 0.000E+00 0.000E+00 1.165E+00   0.000000 1.000E+00 1.000E+00
   1  461170  1     4.300E+00 5.000E-01 0.000E+00 0.000E+00 0.000E+00 0.000E+00
   1      1.000E+00 0.000E+00 0.000E+00 3.817E+00   0.000000 1.000E+00 1.000E+00
   1  461171  1     1.910E-02 0.000E+00 0.000E+00 0.000E+00 0.000E+00 1.000E+00
   1      0.000E+00 0.000E+00 0.000E+00 2.052E-01   0.000000 1.000E+00 1.000E+00
   1  461180  1     1.900E+00 1.430E-01 0.000E+00 0.000E+00 0.000E+00 0.000E+00
   1      1.000E+00 0.000E+00 0.000E+00 2.001E+00   0.000000 1.000E+00 1.000E+00
   1  461190  1     9.200E-01 5.000E-01 0.000E+00 0.000E+00 0.000E+00 0.000E+00
   1      1.000E+00 0.000E+00 0.000E+00 4.620E+00   0.000000 1.000E+00 1.000E+00
   1  461200  1     5.000E-01 5.000E-01 0.000E+00 0.000E+00 0.000E+00 0.000E+00
   1      1.000E+00 0.000E+00 0.000E+00 3.599E+00   0.000000 1.000E+00 1.000E+00
   1  461210  1     6.000E-01 0.000E+00 0.000E+00 0.000E+00 0.000E+00 0.000E+00
   1      9.973E-01 0.000E+00 2.722E-03 3.974E+00   0.000000 1.000E+00 1.000E+00
   1  461220  1     3.000E-01 0.000E+00 0.000E+00 0.000E+00 0.000E+00 0.000E+00
   1      1.000E+00 0.000E+00 0.000E+00 4.360E+00   0.000000 1.000E+00 1.000E+00
   1  461230  1     2.000E-01 0.000E+00 0.000E+00 0.000E+00 0.000E+00 0.000E+00
   1      1.000E+00 0.000E+00 0.000E+00 6.233E+00   0.000000 1.000E+00 1.000E+00
   1  461240  1     1.000E-01 0.000E+00 0.000E+00 0.000E+00 0.000E+00 0.000E+00
   1      1.000E+00 0.000E+00 0.000E+00 5.113E+00   0.000000 1.000E+00 1.000E+00
   1  470930  1     5.000E-03 0.000E+00 5.000E-01 0.000E+00 0.000E+00 0.000E+00
   1      0.000E+00 0.000E+00 0.000E+00 5.022E+00   0.000000 1.000E+00 1.000E+00
   1  470940  1     3.700E-02 0.000E+00 1.000E+00 0.000E+00 0.000E+00 0.000E+00
   1      0.000E+00 0.000E+00 0.000E+00 8.700E+00   0.000000 1.000E+00 1.000E+00
   1  470941  1     4.220E-01 0.000E+00 1.000E+00 0.000E+00 0.000E+00 0.000E+00
   1      0.000E+00 0.000E+00 0.000E+00 9.600E+00   0.000000 1.000E+00 1.000E+00
   1  470942  1     3.000E-01 0.000E+00 1.000E+00 0.000E+00 0.000E+00 0.000E+00
   1      0.000E+00 0.000E+00 0.000E+00 1.303E+01   0.000000 1.000E+00 1.000E+00
   1  470950  1     1.740E+00 0.000E+00 1.000E+00 0.000E+00 0.000E+00 0.000E+00
   1      0.000E+00 0.000E+00 0.000E+00 6.700E+00   0.000000 1.000E+00 1.000E+00
   1  470951  1     5.000E-01 0.000E+00 0.000E+00 0.000E+00 0.000E+00 1.000E+00
   1      0.000E+00 0.000E+00 0.000E+00 3.442E-01   0.000000 1.000E+00 1.000E+00
   1  470952  1     1.600E-02 0.000E+00 0.000E+00 0.000E+00 0.000E+00 1.000E+00
   1      0.000E+00 0.000E+00 0.000E+00 2.531E+00   0.000000 1.000E+00 1.000E+00
   1  470953  1     4.000E-02 0.000E+00 0.000E+00 0.000E+00 0.000E+00 0.000E+00
   1      0.000E+00 0.000E+00 0.000E+00 2.328E+00   0.000000 1.000E+00 1.000E+00
   1  470960  1     4.450E+00 0.000E+00 9.700E-02 5.000E-01 0.000E+00 0.000E+00
   1      0.000E+00 0.000E+00 0.000E+00 7.471E+00   0.000000 1.000E+00 1.000E+00
   1  470961  1     6.900E+00 0.000E+00 1.800E-01 5.000E-01 0.000E+00 0.000E+00
   1      0.000E+00 0.000E+00 0.000E+00 7.212E+00   0.000000 1.000E+00 1.000E+00
   1  470970  1     2.550E+01 0.000E+00 1.000E+00 0.000E+00 0.000E+00 0.000E+00
   1      0.000E+00 0.000E+00 0.000E+00 5.027E+00   0.000000 1.000E+00 1.000E+00
   1  470980  1     4.750E+01 0.000E+00 1.000E+00 0.000E+00 0.000E+00 0.000E+00
   1      0.000E+00 0.000E+00 0.000E+00 6.006E+00   0.000000 1.000E+00 1.000E+00
   1  470990  1     1.240E+02 0.000E+00 1.000E+00 0.000E+00 0.000E+00 0.000E+00
   1      0.000E+00 0.000E+00 0.000E+00 3.619E+00   0.000000 1.000E+00 1.000E+00
   1  470991  1     1.050E+01 0.000E+00 0.000E+00 0.000E+00 0.000E+00 1.000E+00
   1      0.000E+00 0.000E+00 0.000E+00 5.061E-01   0.000000 1.000E+00 1.000E+00
   1  471000  1     1.206E+02 0.000E+00 1.000E+00 0.000E+00 0.000E+00 0.000E+00
   1      0.000E+00 0.000E+00 0.000E+00 4.717E+00   0.000000 1.000E+00 1.000E+00
   1  471001  1     1.344E+02 0.000E+00 5.000E-01 0.000E+00 0.000E+00 5.000E-01
   1      0.000E+00 0.000E+00 0.000E+00 2.372E+00   0.000000 1.000E+00 1.000E+00
   1  471010  1     6.660E+02 0.000E+00 1.000E+00 0.000E+00 0.000E+00 0.000E+00
   1      0.000E+00 0.000E+00 0.000E+00 2.380E+00   0.000000 1.000E+00 1.000E+00
   1  471011  1     3.100E+00 0.000E+00 0.000E+00 0.000E+00 0.000E+00 1.000E+00
   1      0.000E+00 0.000E+00 0.000E+00 2.741E-01   0.000000 1.000E+00 1.000E+00
   1  471020  1     7.740E+02 0.000E+00 1.000E+00 0.000E+00 0.000E+00 0.000E+00
   1      0.000E+00 0.000E+00 0.000E+00 3.942E+00   0.000000 1.000E+00 1.000E+00
   1  471021  1     4.620E+02 0.000E+00 5.100E-01 0.000E+00 0.000E+00 4.900E-01
   1      0.000E+00 0.000E+00 0.000E+00 1.932E+00   0.000000 1.000E+00 1.000E+00
   1  471030  1     3.942E+03 0.000E+00 1.000E+00 0.000E+00 0.000E+00 0.000E+00
   1      0.000E+00 0.000E+00 0.000E+00 1.010E+00   0.000000 1.000E+00 1.000E+00
   1  471031  1     5.700E+00 0.000E+00 0.000E+00 0.000E+00 0.000E+00 1.000E+00
   1      0.000E+00 0.000E+00 0.000E+00 1.345E-01   0.000000 1.000E+00 1.000E+00
   1  471040  1     4.152E+03 0.000E+00 1.000E+00 0.000E+00 0.000E+00 0.000E+00
   1      0.000E+00 0.000E+00 0.000E+00 2.853E+00   0.000000 1.000E+00 1.000E+00
   1  471041  1     2.010E+03 0.000E+00 9.993E-01 0.000E+00 0.000E+00 7.000E-04
   1      0.000E+00 0.000E+00 0.000E+00 2.855E+00   0.000000 1.000E+00 1.000E+00
   1  471050  1     3.568E+06 0.000E+00 1.000E+00 0.000E+00 0.000E+00 0.000E+00
   1      0.000E+00 0.000E+00 0.000E+00 5.503E-01   0.000000 1.000E+00 1.000E+00
   1  471051  1     4.338E+02 0.000E+00 3.400E-03 0.000E+00 0.000E+00 9.966E-01
   1      0.000E+00 0.000E+00 0.000E+00 2.656E-02   0.000000 1.000E+00 1.000E+00
   1  471060  1     1.440E+03 0.000E+00 9.950E-01 0.000E+00 0.000E+00 0.000E+00
   1      5.000E-03 0.000E+00 0.000E+00 1.209E+00   0.000000 1.000E+00 1.000E+00
   1  471061  1     7.309E+05 0.000E+00 1.000E+00 0.000E+00 0.000E+00 0.000E+00
   1      0.000E+00 0.000E+00 0.000E+00 2.767E+00   0.000000 1.000E+00 1.000E+00
   1  471070  6     0.000E+00 0.000E+00 0.000E+00 0.000E+00 0.000E+00 0.000E+00
   1      0.000E+00 0.000E+00 0.000E+00 0.000E+00  51.839000 1.000E+00 1.000E+00
   1  471071  1     4.430E+01 0.000E+00 0.000E+00 0.000E+00 0.000E+00 1.000E+00
   1      0.000E+00 0.000E+00 0.000E+00 9.191E-02   0.000000 1.000E+00 1.000E+00
   1  471080  1     1.429E+02 0.000E+00 2.470E-02 0.000E+00 0.000E+00 0.000E+00
   1      9.753E-01 0.000E+00 0.000E+00 6.261E-01   0.000000 1.000E+00 1.000E+00
   1  471081  1     1.382E+10 0.000E+00 9.090E-01 0.000E+00 0.000E+00 9.100E-02
   1      0.000E+00 0.000E+00 0.000E+00 1.638E+00   0.000000 1.000E+00 1.000E+00
   1  471090  6     0.000E+00 0.000E+00 0.000E+00 0.000E+00 0.000E+00 0.000E+00
   1      0.000E+00 0.000E+00 0.000E+00 0.000E+00  48.161000 1.000E+00 1.000E+00
   1  471091  1     3.970E+01 0.000E+00 0.000E+00 0.000E+00 0.000E+00 1.000E+00
   1      0.000E+00 0.000E+00 0.000E+00 8.804E-02   0.000000 1.000E+00 1.000E+00
   1  471100  1     2.456E+01 0.000E+00 3.000E-03 0.000E+00 0.000E+00 0.000E+00
   1      9.970E-01 0.000E+00 0.000E+00 1.210E+00   0.000000 1.000E+00 1.000E+00
   1  471101  1     2.158E+07 0.000E+00 0.000E+00 0.000E+00 0.000E+00 1.360E-02
   1      9.864E-01 0.000E+00 0.000E+00 2.835E+00   0.000000 1.000E+00 1.000E+00
   1  471110  1     6.437E+05 0.000E+00 0.000E+00 0.000E+00 0.000E+00 0.000E+00
   1      1.000E+00 0.000E+00 0.000E+00 3.771E-01   0.000000 1.000E+00 1.000E+00
   1  471111  1     6.480E+01 0.000E+00 0.000E+00 0.000E+00 0.000E+00 9.950E-01
   1      5.000E-03 0.000E+00 0.000E+00 6.289E-02   0.000000 1.000E+00 1.000E+00
   1  471120  1     1.127E+04 0.000E+00 0.000E+00 0.000E+00 0.000E+00 0.000E+00
   1      1.000E+00 0.000E+00 0.000E+00 2.638E+00   0.000000 1.000E+00 1.000E+00
   1  471130  1     1.933E+04 1.736E-02 0.000E+00 0.000E+00 0.000E+00 0.000E+00
   1      1.000E+00 0.000E+00 0.000E+00 8.357E-01   0.000000 1.000E+00 1.000E+00
   1  471131  1     6.870E+01 0.000E+00 0.000E+00 0.000E+00 0.000E+00 6.400E-01
   1      3.600E-01 0.000E+00 0.000E+00 4.335E-01   0.000000 1.000E+00 1.000E+00
   1  471140  1     4.600E+00 0.000E+00 0.000E+00 0.000E+00 0.000E+00 0.000E+00
   1      1.000E+00 0.000E+00 0.000E+00 2.374E+00   0.000000 1.000E+00 1.000E+00
   1  471141  1     1.500E-03 0.000E+00 0.000E+00 0.000E+00 0.000E+00 1.000E+00
   1      0.000E+00 0.000E+00 0.000E+00 1.990E-01   0.000000 1.000E+00 1.000E+00
   1  471150  1     1.200E+03 5.838E-02 0.000E+00 0.000E+00 0.000E+00 0.000E+00
   1      1.000E+00 0.000E+00 0.000E+00 1.529E+00   0.000000 1.000E+00 1.000E+00
   1  471151  1     1.860E+01 2.911E-02 0.000E+00 0.000E+00 0.000E+00 2.100E-01
   1      7.900E-01 0.000E+00 0.000E+00 1.299E+00   0.000000 1.000E+00 1.000E+00
   1  471160  1     2.370E+02 0.000E+00 0.000E+00 0.000E+00 0.000E+00 0.000E+00
   1      1.000E+00 0.000E+00 0.000E+00 3.676E+00   0.000000 1.000E+00 1.000E+00
   1  471161  1     8.600E+00 0.000E+00 0.000E+00 0.000E+00 0.000E+00 6.000E-02
   1      9.400E-01 0.000E+00 0.000E+00 3.349E+00   0.000000 1.000E+00 1.000E+00
   1  471170  1     7.360E+01 1.693E-01 0.000E+00 0.000E+00 0.000E+00 0.000E+00
   1      1.000E+00 0.000E+00 0.000E+00 2.755E+00   0.000000 1.000E+00 1.000E+00
   1  471171  1     5.340E+00 2.477E-01 0.000E+00 0.000E+00 0.000E+00 6.000E-02
   1      9.400E-01 0.000E+00 0.000E+00 2.602E+00   0.000000 1.000E+00 1.000E+00
   1  471180  1     3.760E+00 0.000E+00 0.000E+00 0.000E+00 0.000E+00 0.000E+00
   1      1.000E+00 0.000E+00 0.000E+00 4.759E+00   0.000000 1.000E+00 1.000E+00
   1  471181  1     2.000E+00 0.000E+00 0.000E+00 0.000E+00 0.000E+00 4.100E-01
   1      5.900E-01 0.000E+00 0.000E+00 2.910E+00   0.000000 1.000E+00 1.000E+00
   1  471190  1     6.000E+00 5.000E-01 0.000E+00 0.000E+00 0.000E+00 0.000E+00
   1      1.000E+00 0.000E+00 0.000E+00 3.518E+00   0.000000 1.000E+00 1.000E+00
   1  471191  1     2.100E+00 0.000E+00 0.000E+00 0.000E+00 0.000E+00 0.000E+00
   1      1.000E+00 0.000E+00 0.000E+00 3.580E+00   0.000000 1.000E+00 1.000E+00
   1  471200  1     1.230E+00 0.000E+00 0.000E+00 0.000E+00 0.000E+00 0.000E+00
   1      1.000E+00 0.000E+00 1.500E-05 5.549E+00   0.000000 1.000E+00 1.000E+00
   1  471201  1     3.710E-01 0.000E+00 0.000E+00 0.000E+00 0.000E+00 3.700E-01
   1      6.300E-01 0.000E+00 0.000E+00 3.656E+00   0.000000 1.000E+00 1.000E+00
   1  471210  1     7.800E-01 1.039E-01 0.000E+00 0.000E+00 0.000E+00 0.000E+00
   1      1.000E+00 0.000E+00 0.000E+00 3.596E+00   0.000000 1.000E+00 1.000E+00
   1  471220  1     5.290E-01 0.000E+00 0.000E+00 0.000E+00 0.000E+00 0.000E+00
   1      9.980E-01 0.000E+00 0.000E+00 4.887E+00   0.000000 1.000E+00 1.000E+00
   1  471221  1     1.500E+00 0.000E+00 0.000E+00 0.000E+00 0.000E+00 0.000E+00
   1      1.000E+00 0.000E+00 0.000E+00 6.387E+00   0.000000 1.000E+00 1.000E+00
   1  471230  1     3.000E-01 1.818E-01 0.000E+00 0.000E+00 0.000E+00 0.000E+00
   1      1.000E+00 0.000E+00 0.000E+00 3.700E+00   0.000000 1.000E+00 1.000E+00
   1  471240  1     1.720E-01 0.000E+00 0.000E+00 0.000E+00 0.000E+00 0.000E+00
   1      9.990E-01 0.000E+00 5.000E-04 6.822E+00   0.000000 1.000E+00 1.000E+00
   1  471241  1     2.000E-01 0.000E+00 0.000E+00 0.000E+00 0.000E+00 5.000E-01
   1      5.000E-01 0.000E+00 0.000E+00 3.413E+00   0.000000 1.000E+00 1.000E+00
   1  471250  1     1.660E-01 5.000E-01 0.000E+00 0.000E+00 0.000E+00 0.000E+00
   1      1.000E+00 0.000E+00 0.000E+00 5.690E+00   0.000000 1.000E+00 1.000E+00
   1  471260  1     1.070E-01 0.000E+00 0.000E+00 0.000E+00 0.000E+00 0.000E+00
   1      1.000E+00 0.000E+00 0.000E+00 7.547E+00   0.000000 1.000E+00 1.000E+00
   1  471270  1     7.900E-02 0.000E+00 0.000E+00 0.000E+00 0.000E+00 0.000E+00
   1      1.000E+00 0.000E+00 0.000E+00 6.413E+00   0.000000 1.000E+00 1.000E+00
   1  471280  1     5.800E-02 0.000E+00 0.000E+00 0.000E+00 0.000E+00 0.000E+00
   1      1.000E+00 0.000E+00 0.000E+00 8.327E+00   0.000000 1.000E+00 1.000E+00
   1  471290  1     4.400E-02 5.000E-01 0.000E+00 0.000E+00 0.000E+00 0.000E+00
   1      1.000E+00 0.000E+00 0.000E+00 7.167E+00   0.000000 1.000E+00 1.000E+00
   1  471300  1     5.000E-02 0.000E+00 0.000E+00 0.000E+00 0.000E+00 0.000E+00
   1      1.000E+00 0.000E+00 0.000E+00 1.027E+01   0.000000 1.000E+00 1.000E+00
   1  480950  1     5.000E-03 0.000E+00 1.000E+00 0.000E+00 0.000E+00 0.000E+00
   1      0.000E+00 0.000E+00 0.000E+00 8.933E+00   0.000000 1.000E+00 1.000E+00
   1  480960  1     1.000E+00 0.000E+00 1.000E+00 1.000E+00 0.000E+00 0.000E+00
   1      0.000E+00 0.000E+00 0.000E+00 5.647E+00   0.000000 1.000E+00 1.000E+00
   1  480970  1     2.800E+00 0.000E+00 1.000E+00 0.000E+00 0.000E+00 0.000E+00
   1      0.000E+00 0.000E+00 0.000E+00 6.813E+00   0.000000 1.000E+00 1.000E+00
   1  480980  1     9.200E+00 0.000E+00 1.000E+00 0.000E+00 0.000E+00 0.000E+00
   1      0.000E+00 0.000E+00 0.000E+00 3.499E+00   0.000000 1.000E+00 1.000E+00
   1  480990  1     1.600E+01 0.000E+00 1.000E-06 0.000E+00 0.000E+00 0.000E+00
   1      0.000E+00 0.000E+00 0.000E+00 4.435E+00   0.000000 1.000E+00 1.000E+00
   1  481000  1     4.910E+01 0.000E+00 1.000E+00 0.000E+00 0.000E+00 0.000E+00
   1      0.000E+00 0.000E+00 0.000E+00 2.114E+00   0.000000 1.000E+00 1.000E+00
   1  481010  1     8.160E+01 0.000E+00 1.000E+00 1.105E-01 0.000E+00 0.000E+00
   1      0.000E+00 0.000E+00 0.000E+00 3.428E+00   0.000000 1.000E+00 1.000E+00
   1  481020  1     3.300E+02 0.000E+00 1.000E+00 9.462E-01 0.000E+00 0.000E+00
   1      0.000E+00 0.000E+00 0.000E+00 9.009E-01   0.000000 1.000E+00 1.000E+00
   1  481030  1     4.380E+02 0.000E+00 1.000E+00 1.869E-01 0.000E+00 0.000E+00
   1      0.000E+00 0.000E+00 0.000E+00 2.745E+00   0.000000 1.000E+00 1.000E+00
   1  481040  1     3.462E+03 0.000E+00 1.000E+00 1.000E+00 0.000E+00 0.000E+00
   1      0.000E+00 0.000E+00 0.000E+00 7.527E-01   0.000000 1.000E+00 1.000E+00
   1  481050  1     3.330E+03 0.000E+00 1.000E+00 8.221E-01 0.000E+00 0.000E+00
   1      0.000E+00 0.000E+00 0.000E+00 1.811E+00   0.000000 1.000E+00 1.000E+00
   1  481060  1     2.083E+26 0.000E+00 1.000E+00 0.000E+00 0.000E+00 0.000E+00
   1      0.000E+00 0.000E+00 0.000E+00 2.770E+00   1.250000 1.000E+00 1.000E+00
   1  481070  1     2.347E+04 0.000E+00 1.000E+00 9.994E-01 0.000E+00 0.000E+00
   1      0.000E+00 0.000E+00 0.000E+00 2.752E-02   0.000000 1.000E+00 1.000E+00
   1  481080  1     1.294E+25 0.000E+00 1.000E+00 0.000E+00 0.000E+00 0.000E+00
   1      0.000E+00 0.000E+00 0.000E+00 2.720E-01   0.890000 1.000E+00 1.000E+00
   1  481090  1     3.991E+07 0.000E+00 1.000E+00 1.000E+00 0.000E+00 0.000E+00
   1      0.000E+00 0.000E+00 0.000E+00 2.022E-02   0.000000 1.000E+00 1.000E+00
   1  481100  6     0.000E+00 0.000E+00 0.000E+00 0.000E+00 0.000E+00 0.000E+00
   1      0.000E+00 0.000E+00 0.000E+00 0.000E+00  12.490000 1.000E+00 1.000E+00
   1  481110  6     0.000E+00 0.000E+00 0.000E+00 0.000E+00 0.000E+00 0.000E+00
   1      0.000E+00 0.000E+00 0.000E+00 0.000E+00  12.800000 1.000E+00 1.000E+00
   1  481111  1     2.912E+03 0.000E+00 0.000E+00 0.000E+00 0.000E+00 1.000E+00
   1      0.000E+00 0.000E+00 0.000E+00 3.896E-01   0.000000 1.000E+00 1.000E+00
   1  481120  6     0.000E+00 0.000E+00 0.000E+00 0.000E+00 0.000E+00 0.000E+00
   1      0.000E+00 0.000E+00 0.000E+00 0.000E+00  24.130000 1.000E+00 1.000E+00
   1  481130  1     2.537E+23 0.000E+00 0.000E+00 0.000E+00 0.000E+00 0.000E+00
   1      1.000E+00 0.000E+00 0.000E+00 9.262E-02  12.220000 1.000E+00 1.000E+00
   1  481131  1     4.450E+08 0.000E+00 0.000E+00 0.000E+00 0.000E+00 1.400E-03
   1      9.986E-01 0.000E+00 0.000E+00 1.857E-01   0.000000 1.000E+00 1.000E+00
   1  481140  1     2.903E+24 0.000E+00 0.000E+00 0.000E+00 0.000E+00 0.000E+00
   1      1.000E+00 0.000E+00 0.000E+00 5.425E-01  28.730000 1.000E+00 1.000E+00
   1  481150  1     1.925E+05 1.000E+00 0.000E+00 0.000E+00 0.000E+00 0.000E+00
   1      1.000E+00 0.000E+00 0.000E+00 5.164E-01   0.000000 1.000E+00 1.000E+00
   1  481151  1     3.850E+06 1.058E-04 0.000E+00 0.000E+00 0.000E+00 0.000E+00
   1      1.000E+00 0.000E+00 0.000E+00 6.374E-01   0.000000 1.000E+00 1.000E+00
   1  481160  1     9.467E+26 0.000E+00 0.000E+00 0.000E+00 0.000E+00 0.000E+00
   1      1.000E+00 0.000E+00 0.000E+00 2.813E+00   7.490000 1.000E+00 1.000E+00
   1  481170  1     8.964E+03 9.166E-01 0.000E+00 0.000E+00 0.000E+00 0.000E+00
   1      1.000E+00 0.000E+00 0.000E+00 1.508E+00   0.000000 1.000E+00 1.000E+00
   1  481171  1     1.210E+04 1.524E-02 0.000E+00 0.000E+00 0.000E+00 0.000E+00
   1      1.000E+00 0.000E+00 0.000E+00 2.242E+00   0.000000 1.000E+00 1.000E+00
   1  481180  1     3.018E+03 0.000E+00 0.000E+00 0.000E+00 0.000E+00 0.000E+00
   1      1.000E+00 0.000E+00 0.000E+00 1.610E-01   0.000000 1.000E+00 1.000E+00
   1  481190  1     1.614E+02 9.028E-01 0.000E+00 0.000E+00 0.000E+00 0.000E+00
   1      1.000E+00 0.000E+00 0.000E+00 2.309E+00   0.000000 1.000E+00 1.000E+00
   1  481191  1     1.320E+02 1.879E-03 0.000E+00 0.000E+00 0.000E+00 0.000E+00
   1      1.000E+00 0.000E+00 0.000E+00 2.687E+00   0.000000 1.000E+00 1.000E+00
   1  481200  1     5.080E+01 0.000E+00 0.000E+00 0.000E+00 0.000E+00 0.000E+00
   1      1.000E+00 0.000E+00 0.000E+00 6.770E-01   0.000000 1.000E+00 1.000E+00
   1  481210  1     1.350E+01 6.743E-01 0.000E+00 0.000E+00 0.000E+00 0.000E+00
   1      1.000E+00 0.000E+00 0.000E+00 2.869E+00   0.000000 1.000E+00 1.000E+00
   1  481211  1     8.300E+00 0.000E+00 0.000E+00 0.000E+00 0.000E+00 0.000E+00
   1      1.000E+00 0.000E+00 0.000E+00 3.315E+00   0.000000 1.000E+00 1.000E+00
   1  481220  1     5.240E+00 0.000E+00 0.000E+00 0.000E+00 0.000E+00 0.000E+00
   1      1.000E+00 0.000E+00 0.000E+00 1.177E+00   0.000000 1.000E+00 1.000E+00
   1  481230  1     2.100E+00 6.903E-01 0.000E+00 0.000E+00 0.000E+00 0.000E+00
   1      1.000E+00 0.000E+00 0.000E+00 3.613E+00   0.000000 1.000E+00 1.000E+00
   1  481231  1     1.820E+00 1.658E-02 0.000E+00 0.000E+00 0.000E+00 0.000E+00
   1      1.000E+00 0.000E+00 0.000E+00 4.117E+00   0.000000 1.000E+00 1.000E+00
   1  481240  1     1.250E+00 0.000E+00 0.000E+00 0.000E+00 0.000E+00 0.000E+00
   1      1.000E+00 0.000E+00 0.000E+00 2.780E+00   0.000000 1.000E+00 1.000E+00
   1  481250  1     6.800E-01 5.414E-01 0.000E+00 0.000E+00 0.000E+00 0.000E+00
   1      1.000E+00 0.000E+00 0.000E+00 4.047E+00   0.000000 1.000E+00 1.000E+00
   1  481251  1     4.800E-01 0.000E+00 0.000E+00 0.000E+00 0.000E+00 0.000E+00
   1      1.000E+00 0.000E+00 0.000E+00 4.540E+00   0.000000 1.000E+00 1.000E+00
   1  481260  1     5.150E-01 0.000E+00 0.000E+00 0.000E+00 0.000E+00 0.000E+00
   1      1.000E+00 0.000E+00 0.000E+00 3.653E+00   0.000000 1.000E+00 1.000E+00
   1  481270  1     3.700E-01 1.000E+00 0.000E+00 0.000E+00 0.000E+00 0.000E+00
   1      1.000E+00 0.000E+00 0.000E+00 5.340E+00   0.000000 1.000E+00 1.000E+00
   1  481280  1     2.800E-01 1.000E+00 0.000E+00 0.000E+00 0.000E+00 0.000E+00
   1      1.000E+00 0.000E+00 0.000E+00 4.548E+00   0.000000 1.000E+00 1.000E+00
   1  481290  1     2.420E-01 1.000E+00 0.000E+00 0.000E+00 0.000E+00 0.000E+00
   1      1.000E+00 0.000E+00 0.000E+00 6.240E+00   0.000000 1.000E+00 1.000E+00
   1  481291  1     1.040E-01 0.000E+00 0.000E+00 0.000E+00 0.000E+00 0.000E+00
   1      1.000E+00 0.000E+00 0.000E+00 6.493E+00   0.000000 1.000E+00 1.000E+00
   1  481300  1     1.620E-01 0.000E+00 0.000E+00 0.000E+00 0.000E+00 0.000E+00
   1      9.650E-01 0.000E+00 1.750E-02 5.434E+00   0.000000 1.000E+00 1.000E+00
   1  481310  1     6.800E-02 0.000E+00 0.000E+00 0.000E+00 0.000E+00 0.000E+00
   1      9.650E-01 0.000E+00 3.500E-02 8.450E+00   0.000000 1.000E+00 1.000E+00
   1  481320  1     9.700E-02 0.000E+00 0.000E+00 0.000E+00 0.000E+00 0.000E+00
   1      4.000E-01 0.000E+00 0.000E+00 7.168E+00   0.000000 1.000E+00 1.000E+00
   1  490970  1     5.000E-03 0.000E+00 5.000E-01 0.000E+00 0.000E+00 0.000E+00
   1      0.000E+00 0.000E+00 0.000E+00 5.439E+00   0.000000 1.000E+00 1.000E+00
   1  490980  1     4.500E-02 0.000E+00 1.000E+00 0.000E+00 0.000E+00 0.000E+00
   1      0.000E+00 0.000E+00 0.000E+00 9.153E+00   0.000000 1.000E+00 1.000E+00
   1  490981  1     1.700E+00 0.000E+00 1.000E+00 0.000E+00 0.000E+00 0.000E+00
   1      0.000E+00 0.000E+00 0.000E+00 9.153E+00   0.000000 1.000E+00 1.000E+00
   1  490990  1     3.100E+00 0.000E+00 1.000E+00 0.000E+00 0.000E+00 0.000E+00
   1      0.000E+00 0.000E+00 0.000E+00 5.720E+00   0.000000 1.000E+00 1.000E+00
   1  490991  1     1.000E+00 0.000E+00 5.000E-01 0.000E+00 0.000E+00 5.000E-01
   1      0.000E+00 0.000E+00 0.000E+00 3.193E+00   0.000000 1.000E+00 1.000E+00
   1  491000  1     5.900E+00 0.000E+00 3.900E-02 5.000E-01 0.000E+00 0.000E+00
   1      0.000E+00 0.000E+00 0.000E+00 6.606E+00   0.000000 1.000E+00 1.000E+00
   1  491010  1     1.510E+01 0.000E+00 1.000E+00 0.000E+00 0.000E+00 0.000E+00
   1      0.000E+00 0.000E+00 0.000E+00 4.760E+00   0.000000 1.000E+00 1.000E+00
   1  491011  1     1.000E+01 0.000E+00 9.500E-01 0.000E+00 0.000E+00 5.000E-02
   1      0.000E+00 0.000E+00 0.000E+00 4.898E+00   0.000000 1.000E+00 1.000E+00
   1  491020  1     2.200E+01 0.000E+00 1.000E+00 0.000E+00 0.000E+00 0.000E+00
   1      0.000E+00 0.000E+00 0.000E+00 5.976E+00   0.000000 1.000E+00 1.000E+00
   1  491030  1     6.000E+01 0.000E+00 1.000E+00 0.000E+00 0.000E+00 0.000E+00
   1      0.000E+00 0.000E+00 0.000E+00 4.033E+00   0.000000 1.000E+00 1.000E+00
   1  491031  1     3.400E+01 0.000E+00 6.700E-01 0.000E+00 0.000E+00 3.300E-01
   1      0.000E+00 0.000E+00 0.000E+00 3.193E+00   0.000000 1.000E+00 1.000E+00
   1  491040  1     1.080E+02 0.000E+00 1.000E+00 0.000E+00 0.000E+00 0.000E+00
   1      0.000E+00 0.000E+00 0.000E+00 5.243E+00   0.000000 1.000E+00 1.000E+00
   1  491041  1     1.570E+01 0.000E+00 2.000E-01 0.000E+00 0.000E+00 8.000E-01
   1      0.000E+00 0.000E+00 0.000E+00 1.136E+00   0.000000 1.000E+00 1.000E+00
   1  491050  1     3.042E+02 0.000E+00 1.000E+00 0.000E+00 0.000E+00 0.000E+00
   1      0.000E+00 0.000E+00 0.000E+00 2.870E+00   0.000000 1.000E+00 1.000E+00
   1  491051  1     4.800E+01 0.000E+00 0.000E+00 0.000E+00 0.000E+00 1.000E+00
   1      0.000E+00 0.000E+00 0.000E+00 6.673E-01   0.000000 1.000E+00 1.000E+00
   1  491060  1     3.720E+02 0.000E+00 1.000E+00 0.000E+00 0.000E+00 0.000E+00
   1      0.000E+00 0.000E+00 0.000E+00 4.351E+00   0.000000 1.000E+00 1.000E+00
   1  491061  1     3.120E+02 0.000E+00 1.000E+00 0.000E+00 0.000E+00 0.000E+00
   1      0.000E+00 0.000E+00 0.000E+00 4.370E+00   0.000000 1.000E+00 1.000E+00
   1  491070  1     1.944E+03 0.000E+00 1.000E+00 0.000E+00 0.000E+00 0.000E+00
   1      0.000E+00 0.000E+00 0.000E+00 1.845E+00   0.000000 1.000E+00 1.000E+00
   1  491071  1     5.040E+01 0.000E+00 0.000E+00 0.000E+00 0.000E+00 1.000E+00
   1      0.000E+00 0.000E+00 0.000E+00 6.780E-01   0.000000 1.000E+00 1.000E+00
   1  491080  1     3.480E+03 0.000E+00 1.000E+00 0.000E+00 0.000E+00 0.000E+00
   1      0.000E+00 0.000E+00 0.000E+00 3.424E+00   0.000000 1.000E+00 1.000E+00
   1  491081  1     2.376E+03 0.000E+00 1.000E+00 0.000E+00 0.000E+00 0.000E+00
   1      0.000E+00 0.000E+00 0.000E+00 3.444E+00   0.000000 1.000E+00 1.000E+00
   1  491090  1     1.500E+04 0.000E+00 1.000E+00 0.000E+00 0.000E+00 0.000E+00
   1      0.000E+00 0.000E+00 0.000E+00 6.649E-01   0.000000 1.000E+00 1.000E+00
   1  491091  1     8.040E+01 0.000E+00 0.000E+00 0.000E+00 0.000E+00 1.000E+00
   1      0.000E+00 0.000E+00 0.000E+00 6.470E-01   0.000000 1.000E+00 1.000E+00
   1  491092  1     2.090E-01 0.000E+00 0.000E+00 0.000E+00 0.000E+00 1.000E+00
   1      0.000E+00 0.000E+00 0.000E+00 2.102E+00   0.000000 1.000E+00 1.000E+00
   1  491100  1     1.764E+04 0.000E+00 1.000E+00 0.000E+00 0.000E+00 0.000E+00
   1      0.000E+00 0.000E+00 0.000E+00 2.585E+00   0.000000 1.000E+00 1.000E+00
   1  491101  1     4.146E+03 0.000E+00 1.000E+00 0.000E+00 0.000E+00 0.000E+00
   1      0.000E+00 0.000E+00 0.000E+00 2.186E+00   0.000000 1.000E+00 1.000E+00
   1  491110  1     2.423E+05 0.000E+00 1.000E+00 5.002E-05 0.000E+00 0.000E+00
   1      0.000E+00 0.000E+00 0.000E+00 4.384E-01   0.000000 1.000E+00 1.000E+00
   1  491111  1     4.740E+02 0.000E+00 0.000E+00 0.000E+00 0.000E+00 1.000E+00
   1      0.000E+00 0.000E+00 0.000E+00 5.375E-01   0.000000 1.000E+00 1.000E+00
   1  491120  1     8.820E+02 0.000E+00 5.600E-01 0.000E+00 0.000E+00 0.000E+00
   1      4.400E-01 0.000E+00 0.000E+00 5.354E-01   0.000000 1.000E+00 1.000E+00
   1  491121  1     1.242E+03 0.000E+00 0.000E+00 0.000E+00 0.000E+00 1.000E+00
   1      0.000E+00 0.000E+00 0.000E+00 1.568E-01   0.000000 1.000E+00 1.000E+00
   1  491130  6     0.000E+00 0.000E+00 0.000E+00 0.000E+00 0.000E+00 0.000E+00
   1      0.000E+00 0.000E+00 0.000E+00 0.000E+00   4.290000 1.000E+00 1.000E+00
   1  491131  1     5.968E+03 0.000E+00 0.000E+00 0.000E+00 0.000E+00 1.000E+00
   1      0.000E+00 0.000E+00 0.000E+00 3.914E-01   0.000000 1.000E+00 1.000E+00
   1  491140  1     7.190E+01 0.000E+00 5.000E-03 0.000E+00 0.000E+00 0.000E+00
   1      9.950E-01 0.000E+00 0.000E+00 7.736E-01   0.000000 1.000E+00 1.000E+00
   1  491141  1     4.320E+06 0.000E+00 3.500E-02 0.000E+00 0.000E+00 9.650E-01
   1      0.000E+00 0.000E+00 0.000E+00 2.299E-01   0.000000 1.000E+00 1.000E+00
   1  491142  1     4.300E-02 0.000E+00 0.000E+00 0.000E+00 0.000E+00 0.000E+00
   1      0.000E+00 1.000E+00 0.000E+00 3.116E-01   0.000000 1.000E+00 1.000E+00
   1  491150  1     1.392E+22 0.000E+00 0.000E+00 0.000E+00 0.000E+00 0.000E+00
   1      1.000E+00 0.000E+00 0.000E+00 1.532E-01  95.710000 1.000E+00 1.000E+00
   1  491151  1     1.615E+04 0.000E+00 0.000E+00 0.000E+00 0.000E+00 9.500E-01
   1      5.000E-02 0.000E+00 0.000E+00 3.360E-01   0.000000 1.000E+00 1.000E+00
   1  491160  1     1.420E+01 0.000E+00 0.000E+00 0.000E+00 0.000E+00 0.000E+00
   1      1.000E+00 0.000E+00 0.000E+00 1.362E+00   0.000000 1.000E+00 1.000E+00
   1  491161  1     3.276E+03 0.000E+00 0.000E+00 0.000E+00 0.000E+00 0.000E+00
   1      1.000E+00 0.000E+00 0.000E+00 2.803E+00   0.000000 1.000E+00 1.000E+00
   1  491162  1     2.170E+00 0.000E+00 0.000E+00 0.000E+00 0.000E+00 0.000E+00
   1      0.000E+00 1.000E+00 0.000E+00 1.623E-01   0.000000 1.000E+00 1.000E+00
   1  491170  1     2.592E+03 3.410E-03 0.000E+00 0.000E+00 0.000E+00 0.000E+00
   1      1.000E+00 0.000E+00 0.000E+00 9.580E-01   0.000000 1.000E+00 1.000E+00
   1  491171  1     6.972E+03 0.000E+00 0.000E+00 0.000E+00 0.000E+00 4.710E-01
   1      5.290E-01 0.000E+00 0.000E+00 5.245E-01   0.000000 1.000E+00 1.000E+00
   1  491180  1     5.000E+00 0.000E+00 0.000E+00 0.000E+00 0.000E+00 0.000E+00
   1      1.000E+00 0.000E+00 0.000E+00 1.957E+00   0.000000 1.000E+00 1.000E+00
   1  491181  1     2.670E+02 0.000E+00 0.000E+00 0.000E+00 0.000E+00 0.000E+00
   1      1.000E+00 0.000E+00 0.000E+00 3.373E+00   0.000000 1.000E+00 1.000E+00
   1  491182  1     8.500E+00 0.000E+00 0.000E+00 0.000E+00 0.000E+00 0.000E+00
   1      1.400E-02 9.860E-01 0.000E+00 1.816E-01   0.000000 1.000E+00 1.000E+00
   1  491190  1     1.440E+02 9.034E-01 0.000E+00 0.000E+00 0.000E+00 0.000E+00
   1      1.000E+00 0.000E+00 0.000E+00 1.522E+00   0.000000 1.000E+00 1.000E+00
   1  491191  1     1.080E+03 0.000E+00 0.000E+00 0.000E+00 0.000E+00 5.600E-02
   1      9.440E-01 0.000E+00 0.000E+00 1.701E+00   0.000000 1.000E+00 1.000E+00
   1  491200  1     3.080E+00 0.000E+00 0.000E+00 0.000E+00 0.000E+00 0.000E+00
   1      1.000E+00 0.000E+00 0.000E+00 2.500E+00   0.000000 1.000E+00 1.000E+00
   1  491201  1     4.620E+01 0.000E+00 0.000E+00 0.000E+00 0.000E+00 0.000E+00
   1      1.000E+00 0.000E+00 0.000E+00 3.984E+00   0.000000 1.000E+00 1.000E+00
   1  491202  1     4.730E+01 0.000E+00 0.000E+00 0.000E+00 0.000E+00 0.000E+00
   1      1.000E+00 0.000E+00 0.000E+00 3.777E+00   0.000000 1.000E+00 1.000E+00
   1  491210  1     2.310E+01 1.135E-01 0.000E+00 0.000E+00 0.000E+00 0.000E+00
   1      1.000E+00 0.000E+00 0.000E+00 1.909E+00   0.000000 1.000E+00 1.000E+00
   1  491211  1     2.328E+02 0.000E+00 0.000E+00 0.000E+00 0.000E+00 1.200E-02
   1      9.880E-01 0.000E+00 0.000E+00 1.580E+00   0.000000 1.000E+00 1.000E+00
   1  491220  1     1.500E+00 0.000E+00 0.000E+00 0.000E+00 0.000E+00 0.000E+00
   1      1.000E+00 0.000E+00 0.000E+00 3.163E+00   0.000000 1.000E+00 1.000E+00
   1  491221  1     1.080E+01 0.000E+00 0.000E+00 0.000E+00 0.000E+00 0.000E+00
   1      1.000E+00 0.000E+00 0.000E+00 4.824E+00   0.000000 1.000E+00 1.000E+00
   1  491222  1     1.080E+01 0.000E+00 0.000E+00 0.000E+00 0.000E+00 0.000E+00
   1      1.000E+00 0.000E+00 0.000E+00 4.867E+00   0.000000 1.000E+00 1.000E+00
   1  491230  1     6.170E+00 9.676E-01 0.000E+00 0.000E+00 0.000E+00 0.000E+00
   1      1.000E+00 0.000E+00 0.000E+00 2.417E+00   0.000000 1.000E+00 1.000E+00
   1  491231  1     4.780E+01 1.000E+00 0.000E+00 0.000E+00 0.000E+00 0.000E+00
   1      1.000E+00 0.000E+00 0.000E+00 2.094E+00   0.000000 1.000E+00 1.000E+00
   1  491240  1     3.120E+00 0.000E+00 0.000E+00 0.000E+00 0.000E+00 0.000E+00
   1      1.000E+00 0.000E+00 0.000E+00 4.702E+00   0.000000 1.000E+00 1.000E+00
   1  491241  1     3.700E+00 0.000E+00 0.000E+00 0.000E+00 0.000E+00 0.000E+00
   1      1.000E+00 0.000E+00 0.000E+00 5.154E+00   0.000000 1.000E+00 1.000E+00
   1  491250  1     2.360E+00 8.131E-01 0.000E+00 0.000E+00 0.000E+00 0.000E+00
   1      1.000E+00 0.000E+00 0.000E+00 3.051E+00   0.000000 1.000E+00 1.000E+00
   1  491251  1     1.220E+01 1.000E+00 0.000E+00 0.000E+00 0.000E+00 0.000E+00
   1      1.000E+00 0.000E+00 0.000E+00 3.834E+00   0.000000 1.000E+00 1.000E+00
   1  491260  1     1.530E+00 0.000E+00 0.000E+00 0.000E+00 0.000E+00 0.000E+00
   1      1.000E+00 0.000E+00 0.000E+00 5.163E+00   0.000000 1.000E+00 1.000E+00
   1  491261  1     1.640E+00 0.000E+00 0.000E+00 0.000E+00 0.000E+00 0.000E+00
   1      1.000E+00 0.000E+00 0.000E+00 5.540E+00   0.000000 1.000E+00 1.000E+00
   1  491270  1     1.090E+00 8.272E-01 0.000E+00 0.000E+00 0.000E+00 0.000E+00
   1      1.000E+00 0.000E+00 0.000E+00 3.684E+00   0.000000 1.000E+00 1.000E+00
   1  491271  1     3.670E+00 1.000E+00 0.000E+00 0.000E+00 0.000E+00 0.000E+00
   1      9.931E-01 0.000E+00 6.900E-03 4.618E+00   0.000000 1.000E+00 1.000E+00
   1  491280  1     8.400E-01 0.000E+00 0.000E+00 0.000E+00 0.000E+00 0.000E+00
   1      1.000E+00 0.000E+00 0.000E+00 5.660E+00   0.000000 1.000E+00 1.000E+00
   1  491281  1     1.000E-02 0.000E+00 0.000E+00 0.000E+00 0.000E+00 1.000E+00
   1      0.000E+00 0.000E+00 0.000E+00 2.479E-01   0.000000 1.000E+00 1.000E+00
   1  491282  1     7.200E-01 1.000E+00 0.000E+00 0.000E+00 0.000E+00 0.000E+00
   1      1.000E+00 0.000E+00 0.000E+00 4.802E+00   0.000000 1.000E+00 1.000E+00
   1  491290  1     6.100E-01 1.065E-01 0.000E+00 0.000E+00 0.000E+00 0.000E+00
   1      1.000E+00 0.000E+00 0.000E+00 4.481E+00   0.000000 1.000E+00 1.000E+00
   1  491291  1     1.230E+00 0.000E+00 0.000E+00 0.000E+00 0.000E+00 0.000E+00
   1      9.970E-01 0.000E+00 0.000E+00 3.828E+00   0.000000 1.000E+00 1.000E+00
   1  491300  1     2.900E-01 2.894E-01 0.000E+00 0.000E+00 0.000E+00 0.000E+00
   1      1.000E+00 0.000E+00 0.000E+00 6.378E+00   0.000000 1.000E+00 1.000E+00
   1  491301  1     5.400E-01 1.000E+00 0.000E+00 0.000E+00 0.000E+00 0.000E+00
   1      1.000E+00 0.000E+00 0.000E+00 4.821E+00   0.000000 1.000E+00 1.000E+00
   1  491302  1     5.400E-01 0.000E+00 0.000E+00 0.000E+00 0.000E+00 0.000E+00
   1      1.000E+00 0.000E+00 0.000E+00 6.323E+00   0.000000 1.000E+00 1.000E+00
   1  491310  1     2.800E-01 5.307E-02 0.000E+00 0.000E+00 0.000E+00 0.000E+00
   1      1.000E+00 0.000E+00 0.000E+00 5.400E+00   0.000000 1.000E+00 1.000E+00
   1  491311  1     3.500E-01 0.000E+00 0.000E+00 0.000E+00 0.000E+00 1.800E-04
   1      9.798E-01 0.000E+00 1.000E-02 6.273E+00   0.000000 1.000E+00 1.000E+00
   1  491312  1     3.200E-01 1.000E+00 0.000E+00 0.000E+00 0.000E+00 1.000E-02
   1      9.897E-01 0.000E+00 1.400E-04 8.750E+00   0.000000 1.000E+00 1.000E+00
   1  491320  1     2.070E-01 0.000E+00 0.000E+00 0.000E+00 0.000E+00 0.000E+00
   1      1.000E+00 0.000E+00 0.000E+00 9.681E+00   0.000000 1.000E+00 1.000E+00
   1  491330  1     1.650E-01 0.000E+00 0.000E+00 0.000E+00 0.000E+00 0.000E+00
   1      1.500E-01 0.000E+00 8.500E-01 8.029E+00   0.000000 1.000E+00 1.000E+00
   1  491331  1     1.800E-01 0.000E+00 0.000E+00 0.000E+00 0.000E+00 1.000E+00
   1      0.000E+00 0.000E+00 0.000E+00 3.300E-01   0.000000 1.000E+00 1.000E+00
   1  491340  1     1.400E-01 0.000E+00 0.000E+00 0.000E+00 0.000E+00 0.000E+00
   1      4.000E-02 0.000E+00 6.500E-01 8.600E+00   0.000000 1.000E+00 1.000E+00
   1  491350  1     9.200E-02 0.000E+00 0.000E+00 0.000E+00 0.000E+00 0.000E+00
   1      1.000E+00 0.000E+00 0.000E+00 9.067E+00   0.000000 1.000E+00 1.000E+00
   1  500990  1     5.000E-03 0.000E+00 1.000E+00 0.000E+00 0.000E+00 0.000E+00
   1      0.000E+00 0.000E+00 0.000E+00 9.380E+00   0.000000 1.000E+00 1.000E+00
   1  501000  1     1.100E+00 0.000E+00 1.700E-01 0.000E+00 0.000E+00 0.000E+00
   1      0.000E+00 0.000E+00 0.000E+00 4.826E+00   0.000000 1.000E+00 1.000E+00
   1  501010  1     3.000E+00 0.000E+00 1.000E+00 5.000E-01 0.000E+00 0.000E+00
   1      0.000E+00 0.000E+00 0.000E+00 5.850E+00   0.000000 1.000E+00 1.000E+00
   1  501020  1     4.600E+00 0.000E+00 1.000E+00 0.000E+00 0.000E+00 0.000E+00
   1      0.000E+00 0.000E+00 0.000E+00 3.853E+00   0.000000 1.000E+00 1.000E+00
   1  501030  1     7.000E+00 0.000E+00 1.000E+00 5.000E-01 0.000E+00 0.000E+00
   1      0.000E+00 0.000E+00 0.000E+00 4.875E+00   0.000000 1.000E+00 1.000E+00
   1  501040  1     2.080E+01 0.000E+00 1.000E+00 9.068E-01 0.000E+00 0.000E+00
   1      0.000E+00 0.000E+00 0.000E+00 2.610E+00   0.000000 1.000E+00 1.000E+00
   1  501050  1     3.400E+01 0.000E+00 1.000E+00 5.000E-01 0.000E+00 0.000E+00
   1      0.000E+00 0.000E+00 0.000E+00 3.923E+00   0.000000 1.000E+00 1.000E+00
   1  501060  1     1.150E+02 0.000E+00 1.000E+00 1.000E+00 0.000E+00 0.000E+00
   1      0.000E+00 0.000E+00 0.000E+00 2.508E+00   0.000000 1.000E+00 1.000E+00
   1  501070  1     1.740E+02 0.000E+00 1.000E+00 5.000E-01 0.000E+00 0.000E+00
   1      0.000E+00 0.000E+00 0.000E+00 3.094E+00   0.000000 1.000E+00 1.000E+00
   1  501080  1     6.180E+02 0.000E+00 1.000E+00 1.000E+00 0.000E+00 0.000E+00
   1      0.000E+00 0.000E+00 0.000E+00 7.023E-01   0.000000 1.000E+00 1.000E+00
   1  501090  1     1.080E+03 0.000E+00 1.000E+00 3.085E-01 0.000E+00 0.000E+00
   1      0.000E+00 0.000E+00 0.000E+00 2.433E+00   0.000000 1.000E+00 1.000E+00
   1  501100  1     1.476E+04 0.000E+00 1.000E+00 1.000E+00 0.000E+00 0.000E+00
   1      0.000E+00 0.000E+00 0.000E+00 3.046E-01   0.000000 1.000E+00 1.000E+00
   1  501110  1     2.118E+03 0.000E+00 1.000E+00 2.000E-03 0.000E+00 0.000E+00
   1      0.000E+00 0.000E+00 0.000E+00 1.633E+00   0.000000 1.000E+00 1.000E+00
   1  501120  6     0.000E+00 0.000E+00 0.000E+00 0.000E+00 0.000E+00 0.000E+00
   1      0.000E+00 0.000E+00 0.000E+00 0.000E+00   0.970000 1.000E+00 1.000E+00
   1  501130  1     9.944E+06 0.000E+00 1.000E+00 1.000E+00 0.000E+00 0.000E+00
   1      0.000E+00 0.000E+00 0.000E+00 2.892E-02   0.000000 1.000E+00 1.000E+00
   1  501131  1     1.254E+03 0.000E+00 8.900E-02 0.000E+00 0.000E+00 9.110E-01
   1      0.000E+00 0.000E+00 0.000E+00 7.306E-02   0.000000 1.000E+00 1.000E+00
   1  501140  6     0.000E+00 0.000E+00 0.000E+00 0.000E+00 0.000E+00 0.000E+00
   1      0.000E+00 0.000E+00 0.000E+00 0.000E+00   0.650000 1.000E+00 1.000E+00
   1  501150  6     0.000E+00 0.000E+00 0.000E+00 0.000E+00 0.000E+00 0.000E+00
   1      0.000E+00 0.000E+00 0.000E+00 0.000E+00   0.340000 1.000E+00 1.000E+00
   1  501160  6     0.000E+00 0.000E+00 0.000E+00 0.000E+00 0.000E+00 0.000E+00
   1      0.000E+00 0.000E+00 0.000E+00 0.000E+00  14.540000 1.000E+00 1.000E+00
   1  501170  6     0.000E+00 0.000E+00 0.000E+00 0.000E+00 0.000E+00 0.000E+00
   1      0.000E+00 0.000E+00 0.000E+00 0.000E+00   7.680000 1.000E+00 1.000E+00
   1  501171  1     1.210E+06 0.000E+00 0.000E+00 0.000E+00 0.000E+00 1.000E+00
   1      0.000E+00 0.000E+00 0.000E+00 3.149E-01   0.000000 1.000E+00 1.000E+00
   1  501180  6     0.000E+00 0.000E+00 0.000E+00 0.000E+00 0.000E+00 0.000E+00
   1      0.000E+00 0.000E+00 0.000E+00 0.000E+00  24.220000 1.000E+00 1.000E+00
   1  501190  6     0.000E+00 0.000E+00 0.000E+00 0.000E+00 0.000E+00 0.000E+00
   1      0.000E+00 0.000E+00 0.000E+00 0.000E+00   8.580000 1.000E+00 1.000E+00
   1  501191  1     2.532E+07 0.000E+00 0.000E+00 0.000E+00 0.000E+00 1.000E+00
   1      0.000E+00 0.000E+00 0.000E+00 8.962E-02   0.000000 1.000E+00 1.000E+00
   1  501200  6     0.000E+00 0.000E+00 0.000E+00 0.000E+00 0.000E+00 0.000E+00
   1      0.000E+00 0.000E+00 0.000E+00 0.000E+00  32.590000 1.000E+00 1.000E+00
   1  501210  1     9.731E+04 0.000E+00 0.000E+00 0.000E+00 0.000E+00 0.000E+00
   1      1.000E+00 0.000E+00 0.000E+00 1.158E-01   0.000000 1.000E+00 1.000E+00
   1  501211  1     1.385E+09 0.000E+00 0.000E+00 0.000E+00 0.000E+00 7.760E-01
   1      2.240E-01 0.000E+00 0.000E+00 4.060E-02   0.000000 1.000E+00 1.000E+00
   1  501220  6     0.000E+00 0.000E+00 0.000E+00 0.000E+00 0.000E+00 0.000E+00
   1      0.000E+00 0.000E+00 0.000E+00 0.000E+00   4.630000 1.000E+00 1.000E+00
   1  501230  1     1.116E+07 0.000E+00 0.000E+00 0.000E+00 0.000E+00 0.000E+00
   1      1.000E+00 0.000E+00 0.000E+00 5.301E-01   0.000000 1.000E+00 1.000E+00
   1  501231  1     2.404E+03 0.000E+00 0.000E+00 0.000E+00 0.000E+00 0.000E+00
   1      1.000E+00 0.000E+00 0.000E+00 6.195E-01   0.000000 1.000E+00 1.000E+00
   1  501240  1     3.156E+24 0.000E+00 0.000E+00 0.000E+00 0.000E+00 0.000E+00
   1      1.000E+00 0.000E+00 0.000E+00 2.291E+00   5.790000 1.000E+00 1.000E+00
   1  501250  1     8.329E+05 0.000E+00 0.000E+00 0.000E+00 0.000E+00 0.000E+00
   1      1.000E+00 0.000E+00 0.000E+00 1.136E+00   0.000000 1.000E+00 1.000E+00
   1  501251  1     5.712E+02 0.000E+00 0.000E+00 0.000E+00 0.000E+00 0.000E+00
   1      1.000E+00 0.000E+00 0.000E+00 1.151E+00   0.000000 1.000E+00 1.000E+00
   1  501260  1     7.258E+12 1.000E+00 0.000E+00 0.000E+00 0.000E+00 0.000E+00
   1      1.000E+00 0.000E+00 0.000E+00 1.787E-01   0.000000 1.000E+00 1.000E+00
   1  501270  1     7.560E+03 0.000E+00 0.000E+00 0.000E+00 0.000E+00 0.000E+00
   1      1.000E+00 0.000E+00 0.000E+00 2.134E+00   0.000000 1.000E+00 1.000E+00
   1  501271  1     2.478E+02 0.000E+00 0.000E+00 0.000E+00 0.000E+00 0.000E+00
   1      1.000E+00 0.000E+00 0.000E+00 2.137E+00   0.000000 1.000E+00 1.000E+00
   1  501280  1     3.544E+03 0.000E+00 0.000E+00 0.000E+00 0.000E+00 0.000E+00
   1      1.000E+00 0.000E+00 0.000E+00 8.544E-01   0.000000 1.000E+00 1.000E+00
   1  501281  1     6.500E+00 0.000E+00 0.000E+00 0.000E+00 0.000E+00 1.000E+00
   1      0.000E+00 0.000E+00 0.000E+00 2.090E+00   0.000000 1.000E+00 1.000E+00
   1  501290  1     1.338E+02 0.000E+00 0.000E+00 0.000E+00 0.000E+00 0.000E+00
   1      1.000E+00 0.000E+00 0.000E+00 2.448E+00   0.000000 1.000E+00 1.000E+00
   1  501291  1     4.320E+02 3.100E-01 0.000E+00 0.000E+00 0.000E+00 0.000E+00
   1      1.000E+00 0.000E+00 0.000E+00 2.413E+00   0.000000 1.000E+00 1.000E+00
   1  501300  1     2.238E+02 1.000E+00 0.000E+00 0.000E+00 0.000E+00 0.000E+00
   1      1.000E+00 0.000E+00 0.000E+00 1.400E+00   0.000000 1.000E+00 1.000E+00
   1  501301  1     1.020E+02 1.600E-01 0.000E+00 0.000E+00 0.000E+00 0.000E+00
   1      1.000E+00 0.000E+00 0.000E+00 2.201E+00   0.000000 1.000E+00 1.000E+00
   1  501310  1     5.600E+01 0.000E+00 0.000E+00 0.000E+00 0.000E+00 0.000E+00
   1      1.000E+00 0.000E+00 0.000E+00 3.116E+00   0.000000 1.000E+00 1.000E+00
   1  501311  1     5.840E+01 0.000E+00 0.000E+00 0.000E+00 0.000E+00 4.000E-06
   1      1.000E+00 0.000E+00 0.000E+00 3.169E+00   0.000000 1.000E+00 1.000E+00
   1  501320  1     3.970E+01 0.000E+00 0.000E+00 0.000E+00 0.000E+00 0.000E+00
   1      1.000E+00 0.000E+00 0.000E+00 2.019E+00   0.000000 1.000E+00 1.000E+00
   1  501330  1     1.460E+00 0.000E+00 0.000E+00 0.000E+00 0.000E+00 0.000E+00
   1      1.000E+00 0.000E+00 0.000E+00 3.809E+00   0.000000 1.000E+00 1.000E+00
   1  501340  1     1.050E+00 0.000E+00 0.000E+00 0.000E+00 0.000E+00 0.000E+00
   1      8.300E-01 0.000E+00 1.700E-01 4.597E+00   0.000000 1.000E+00 1.000E+00
   1  501350  1     5.300E-01 0.000E+00 0.000E+00 0.000E+00 0.000E+00 0.000E+00
   1      7.900E-01 0.000E+00 1.050E-01 5.521E+00   0.000000 1.000E+00 1.000E+00
   1  501360  1     2.500E-01 0.000E+00 0.000E+00 0.000E+00 0.000E+00 0.000E+00
   1      7.000E-01 0.000E+00 3.000E-01 5.067E+00   0.000000 1.000E+00 1.000E+00
   1  501370  1     1.900E-01 0.000E+00 0.000E+00 0.000E+00 0.000E+00 0.000E+00
   1      4.200E-01 0.000E+00 5.800E-01 5.613E+00   0.000000 1.000E+00 1.000E+00
   1  511030  1     1.000E-01 0.000E+00 1.000E+00 0.000E+00 0.000E+00 0.000E+00
   1      0.000E+00 0.000E+00 0.000E+00 7.193E+00   0.000000 1.000E+00 1.000E+00
   1  511040  1     4.700E-01 0.000E+00 7.000E-02 5.000E-01 4.650E-01 0.000E+00
   1      0.000E+00 0.000E+00 0.000E+00 4.906E+00   0.000000 1.000E+00 1.000E+00
   1  511050  1     1.120E+00 0.000E+00 9.900E-01 0.000E+00 0.000E+00 0.000E+00
   1      0.000E+00 0.000E+00 0.000E+00 6.235E+00   0.000000 1.000E+00 1.000E+00
   1  511060  1     6.000E-01 0.000E+00 1.000E+00 0.000E+00 0.000E+00 0.000E+00
   1      0.000E+00 0.000E+00 0.000E+00 7.400E+00   0.000000 1.000E+00 1.000E+00
   1  511070  1     4.600E+00 0.000E+00 1.000E+00 0.000E+00 0.000E+00 0.000E+00
   1      0.000E+00 0.000E+00 0.000E+00 5.287E+00   0.000000 1.000E+00 1.000E+00
   1  511080  1     7.400E+00 0.000E+00 1.000E+00 0.000E+00 0.000E+00 0.000E+00
   1      0.000E+00 0.000E+00 0.000E+00 6.354E+00   0.000000 1.000E+00 1.000E+00
   1  511090  1     1.700E+01 0.000E+00 1.000E+00 0.000E+00 0.000E+00 0.000E+00
   1      0.000E+00 0.000E+00 0.000E+00 3.737E+00   0.000000 1.000E+00 1.000E+00
   1  511100  1     2.360E+01 0.000E+00 1.000E+00 0.000E+00 0.000E+00 0.000E+00
   1      0.000E+00 0.000E+00 0.000E+00 5.643E+00   0.000000 1.000E+00 1.000E+00
   1  511110  1     7.500E+01 0.000E+00 1.000E+00 0.000E+00 0.000E+00 0.000E+00
   1      0.000E+00 0.000E+00 0.000E+00 2.827E+00   0.000000 1.000E+00 1.000E+00
   1  511120  1     5.140E+01 0.000E+00 1.000E+00 0.000E+00 0.000E+00 0.000E+00
   1      0.000E+00 0.000E+00 0.000E+00 4.509E+00   0.000000 1.000E+00 1.000E+00
   1  511130  1     4.002E+02 0.000E+00 1.000E+00 1.980E-01 0.000E+00 0.000E+00
   1      0.000E+00 0.000E+00 0.000E+00 2.598E+00   0.000000 1.000E+00 1.000E+00
   1  511140  1     2.094E+02 0.000E+00 1.000E+00 0.000E+00 0.000E+00 0.000E+00
   1      0.000E+00 0.000E+00 0.000E+00 3.913E+00   0.000000 1.000E+00 1.000E+00
   1  511150  1     1.926E+03 0.000E+00 1.000E+00 0.000E+00 0.000E+00 0.000E+00
   1      0.000E+00 0.000E+00 0.000E+00 1.121E+00   0.000000 1.000E+00 1.000E+00
   1  511160  1     9.480E+02 0.000E+00 1.000E+00 0.000E+00 0.000E+00 0.000E+00
   1      0.000E+00 0.000E+00 0.000E+00 2.809E+00   0.000000 1.000E+00 1.000E+00
   1  511161  1     3.618E+03 0.000E+00 1.000E+00 0.000E+00 0.000E+00 0.000E+00
   1      0.000E+00 0.000E+00 0.000E+00 3.401E+00   0.000000 1.000E+00 1.000E+00
   1  511170  1     1.008E+04 0.000E+00 1.000E+00 0.000E+00 0.000E+00 0.000E+00
   1      0.000E+00 0.000E+00 0.000E+00 2.140E-01   0.000000 1.000E+00 1.000E+00
   1  511180  1     2.160E+02 0.000E+00 1.000E+00 0.000E+00 0.000E+00 0.000E+00
   1      0.000E+00 0.000E+00 0.000E+00 1.677E+00   0.000000 1.000E+00 1.000E+00
   1  511181  1     1.800E+04 0.000E+00 1.000E+00 0.000E+00 0.000E+00 0.000E+00
   1      0.000E+00 0.000E+00 0.000E+00 2.634E+00   0.000000 1.000E+00 1.000E+00
   1  511190  1     1.379E+05 0.000E+00 1.000E+00 0.000E+00 0.000E+00 0.000E+00
   1      0.000E+00 0.000E+00 0.000E+00 4.939E-02   0.000000 1.000E+00 1.000E+00
   1  511191  1     8.500E-01 0.000E+00 0.000E+00 0.000E+00 0.000E+00 1.000E+00
   1      0.000E+00 0.000E+00 0.000E+00 2.852E+00   0.000000 1.000E+00 1.000E+00
   1  511200  1     9.540E+02 0.000E+00 1.000E+00 0.000E+00 0.000E+00 0.000E+00
   1      0.000E+00 0.000E+00 0.000E+00 7.668E-01   0.000000 1.000E+00 1.000E+00
   1  511201  1     4.977E+05 0.000E+00 1.000E+00 0.000E+00 0.000E+00 0.000E+00
   1      0.000E+00 0.000E+00 0.000E+00 2.507E+00   0.000000 1.000E+00 1.000E+00
   1  511210  6     0.000E+00 0.000E+00 0.000E+00 0.000E+00 0.000E+00 0.000E+00
   1      0.000E+00 0.000E+00 0.000E+00 0.000E+00  57.210000 1.000E+00 1.000E+00
   1  511220  1     2.329E+05 0.000E+00 2.370E-02 0.000E+00 0.000E+00 0.000E+00
   1      9.763E-01 0.000E+00 0.000E+00 1.003E+00   0.000000 1.000E+00 1.000E+00
   1  511221  1     2.514E+02 0.000E+00 0.000E+00 0.000E+00 0.000E+00 1.000E+00
   1      0.000E+00 0.000E+00 0.000E+00 1.636E-01   0.000000 1.000E+00 1.000E+00
   1  511230  6     0.000E+00 0.000E+00 0.000E+00 0.000E+00 0.000E+00 0.000E+00
   1      0.000E+00 0.000E+00 0.000E+00 0.000E+00  42.790000 1.000E+00 1.000E+00
   1  511240  1     5.202E+06 0.000E+00 0.000E+00 0.000E+00 0.000E+00 0.000E+00
   1      1.000E+00 0.000E+00 0.000E+00 2.197E+00   0.000000 1.000E+00 1.000E+00
   1  511241  1     9.300E+01 0.000E+00 0.000E+00 0.000E+00 0.000E+00 7.500E-01
   1      2.500E-01 0.000E+00 0.000E+00 5.516E-01   0.000000 1.000E+00 1.000E+00
   1  511242  1     1.212E+03 0.000E+00 0.000E+00 0.000E+00 0.000E+00 0.000E+00
   1      0.000E+00 1.000E+00 0.000E+00 2.611E-02   0.000000 1.000E+00 1.000E+00
   1  511250  1     8.705E+07 2.310E-01 0.000E+00 0.000E+00 0.000E+00 0.000E+00
   1      1.000E+00 0.000E+00 0.000E+00 5.334E-01   0.000000 1.000E+00 1.000E+00
   1  511260  1     1.072E+06 0.000E+00 0.000E+00 0.000E+00 0.000E+00 0.000E+00
   1      1.000E+00 0.000E+00 0.000E+00 3.085E+00   0.000000 1.000E+00 1.000E+00
   1  511261  1     1.146E+03 0.000E+00 0.000E+00 0.000E+00 0.000E+00 1.400E-01
   1      8.600E-01 0.000E+00 0.000E+00 2.201E+00   0.000000 1.000E+00 1.000E+00
   1  511262  1     1.100E+01 0.000E+00 0.000E+00 0.000E+00 0.000E+00 0.000E+00
   1      0.000E+00 1.000E+00 0.000E+00 2.281E-02   0.000000 1.000E+00 1.000E+00
   1  511270  1     3.326E+05 1.682E-01 0.000E+00 0.000E+00 0.000E+00 0.000E+00
   1      1.000E+00 0.000E+00 0.000E+00 9.736E-01   0.000000 1.000E+00 1.000E+00
   1  511280  1     3.244E+04 0.000E+00 0.000E+00 0.000E+00 0.000E+00 0.000E+00
   1      1.000E+00 0.000E+00 0.000E+00 3.526E+00   0.000000 1.000E+00 1.000E+00
   1  511281  1     6.240E+02 0.000E+00 0.000E+00 0.000E+00 0.000E+00 3.600E-02
   1      9.640E-01 0.000E+00 0.000E+00 2.826E+00   0.000000 1.000E+00 1.000E+00
   1  511290  1     1.570E+04 1.660E-01 0.000E+00 0.000E+00 0.000E+00 0.000E+00
   1      1.000E+00 0.000E+00 0.000E+00 1.735E+00   0.000000 1.000E+00 1.000E+00
   1  511291  1     1.062E+03 9.765E-01 0.000E+00 0.000E+00 0.000E+00 1.500E-01
   1      8.500E-01 0.000E+00 0.000E+00 2.477E+00   0.000000 1.000E+00 1.000E+00
   1  511300  1     2.370E+03 0.000E+00 0.000E+00 0.000E+00 0.000E+00 0.000E+00
   1      1.000E+00 0.000E+00 0.000E+00 3.840E+00   0.000000 1.000E+00 1.000E+00
   1  511301  1     3.780E+02 0.000E+00 0.000E+00 0.000E+00 0.000E+00 0.000E+00
   1      1.000E+00 0.000E+00 0.000E+00 3.376E+00   0.000000 1.000E+00 1.000E+00
   1  511310  1     1.382E+03 8.006E-02 0.000E+00 0.000E+00 0.000E+00 0.000E+00
   1      1.000E+00 0.000E+00 0.000E+00 2.312E+00   0.000000 1.000E+00 1.000E+00
   1  511320  1     1.674E+02 0.000E+00 0.000E+00 0.000E+00 0.000E+00 0.000E+00
   1      1.000E+00 0.000E+00 0.000E+00 3.750E+00   0.000000 1.000E+00 1.000E+00
   1  511321  1     2.460E+02 0.000E+00 0.000E+00 0.000E+00 0.000E+00 0.000E+00
   1      1.000E+00 0.000E+00 0.000E+00 3.684E+00   0.000000 1.000E+00 1.000E+00
   1  511330  1     1.500E+02 1.729E-01 0.000E+00 0.000E+00 0.000E+00 0.000E+00
   1      1.000E+00 0.000E+00 0.000E+00 2.841E+00   0.000000 1.000E+00 1.000E+00
   1  511340  1     7.800E-01 0.000E+00 0.000E+00 0.000E+00 0.000E+00 0.000E+00
   1      1.000E+00 0.000E+00 0.000E+00 3.821E+00   0.000000 1.000E+00 1.000E+00
   1  511341  1     1.007E+01 0.000E+00 0.000E+00 0.000E+00 0.000E+00 0.000E+00
   1      9.991E-01 0.000E+00 4.550E-04 5.641E+00   0.000000 1.000E+00 1.000E+00
   1  511350  1     1.740E+00 0.000E+00 0.000E+00 0.000E+00 0.000E+00 0.000E+00
   1      8.430E-01 0.000E+00 1.570E-01 3.832E+00   0.000000 1.000E+00 1.000E+00
   1  511360  1     9.230E-01 0.000E+00 0.000E+00 0.000E+00 0.000E+00 0.000E+00
   1      2.800E-03 0.000E+00 1.630E-01 5.911E+00   0.000000 1.000E+00 1.000E+00
   1  511370  1     4.500E-01 0.000E+00 0.000E+00 0.000E+00 0.000E+00 0.000E+00
   1      5.100E-01 0.000E+00 4.900E-01 5.403E+00   0.000000 1.000E+00 1.000E+00
   1  511380  1     5.000E-01 0.000E+00 0.000E+00 0.000E+00 0.000E+00 0.000E+00
   1      1.000E+00 0.000E+00 0.000E+00 7.187E+00   0.000000 1.000E+00 1.000E+00
   1  511390  1     3.000E-01 0.000E+00 0.000E+00 0.000E+00 0.000E+00 0.000E+00
   1      1.000E+00 0.000E+00 0.000E+00 6.987E+00   0.000000 1.000E+00 1.000E+00
   1  521050  1     1.000E-06 0.000E+00 5.000E-01 0.000E+00 5.000E-01 0.000E+00
   1      0.000E+00 0.000E+00 0.000E+00 6.091E+00   0.000000 1.000E+00 1.000E+00
   1  521060  1     6.000E-05 0.000E+00 0.000E+00 0.000E+00 1.000E+00 0.000E+00
   1      0.000E+00 0.000E+00 0.000E+00 4.290E+00   0.000000 1.000E+00 1.000E+00
   1  521070  1     3.100E-03 0.000E+00 3.000E-01 0.000E+00 7.000E-01 0.000E+00
   1      0.000E+00 0.000E+00 0.000E+00 4.826E+00   0.000000 1.000E+00 1.000E+00
   1  521080  1     2.100E+00 0.000E+00 6.500E-04 5.000E-01 4.900E-01 0.000E+00
   1      0.000E+00 0.000E+00 0.000E+00 3.989E+00   0.000000 1.000E+00 1.000E+00
   1  521090  1     4.600E+00 0.000E+00 5.000E-05 5.000E-01 3.900E-02 0.000E+00
   1      0.000E+00 0.000E+00 0.000E+00 5.628E+00   0.000000 1.000E+00 1.000E+00
   1  521100  1     1.860E+01 0.000E+00 1.000E+00 0.000E+00 3.000E-05 0.000E+00
   1      0.000E+00 0.000E+00 0.000E+00 3.507E+00   0.000000 1.000E+00 1.000E+00
   1  521110  1     1.930E+01 0.000E+00 1.000E+00 0.000E+00 0.000E+00 0.000E+00
   1      0.000E+00 0.000E+00 0.000E+00 4.939E+00   0.000000 1.000E+00 1.000E+00
   1  521120  1     1.200E+02 0.000E+00 1.000E+00 0.000E+00 0.000E+00 0.000E+00
   1      0.000E+00 0.000E+00 0.000E+00 2.867E+00   0.000000 1.000E+00 1.000E+00
   1  521130  1     1.020E+02 0.000E+00 1.000E+00 0.000E+00 0.000E+00 0.000E+00
   1      0.000E+00 0.000E+00 0.000E+00 3.556E+00   0.000000 1.000E+00 1.000E+00
   1  521140  1     9.120E+02 0.000E+00 1.000E+00 0.000E+00 0.000E+00 0.000E+00
   1      0.000E+00 0.000E+00 0.000E+00 1.265E+00   0.000000 1.000E+00 1.000E+00
   1  521150  1     3.480E+02 0.000E+00 1.000E+00 0.000E+00 0.000E+00 0.000E+00
   1      0.000E+00 0.000E+00 0.000E+00 2.917E+00   0.000000 1.000E+00 1.000E+00
   1  521151  1     4.020E+02 0.000E+00 1.000E+00 0.000E+00 0.000E+00 0.000E+00
   1      0.000E+00 0.000E+00 0.000E+00 2.591E+00   0.000000 1.000E+00 1.000E+00
   1  521160  1     8.964E+03 0.000E+00 1.000E+00 0.000E+00 0.000E+00 0.000E+00
   1      0.000E+00 0.000E+00 0.000E+00 1.711E-01   0.000000 1.000E+00 1.000E+00
   1  521170  1     3.720E+03 0.000E+00 1.000E+00 0.000E+00 0.000E+00 0.000E+00
   1      0.000E+00 0.000E+00 0.000E+00 1.762E+00   0.000000 1.000E+00 1.000E+00
   1  521171  1     1.030E-01 0.000E+00 0.000E+00 0.000E+00 0.000E+00 1.000E+00
   1      0.000E+00 0.000E+00 0.000E+00 2.993E-01   0.000000 1.000E+00 1.000E+00
   1  521180  1     5.184E+05 0.000E+00 1.000E+00 0.000E+00 0.000E+00 0.000E+00
   1      0.000E+00 0.000E+00 0.000E+00 2.484E-02   0.000000 1.000E+00 1.000E+00
   1  521190  1     5.778E+04 0.000E+00 1.000E+00 0.000E+00 0.000E+00 0.000E+00
   1      0.000E+00 0.000E+00 0.000E+00 7.807E-01   0.000000 1.000E+00 1.000E+00
   1  521191  1     4.061E+05 0.000E+00 1.000E+00 0.000E+00 0.000E+00 0.000E+00
   1      0.000E+00 0.000E+00 0.000E+00 1.512E+00   0.000000 1.000E+00 1.000E+00
   1  521200  6     0.000E+00 0.000E+00 0.000E+00 0.000E+00 0.000E+00 0.000E+00
   1      0.000E+00 0.000E+00 0.000E+00 0.000E+00   0.096000 1.000E+00 1.000E+00
   1  521210  1     1.655E+06 0.000E+00 1.000E+00 0.000E+00 0.000E+00 0.000E+00
   1      0.000E+00 0.000E+00 0.000E+00 5.873E-01   0.000000 1.000E+00 1.000E+00
   1  521211  1     1.331E+07 0.000E+00 1.130E-01 0.000E+00 0.000E+00 8.870E-01
   1      0.000E+00 0.000E+00 0.000E+00 2.970E-01   0.000000 1.000E+00 1.000E+00
   1  521220  6     0.000E+00 0.000E+00 0.000E+00 0.000E+00 0.000E+00 0.000E+00
   1      0.000E+00 0.000E+00 0.000E+00 0.000E+00   2.603000 1.000E+00 1.000E+00
   1  521230  1     2.903E+24 0.000E+00 1.000E+00 0.000E+00 0.000E+00 0.000E+00
   1      0.000E+00 0.000E+00 0.000E+00 2.261E-03   0.908000 1.000E+00 1.000E+00
   1  521231  1     1.032E+07 0.000E+00 0.000E+00 0.000E+00 0.000E+00 1.000E+00
   1      0.000E+00 0.000E+00 0.000E+00 2.457E-01   0.000000 1.000E+00 1.000E+00
   1  521240  6     0.000E+00 0.000E+00 0.000E+00 0.000E+00 0.000E+00 0.000E+00
   1      0.000E+00 0.000E+00 0.000E+00 0.000E+00   4.816000 1.000E+00 1.000E+00
   1  521250  6     0.000E+00 0.000E+00 0.000E+00 0.000E+00 0.000E+00 0.000E+00
   1      0.000E+00 0.000E+00 0.000E+00 0.000E+00   7.139000 1.000E+00 1.000E+00
   1  521251  1     4.959E+06 0.000E+00 0.000E+00 0.000E+00 0.000E+00 1.000E+00
   1      0.000E+00 0.000E+00 0.000E+00 1.405E-01   0.000000 1.000E+00 1.000E+00
   1  521260  6     0.000E+00 0.000E+00 0.000E+00 0.000E+00 0.000E+00 0.000E+00
   1      0.000E+00 0.000E+00 0.000E+00 0.000E+00  18.952000 1.000E+00 1.000E+00
   1  521270  1     3.366E+04 0.000E+00 0.000E+00 0.000E+00 0.000E+00 0.000E+00
   1      1.000E+00 0.000E+00 0.000E+00 2.310E-01   0.000000 1.000E+00 1.000E+00
   1  521271  1     9.167E+06 0.000E+00 0.000E+00 0.000E+00 0.000E+00 9.727E-01
   1      2.730E-02 0.000E+00 0.000E+00 9.274E-02   0.000000 1.000E+00 1.000E+00
   1  521280  1     6.943E+31 0.000E+00 0.000E+00 0.000E+00 0.000E+00 0.000E+00
   1      1.000E+00 0.000E+00 0.000E+00 8.665E-01  31.687000 1.000E+00 1.000E+00
   1  521290  1     4.176E+03 0.000E+00 0.000E+00 0.000E+00 0.000E+00 0.000E+00
   1      1.000E+00 0.000E+00 0.000E+00 6.052E-01   0.000000 1.000E+00 1.000E+00
   1  521291  1     2.903E+06 0.000E+00 0.000E+00 0.000E+00 0.000E+00 6.300E-01
   1      3.700E-01 0.000E+00 0.000E+00 3.006E-01   0.000000 1.000E+00 1.000E+00
   1  521300  1     2.493E+28 0.000E+00 0.000E+00 0.000E+00 0.000E+00 0.000E+00
   1      1.000E+00 0.000E+00 0.000E+00 2.528E+00  33.799000 1.000E+00 1.000E+00
   1  521310  1     1.500E+03 0.000E+00 0.000E+00 0.000E+00 0.000E+00 0.000E+00
   1      1.000E+00 0.000E+00 0.000E+00 1.183E+00   0.000000 1.000E+00 1.000E+00
   1  521311  1     1.080E+05 0.000E+00 0.000E+00 0.000E+00 0.000E+00 2.100E-01
   1      7.900E-01 0.000E+00 0.000E+00 1.650E+00   0.000000 1.000E+00 1.000E+00
   1  521320  1     2.791E+05 0.000E+00 0.000E+00 0.000E+00 0.000E+00 0.000E+00
   1      1.000E+00 0.000E+00 0.000E+00 3.435E-01   0.000000 1.000E+00 1.000E+00
   1  521330  1     7.470E+02 0.000E+00 0.000E+00 0.000E+00 0.000E+00 0.000E+00
   1      1.000E+00 0.000E+00 0.000E+00 1.860E+00   0.000000 1.000E+00 1.000E+00
   1  521331  1     3.324E+03 0.000E+00 0.000E+00 0.000E+00 0.000E+00 1.750E-01
   1      8.250E-01 0.000E+00 0.000E+00 2.199E+00   0.000000 1.000E+00 1.000E+00
   1  521340  1     2.508E+03 0.000E+00 0.000E+00 0.000E+00 0.000E+00 0.000E+00
   1      1.000E+00 0.000E+00 0.000E+00 1.102E+00   0.000000 1.000E+00 1.000E+00
   1  521350  1     1.900E+01 0.000E+00 0.000E+00 0.000E+00 0.000E+00 0.000E+00
   1      1.000E+00 0.000E+00 0.000E+00 2.793E+00   0.000000 1.000E+00 1.000E+00
   1  521360  1     1.750E+01 0.000E+00 0.000E+00 0.000E+00 0.000E+00 0.000E+00
   1      1.000E+00 0.000E+00 0.000E+00 3.289E+00   0.000000 1.000E+00 1.000E+00
   1  521370  1     2.490E+00 0.000E+00 0.000E+00 0.000E+00 0.000E+00 0.000E+00
   1      9.701E-01 0.000E+00 1.495E-02 4.525E+00   0.000000 1.000E+00 1.000E+00
   1  521380  1     1.400E+00 0.000E+00 0.000E+00 0.000E+00 0.000E+00 0.000E+00
   1      9.370E-01 0.000E+00 6.300E-02 4.116E+00   0.000000 1.000E+00 1.000E+00
   1  521390  1     5.000E-01 0.000E+00 0.000E+00 0.000E+00 0.000E+00 0.000E+00
   1      1.000E+00 0.000E+00 0.000E+00 5.360E+00   0.000000 1.000E+00 1.000E+00
   1  521400  1     3.000E-01 0.000E+00 0.000E+00 0.000E+00 0.000E+00 0.000E+00
   1      1.000E+00 0.000E+00 0.000E+00 4.873E+00   0.000000 1.000E+00 1.000E+00
   1  521410  1     1.000E-01 0.000E+00 0.000E+00 0.000E+00 0.000E+00 0.000E+00
   1      1.000E+00 0.000E+00 0.000E+00 5.973E+00   0.000000 1.000E+00 1.000E+00
   1  521420  1     5.000E-02 0.000E+00 0.000E+00 0.000E+00 0.000E+00 0.000E+00
   1      1.000E+00 0.000E+00 0.000E+00 5.527E+00   0.000000 1.000E+00 1.000E+00
   1  531080  1     3.600E-02 0.000E+00 9.000E-02 0.000E+00 9.000E-01 0.000E+00
   1      0.000E+00 0.000E+00 0.000E+00 4.485E+00   0.000000 1.000E+00 1.000E+00
   1  531090  1     1.030E-04 0.000E+00 0.000E+00 0.000E+00 0.000E+00 0.000E+00
   1      0.000E+00 0.000E+00 0.000E+00 8.210E-01   0.000000 1.000E+00 1.000E+00
   1  531100  1     6.500E-01 0.000E+00 1.100E-02 0.000E+00 1.700E-01 0.000E+00
   1      0.000E+00 0.000E+00 0.000E+00 7.097E+00   0.000000 1.000E+00 1.000E+00
   1  531110  1     2.500E+00 0.000E+00 9.991E-01 0.000E+00 8.800E-04 0.000E+00
   1      0.000E+00 0.000E+00 0.000E+00 5.685E+00   0.000000 1.000E+00 1.000E+00
   1  531120  1     3.420E+00 0.000E+00 1.000E-03 0.000E+00 1.200E-05 0.000E+00
   1      0.000E+00 0.000E+00 0.000E+00 6.786E+00   0.000000 1.000E+00 1.000E+00
   1  531130  1     6.600E+00 0.000E+00 1.000E+00 0.000E+00 3.310E-09 0.000E+00
   1      0.000E+00 0.000E+00 0.000E+00 4.811E+00   0.000000 1.000E+00 1.000E+00
   1  531140  1     2.100E+00 0.000E+00 1.000E+00 0.000E+00 0.000E+00 0.000E+00
   1      0.000E+00 0.000E+00 0.000E+00 6.059E+00   0.000000 1.000E+00 1.000E+00
   1  531141  1     6.200E+00 0.000E+00 9.100E-01 0.000E+00 0.000E+00 9.000E-02
   1      0.000E+00 0.000E+00 0.000E+00 5.699E+00   0.000000 1.000E+00 1.000E+00
   1  531150  1     7.800E+01 0.000E+00 1.000E+00 5.000E-01 0.000E+00 0.000E+00
   1      0.000E+00 0.000E+00 0.000E+00 3.813E+00   0.000000 1.000E+00 1.000E+00
   1  531160  1     2.910E+00 0.000E+00 1.000E+00 0.000E+00 0.000E+00 0.000E+00
   1      0.000E+00 0.000E+00 0.000E+00 5.186E+00   0.000000 1.000E+00 1.000E+00
   1  531170  1     1.332E+02 0.000E+00 1.000E+00 5.000E-01 0.000E+00 0.000E+00
   1      0.000E+00 0.000E+00 0.000E+00 3.009E+00   0.000000 1.000E+00 1.000E+00
   1  531180  1     8.220E+02 0.000E+00 1.000E+00 0.000E+00 0.000E+00 0.000E+00
   1      0.000E+00 0.000E+00 0.000E+00 4.068E+00   0.000000 1.000E+00 1.000E+00
   1  531181  1     5.100E+02 0.000E+00 1.000E+00 0.000E+00 0.000E+00 0.000E+00
   1      0.000E+00 0.000E+00 0.000E+00 4.849E+00   0.000000 1.000E+00 1.000E+00
   1  531190  1     1.146E+03 0.000E+00 1.000E+00 9.493E-03 0.000E+00 0.000E+00
   1      0.000E+00 0.000E+00 0.000E+00 1.513E+00   0.000000 1.000E+00 1.000E+00
   1  531200  1     4.896E+03 0.000E+00 1.000E+00 0.000E+00 0.000E+00 0.000E+00
   1      0.000E+00 0.000E+00 0.000E+00 3.267E+00   0.000000 1.000E+00 1.000E+00
   1  531201  1     3.180E+03 0.000E+00 1.000E+00 0.000E+00 0.000E+00 0.000E+00
   1      0.000E+00 0.000E+00 0.000E+00 3.957E+00   0.000000 1.000E+00 1.000E+00
   1  531210  1     7.632E+03 0.000E+00 1.000E+00 2.851E-03 0.000E+00 0.000E+00
   1      0.000E+00 0.000E+00 0.000E+00 4.683E-01   0.000000 1.000E+00 1.000E+00
   1  531220  1     2.178E+02 0.000E+00 1.000E+00 0.000E+00 0.000E+00 0.000E+00
   1      0.000E+00 0.000E+00 0.000E+00 2.069E+00   0.000000 1.000E+00 1.000E+00
   1  531230  1     4.760E+04 0.000E+00 1.000E+00 0.000E+00 0.000E+00 0.000E+00
   1      0.000E+00 0.000E+00 0.000E+00 1.980E-01   0.000000 1.000E+00 1.000E+00
   1  531240  1     3.608E+05 0.000E+00 1.000E+00 0.000E+00 0.000E+00 0.000E+00
   1      0.000E+00 0.000E+00 0.000E+00 1.308E+00   0.000000 1.000E+00 1.000E+00
   1  531250  1     5.131E+06 0.000E+00 1.000E+00 0.000E+00 0.000E+00 0.000E+00
   1      0.000E+00 0.000E+00 0.000E+00 5.887E-02   0.000000 1.000E+00 1.000E+00
   1  531260  1     1.121E+06 0.000E+00 5.630E-01 0.000E+00 0.000E+00 0.000E+00
   1      4.370E-01 0.000E+00 0.000E+00 5.794E-01   0.000000 1.000E+00 1.000E+00
   1  531270  6     0.000E+00 0.000E+00 0.000E+00 0.000E+00 0.000E+00 0.000E+00
   1      0.000E+00 0.000E+00 0.000E+00 0.000E+00 100.000000 1.000E+00 1.000E+00
   1  531280  1     1.499E+03 0.000E+00 6.900E-02 0.000E+00 0.000E+00 0.000E+00
   1      9.310E-01 0.000E+00 0.000E+00 8.262E-01   0.000000 1.000E+00 1.000E+00
   1  531290  1     5.081E+14 0.000E+00 0.000E+00 0.000E+00 0.000E+00 0.000E+00
   1      1.000E+00 0.000E+00 0.000E+00 8.396E-02   0.000000 1.000E+00 1.000E+00
   1  531300  1     4.450E+04 0.000E+00 0.000E+00 0.000E+00 0.000E+00 0.000E+00
   1      1.000E+00 0.000E+00 0.000E+00 2.415E+00   0.000000 1.000E+00 1.000E+00
   1  531301  1     5.304E+02 0.000E+00 0.000E+00 0.000E+00 0.000E+00 8.400E-01
   1      1.600E-01 0.000E+00 0.000E+00 3.525E-01   0.000000 1.000E+00 1.000E+00
   1  531310  1     6.932E+05 1.089E-02 0.000E+00 0.000E+00 0.000E+00 0.000E+00
   1      1.000E+00 0.000E+00 0.000E+00 5.721E-01   0.000000 1.000E+00 1.000E+00
   1  531320  1     8.262E+03 0.000E+00 0.000E+00 0.000E+00 0.000E+00 0.000E+00
   1      1.000E+00 0.000E+00 0.000E+00 2.749E+00   0.000000 1.000E+00 1.000E+00
   1  531321  1     4.980E+03 0.000E+00 0.000E+00 0.000E+00 0.000E+00 8.600E-01
   1      1.400E-01 0.000E+00 0.000E+00 5.076E-01   0.000000 1.000E+00 1.000E+00
   1  531330  1     7.513E+04 2.881E-02 0.000E+00 0.000E+00 0.000E+00 0.000E+00
   1      1.000E+00 0.000E+00 0.000E+00 1.015E+00   0.000000 1.000E+00 1.000E+00
   1  531331  1     9.000E+00 0.000E+00 0.000E+00 0.000E+00 0.000E+00 1.000E+00
   1      0.000E+00 0.000E+00 0.000E+00 1.633E+00   0.000000 1.000E+00 1.000E+00
   1  531340  1     3.150E+03 0.000E+00 0.000E+00 0.000E+00 0.000E+00 0.000E+00
   1      1.000E+00 0.000E+00 0.000E+00 3.166E+00   0.000000 1.000E+00 1.000E+00
   1  531341  1     2.160E+02 1.000E+00 0.000E+00 0.000E+00 0.000E+00 9.770E-01
   1      2.300E-02 0.000E+00 0.000E+00 3.292E-01   0.000000 1.000E+00 1.000E+00
   1  531350  1     2.369E+04 1.651E-01 0.000E+00 0.000E+00 0.000E+00 0.000E+00
   1      1.000E+00 0.000E+00 0.000E+00 1.917E+00   0.000000 1.000E+00 1.000E+00
   1  531360  1     8.350E+01 0.000E+00 0.000E+00 0.000E+00 0.000E+00 0.000E+00
   1      1.000E+00 0.000E+00 0.000E+00 4.360E+00   0.000000 1.000E+00 1.000E+00
   1  531361  1     4.700E+01 0.000E+00 0.000E+00 0.000E+00 0.000E+00 0.000E+00
   1      1.000E+00 0.000E+00 0.000E+00 4.766E+00   0.000000 1.000E+00 1.000E+00
   1  531370  1     2.451E+01 0.000E+00 0.000E+00 0.000E+00 0.000E+00 0.000E+00
   1      9.350E-01 0.000E+00 6.500E-02 3.121E+00   0.000000 1.000E+00 1.000E+00
   1  531380  1     6.460E+00 0.000E+00 0.000E+00 0.000E+00 0.000E+00 0.000E+00
   1      9.470E-01 0.000E+00 5.300E-02 4.510E+00   0.000000 1.000E+00 1.000E+00
   1  531390  1     2.300E+00 0.000E+00 0.000E+00 0.000E+00 0.000E+00 0.000E+00
   1      9.020E-01 0.000E+00 9.800E-02 3.216E+00   0.000000 1.000E+00 1.000E+00
   1  531400  1     8.600E-01 0.000E+00 0.000E+00 0.000E+00 0.000E+00 0.000E+00
   1      9.070E-01 0.000E+00 9.300E-02 5.503E+00   0.000000 1.000E+00 1.000E+00
   1  531410  1     4.300E-01 0.000E+00 0.000E+00 0.000E+00 0.000E+00 0.000E+00
   1      7.900E-01 0.000E+00 2.100E-01 4.806E+00   0.000000 1.000E+00 1.000E+00
   1  531420  1     2.000E-01 0.000E+00 0.000E+00 0.000E+00 0.000E+00 0.000E+00
   1      7.500E-01 0.000E+00 2.500E-01 5.731E+00   0.000000 1.000E+00 1.000E+00
   1  531430  1     1.000E-01 0.000E+00 0.000E+00 0.000E+00 0.000E+00 0.000E+00
   1      6.000E-01 0.000E+00 4.000E-01 5.255E+00   0.000000 1.000E+00 1.000E+00
   1  531440  1     5.000E-02 0.000E+00 0.000E+00 0.000E+00 0.000E+00 0.000E+00
   1      6.000E-01 0.000E+00 4.000E-01 6.020E+00   0.000000 1.000E+00 1.000E+00
   1  541100  1     3.100E-01 0.000E+00 3.600E-01 0.000E+00 6.400E-01 0.000E+00
   1      0.000E+00 0.000E+00 0.000E+00 4.507E+00   0.000000 1.000E+00 1.000E+00
   1  541110  1     7.400E-01 0.000E+00 9.000E-01 0.000E+00 1.000E-01 0.000E+00
   1      0.000E+00 0.000E+00 0.000E+00 6.702E+00   0.000000 1.000E+00 1.000E+00
   1  541120  1     2.700E+00 0.000E+00 9.910E-01 0.000E+00 9.000E-03 0.000E+00
   1      0.000E+00 0.000E+00 0.000E+00 4.740E+00   0.000000 1.000E+00 1.000E+00
   1  541130  1     2.740E+00 0.000E+00 7.000E-05 0.000E+00 1.100E-04 0.000E+00
   1      0.000E+00 0.000E+00 0.000E+00 6.021E+00   0.000000 1.000E+00 1.000E+00
   1  541140  1     1.000E+01 0.000E+00 1.000E+00 0.000E+00 0.000E+00 0.000E+00
   1      0.000E+00 0.000E+00 0.000E+00 3.809E+00   0.000000 1.000E+00 1.000E+00
   1  541150  1     1.800E+01 0.000E+00 3.000E-06 0.000E+00 0.000E+00 0.000E+00
   1      0.000E+00 0.000E+00 0.000E+00 5.118E+00   0.000000 1.000E+00 1.000E+00
   1  541160  1     5.900E+01 0.000E+00 1.000E+00 0.000E+00 0.000E+00 0.000E+00
   1      0.000E+00 0.000E+00 0.000E+00 2.962E+00   0.000000 1.000E+00 1.000E+00
   1  541170  1     6.100E+01 0.000E+00 2.900E-05 0.000E+00 0.000E+00 0.000E+00
   1      0.000E+00 0.000E+00 0.000E+00 4.167E+00   0.000000 1.000E+00 1.000E+00
   1  541180  1     2.280E+02 0.000E+00 1.000E+00 0.000E+00 0.000E+00 0.000E+00
   1      0.000E+00 0.000E+00 0.000E+00 1.928E+00   0.000000 1.000E+00 1.000E+00
   1  541190  1     3.480E+02 0.000E+00 1.000E+00 0.000E+00 0.000E+00 0.000E+00
   1      0.000E+00 0.000E+00 0.000E+00 3.315E+00   0.000000 1.000E+00 1.000E+00
   1  541200  1     2.400E+03 0.000E+00 1.000E+00 0.000E+00 0.000E+00 0.000E+00
   1      0.000E+00 0.000E+00 0.000E+00 4.747E-01   0.000000 1.000E+00 1.000E+00
   1  541210  1     2.406E+03 0.000E+00 1.000E+00 0.000E+00 0.000E+00 0.000E+00
   1      0.000E+00 0.000E+00 0.000E+00 1.961E+00   0.000000 1.000E+00 1.000E+00
   1  541220  1     7.236E+04 0.000E+00 1.000E+00 0.000E+00 0.000E+00 0.000E+00
   1      0.000E+00 0.000E+00 0.000E+00 7.674E-02   0.000000 1.000E+00 1.000E+00
   1  541230  1     7.488E+03 0.000E+00 1.000E+00 0.000E+00 0.000E+00 0.000E+00
   1      0.000E+00 0.000E+00 0.000E+00 8.193E-01   0.000000 1.000E+00 1.000E+00
   1  541240  1     6.312E+21 0.000E+00 1.000E+00 0.000E+00 0.000E+00 0.000E+00
   1      0.000E+00 0.000E+00 0.000E+00 2.864E+00   0.100000 1.000E+00 1.000E+00
   1  541250  1     6.084E+04 0.000E+00 1.000E+00 0.000E+00 0.000E+00 0.000E+00
   1      0.000E+00 0.000E+00 0.000E+00 3.050E-01   0.000000 1.000E+00 1.000E+00
   1  541251  1     5.600E+01 0.000E+00 0.000E+00 0.000E+00 0.000E+00 1.000E+00
   1      0.000E+00 0.000E+00 0.000E+00 2.524E-01   0.000000 1.000E+00 1.000E+00
   1  541260  6     0.000E+00 0.000E+00 0.000E+00 0.000E+00 0.000E+00 0.000E+00
   1      0.000E+00 0.000E+00 0.000E+00 0.000E+00   0.090000 1.000E+00 1.000E+00
   1  541270  1     3.141E+06 0.000E+00 1.000E+00 0.000E+00 0.000E+00 0.000E+00
   1      0.000E+00 0.000E+00 0.000E+00 3.111E-01   0.000000 1.000E+00 1.000E+00
   1  541271  1     6.960E+01 0.000E+00 0.000E+00 0.000E+00 0.000E+00 1.000E+00
   1      0.000E+00 0.000E+00 0.000E+00 2.972E-01   0.000000 1.000E+00 1.000E+00
   1  541280  6     0.000E+00 0.000E+00 0.000E+00 0.000E+00 0.000E+00 0.000E+00
   1      0.000E+00 0.000E+00 0.000E+00 0.000E+00   1.910000 1.000E+00 1.000E+00
   1  541290  6     0.000E+00 0.000E+00 0.000E+00 0.000E+00 0.000E+00 0.000E+00
   1      0.000E+00 0.000E+00 0.000E+00 0.000E+00  26.400000 1.000E+00 1.000E+00
   1  541291  1     7.672E+05 0.000E+00 0.000E+00 0.000E+00 0.000E+00 1.000E+00
   1      0.000E+00 0.000E+00 0.000E+00 2.326E-01   0.000000 1.000E+00 1.000E+00
   1  541300  6     0.000E+00 0.000E+00 0.000E+00 0.000E+00 0.000E+00 0.000E+00
   1      0.000E+00 0.000E+00 0.000E+00 0.000E+00   4.100000 1.000E+00 1.000E+00
   1  541310  6     0.000E+00 0.000E+00 0.000E+00 0.000E+00 0.000E+00 0.000E+00
   1      0.000E+00 0.000E+00 0.000E+00 0.000E+00  21.200000 1.000E+00 1.000E+00
   1  541311  1     1.034E+06 0.000E+00 0.000E+00 0.000E+00 0.000E+00 1.000E+00
   1      0.000E+00 0.000E+00 0.000E+00 1.620E-01   0.000000 1.000E+00 1.000E+00
   1  541320  6     0.000E+00 0.000E+00 0.000E+00 0.000E+00 0.000E+00 0.000E+00
   1      0.000E+00 0.000E+00 0.000E+00 0.000E+00  26.900000 1.000E+00 1.000E+00
   1  541321  1     8.390E-03 0.000E+00 0.000E+00 0.000E+00 0.000E+00 1.000E+00
   1      0.000E+00 0.000E+00 0.000E+00 2.762E+00   0.000000 1.000E+00 1.000E+00
   1  541330  1     4.534E+05 0.000E+00 0.000E+00 0.000E+00 0.000E+00 0.000E+00
   1      1.000E+00 0.000E+00 0.000E+00 1.808E-01   0.000000 1.000E+00 1.000E+00
   1  541331  1     1.899E+05 0.000E+00 0.000E+00 0.000E+00 0.000E+00 1.000E+00
   1      0.000E+00 0.000E+00 0.000E+00 2.316E-01   0.000000 1.000E+00 1.000E+00
   1  541340  1     3.471E+23 0.000E+00 0.000E+00 0.000E+00 0.000E+00 0.000E+00
   1      1.000E+00 0.000E+00 0.000E+00 8.258E-01  10.400000 1.000E+00 1.000E+00
   1  541341  1     2.900E-01 0.000E+00 0.000E+00 0.000E+00 0.000E+00 1.000E+00
   1      0.000E+00 0.000E+00 0.000E+00 1.965E+00   0.000000 1.000E+00 1.000E+00
   1  541350  1     3.290E+04 0.000E+00 0.000E+00 0.000E+00 0.000E+00 0.000E+00
   1      1.000E+00 0.000E+00 0.000E+00 5.679E-01   0.000000 1.000E+00 1.000E+00
   1  541351  1     9.180E+02 0.000E+00 0.000E+00 0.000E+00 0.000E+00 1.000E+00
   1      4.000E-05 0.000E+00 0.000E+00 5.261E-01   0.000000 1.000E+00 1.000E+00
   1  541360  1     3.156E+29 0.000E+00 0.000E+00 0.000E+00 0.000E+00 0.000E+00
   1      1.000E+00 0.000E+00 0.000E+00 2.458E+00   8.900000 1.000E+00 1.000E+00
   1  541370  1     2.291E+02 0.000E+00 0.000E+00 0.000E+00 0.000E+00 0.000E+00
   1      1.000E+00 0.000E+00 0.000E+00 1.894E+00   0.000000 1.000E+00 1.000E+00
   1  541380  1     8.448E+02 0.000E+00 0.000E+00 0.000E+00 0.000E+00 0.000E+00
   1      1.000E+00 0.000E+00 0.000E+00 1.766E+00   0.000000 1.000E+00 1.000E+00
   1  541390  1     3.969E+01 0.000E+00 0.000E+00 0.000E+00 0.000E+00 0.000E+00
   1      1.000E+00 0.000E+00 0.000E+00 2.737E+00   0.000000 1.000E+00 1.000E+00
   1  541400  1     1.360E+01 0.000E+00 0.000E+00 0.000E+00 0.000E+00 0.000E+00
   1      1.000E+00 0.000E+00 0.000E+00 2.707E+00   0.000000 1.000E+00 1.000E+00
   1  541410  1     1.730E+00 0.000E+00 0.000E+00 0.000E+00 0.000E+00 0.000E+00
   1      9.996E-01 0.000E+00 4.400E-04 4.096E+00   0.000000 1.000E+00 1.000E+00
   1  541420  1     1.220E+00 0.000E+00 0.000E+00 0.000E+00 0.000E+00 0.000E+00
   1      9.964E-01 0.000E+00 3.600E-03 3.347E+00   0.000000 1.000E+00 1.000E+00
   1  541430  1     5.110E-01 0.000E+00 0.000E+00 0.000E+00 0.000E+00 0.000E+00
   1      9.900E-01 0.000E+00 1.000E-02 4.781E+00   0.000000 1.000E+00 1.000E+00
   1  541440  1     3.880E-01 0.000E+00 0.000E+00 0.000E+00 0.000E+00 0.000E+00
   1      9.700E-01 0.000E+00 3.000E-02 3.926E+00   0.000000 1.000E+00 1.000E+00
   1  541450  1     1.880E-01 0.000E+00 0.000E+00 0.000E+00 0.000E+00 0.000E+00
   1      9.500E-01 0.000E+00 2.500E-02 5.150E+00   0.000000 1.000E+00 1.000E+00
   1  541460  1     1.460E-01 0.000E+00 0.000E+00 0.000E+00 0.000E+00 0.000E+00
   1      9.310E-01 0.000E+00 6.900E-02 4.485E+00   0.000000 1.000E+00 1.000E+00
   1  541470  1     1.300E-01 0.000E+00 0.000E+00 0.000E+00 0.000E+00 0.000E+00
   1      9.600E-01 0.000E+00 4.000E-02 5.735E+00   0.000000 1.000E+00 1.000E+00
   1  551120  1     5.000E-04 0.000E+00 0.000E+00 0.000E+00 0.000E+00 0.000E+00
   1      0.000E+00 0.000E+00 0.000E+00 8.210E-01   0.000000 1.000E+00 1.000E+00
   1  551130  1     1.670E-05 0.000E+00 0.000E+00 0.000E+00 0.000E+00 0.000E+00
   1      0.000E+00 0.000E+00 0.000E+00 9.810E-01   0.000000 1.000E+00 1.000E+00
   1  551140  1     5.700E-01 0.000E+00 1.900E-03 0.000E+00 1.800E-04 0.000E+00
   1      0.000E+00 0.000E+00 0.000E+00 8.248E+00   0.000000 1.000E+00 1.000E+00
   1  551150  1     1.400E+00 0.000E+00 7.000E-04 5.000E-01 0.000E+00 0.000E+00
   1      0.000E+00 0.000E+00 0.000E+00 5.970E+00   0.000000 1.000E+00 1.000E+00
   1  551160  1     7.000E-01 0.000E+00 4.900E-04 0.000E+00 0.000E+00 0.000E+00
   1      0.000E+00 0.000E+00 0.000E+00 7.313E+00   0.000000 1.000E+00 1.000E+00
   1  551161  1     3.850E+00 0.000E+00 8.000E-05 0.000E+00 0.000E+00 0.000E+00
   1      0.000E+00 0.000E+00 0.000E+00 7.374E+00   0.000000 1.000E+00 1.000E+00
   1  551170  1     8.400E+00 0.000E+00 1.000E+00 0.000E+00 0.000E+00 0.000E+00
   1      0.000E+00 0.000E+00 0.000E+00 5.163E+00   0.000000 1.000E+00 1.000E+00
   1  551171  1     6.500E+00 0.000E+00 1.000E+00 0.000E+00 0.000E+00 0.000E+00
   1      0.000E+00 0.000E+00 0.000E+00 5.263E+00   0.000000 1.000E+00 1.000E+00
   1  551180  1     1.400E+01 0.000E+00 1.200E-05 0.000E+00 0.000E+00 0.000E+00
   1      0.000E+00 0.000E+00 0.000E+00 6.446E+00   0.000000 1.000E+00 1.000E+00
   1  551181  1     1.700E+01 0.000E+00 1.200E-05 0.000E+00 0.000E+00 0.000E+00
   1      0.000E+00 0.000E+00 0.000E+00 6.513E+00   0.000000 1.000E+00 1.000E+00
   1  551190  1     4.300E+01 0.000E+00 2.000E-08 0.000E+00 0.000E+00 0.000E+00
   1      0.000E+00 0.000E+00 0.000E+00 4.326E+00   0.000000 1.000E+00 1.000E+00
   1  551191  1     3.040E+01 0.000E+00 1.000E+00 0.000E+00 0.000E+00 0.000E+00
   1      0.000E+00 0.000E+00 0.000E+00 4.359E+00   0.000000 1.000E+00 1.000E+00
   1  551200  1     6.120E+01 0.000E+00 7.000E-08 0.000E+00 0.000E+00 0.000E+00
   1      0.000E+00 0.000E+00 0.000E+00 5.522E+00   0.000000 1.000E+00 1.000E+00
   1  551201  1     5.700E+01 0.000E+00 7.000E-08 0.000E+00 0.000E+00 0.000E+00
   1      0.000E+00 0.000E+00 0.000E+00 5.589E+00   0.000000 1.000E+00 1.000E+00
   1  551210  1     1.550E+02 0.000E+00 1.000E+00 0.000E+00 0.000E+00 0.000E+00
   1      0.000E+00 0.000E+00 0.000E+00 2.789E+00   0.000000 1.000E+00 1.000E+00
   1  551211  1     1.220E+02 0.000E+00 8.300E-01 0.000E+00 0.000E+00 1.700E-01
   1      0.000E+00 0.000E+00 0.000E+00 3.023E+00   0.000000 1.000E+00 1.000E+00
   1  551220  1     2.118E+01 0.000E+00 1.000E+00 0.000E+00 0.000E+00 0.000E+00
   1      0.000E+00 0.000E+00 0.000E+00 3.899E+00   0.000000 1.000E+00 1.000E+00
   1  551221  1     2.220E+02 0.000E+00 1.000E+00 0.000E+00 0.000E+00 0.000E+00
   1      0.000E+00 0.000E+00 0.000E+00 4.894E+00   0.000000 1.000E+00 1.000E+00
   1  551222  1     3.600E-01 0.000E+00 0.000E+00 0.000E+00 0.000E+00 5.000E-01
   1      0.000E+00 5.000E-01 0.000E+00 6.400E-02   0.000000 1.000E+00 1.000E+00
   1  551230  1     3.546E+02 0.000E+00 1.000E+00 0.000E+00 0.000E+00 0.000E+00
   1      0.000E+00 0.000E+00 0.000E+00 2.010E+00   0.000000 1.000E+00 1.000E+00
   1  551231  1     1.700E+00 0.000E+00 0.000E+00 0.000E+00 0.000E+00 1.000E+00
   1      0.000E+00 0.000E+00 0.000E+00 1.563E-01   0.000000 1.000E+00 1.000E+00
   1  551240  1     3.090E+01 0.000E+00 1.000E+00 0.000E+00 0.000E+00 0.000E+00
   1      0.000E+00 0.000E+00 0.000E+00 3.953E+00   0.000000 1.000E+00 1.000E+00
   1  551241  1     6.300E+00 0.000E+00 0.000E+00 0.000E+00 0.000E+00 1.000E+00
   1      0.000E+00 0.000E+00 0.000E+00 4.625E-01   0.000000 1.000E+00 1.000E+00
   1  551250  1     2.802E+03 0.000E+00 1.000E+00 0.000E+00 0.000E+00 0.000E+00
   1      0.000E+00 0.000E+00 0.000E+00 1.040E+00   0.000000 1.000E+00 1.000E+00
   1  551251  1     9.000E-01 0.000E+00 0.000E+00 0.000E+00 0.000E+00 1.000E+00
   1      0.000E+00 0.000E+00 0.000E+00 2.666E-01   0.000000 1.000E+00 1.000E+00
   1  551260  1     9.840E+01 0.000E+00 1.000E+00 0.000E+00 0.000E+00 0.000E+00
   1      0.000E+00 0.000E+00 0.000E+00 2.458E+00   0.000000 1.000E+00 1.000E+00
   1  551270  1     2.250E+04 0.000E+00 1.000E+00 0.000E+00 0.000E+00 0.000E+00
   1      0.000E+00 0.000E+00 0.000E+00 4.587E-01   0.000000 1.000E+00 1.000E+00
   1  551280  1     2.172E+02 0.000E+00 1.000E+00 0.000E+00 0.000E+00 0.000E+00
   1      0.000E+00 0.000E+00 0.000E+00 1.766E+00   0.000000 1.000E+00 1.000E+00
   1  551290  1     1.159E+05 0.000E+00 1.000E+00 0.000E+00 0.000E+00 0.000E+00
   1      0.000E+00 0.000E+00 0.000E+00 3.006E-01   0.000000 1.000E+00 1.000E+00
   1  551300  1     1.753E+03 0.000E+00 9.840E-01 0.000E+00 0.000E+00 0.000E+00
   1      1.600E-02 0.000E+00 0.000E+00 8.894E-01   0.000000 1.000E+00 1.000E+00
   1  551301  1     2.076E+02 0.000E+00 1.600E-03 0.000E+00 0.000E+00 9.984E-01
   1      0.000E+00 0.000E+00 0.000E+00 1.663E-01   0.000000 1.000E+00 1.000E+00
   1  551310  1     8.372E+05 0.000E+00 1.000E+00 0.000E+00 0.000E+00 0.000E+00
   1      0.000E+00 0.000E+00 0.000E+00 2.949E-02   0.000000 1.000E+00 1.000E+00
   1  551320  1     5.642E+05 0.000E+00 9.820E-01 0.000E+00 0.000E+00 0.000E+00
   1      1.800E-02 0.000E+00 0.000E+00 7.294E-01   0.000000 1.000E+00 1.000E+00
   1  551330  6     0.000E+00 0.000E+00 0.000E+00 0.000E+00 0.000E+00 0.000E+00
   1      0.000E+00 0.000E+00 0.000E+00 0.000E+00 100.000000 1.000E+00 1.000E+00
   1  551340  1     6.515E+07 0.000E+00 3.000E-06 0.000E+00 0.000E+00 0.000E+00
   1      1.000E+00 0.000E+00 0.000E+00 1.719E+00   0.000000 1.000E+00 1.000E+00
   1  551341  1     1.047E+04 0.000E+00 0.000E+00 0.000E+00 0.000E+00 1.000E+00
   1      0.000E+00 0.000E+00 0.000E+00 1.389E-01   0.000000 1.000E+00 1.000E+00
   1  551350  1     7.258E+13 0.000E+00 0.000E+00 0.000E+00 0.000E+00 0.000E+00
   1      1.000E+00 0.000E+00 0.000E+00 7.570E-02   0.000000 1.000E+00 1.000E+00
   1  551351  1     3.180E+03 0.000E+00 0.000E+00 0.000E+00 0.000E+00 1.000E+00
   1      0.000E+00 0.000E+00 0.000E+00 1.634E+00   0.000000 1.000E+00 1.000E+00
   1  551360  1     1.126E+06 0.000E+00 0.000E+00 0.000E+00 0.000E+00 0.000E+00
   1      1.000E+00 0.000E+00 0.000E+00 2.287E+00   0.000000 1.000E+00 1.000E+00
   1  551361  1     1.900E+01 0.000E+00 0.000E+00 0.000E+00 0.000E+00 5.000E-01
   1      5.000E-01 0.000E+00 0.000E+00 1.233E+00   0.000000 1.000E+00 1.000E+00
   1  551370  1     9.483E+08 9.436E-01 0.000E+00 0.000E+00 0.000E+00 0.000E+00
   1      1.000E+00 0.000E+00 0.000E+00 1.799E-01   0.000000 1.000E+00 1.000E+00
   1  551380  1     2.005E+03 0.000E+00 0.000E+00 0.000E+00 0.000E+00 0.000E+00
   1      1.000E+00 0.000E+00 0.000E+00 3.599E+00   0.000000 1.000E+00 1.000E+00
   1  551381  1     1.746E+02 0.000E+00 0.000E+00 0.000E+00 0.000E+00 8.100E-01
   1      1.900E-01 0.000E+00 0.000E+00 7.556E-01   0.000000 1.000E+00 1.000E+00
   1  551390  1     5.562E+02 0.000E+00 0.000E+00 0.000E+00 0.000E+00 0.000E+00
   1      1.000E+00 0.000E+00 0.000E+00 1.976E+00   0.000000 1.000E+00 1.000E+00
   1  551400  1     6.400E+01 0.000E+00 0.000E+00 0.000E+00 0.000E+00 0.000E+00
   1      1.000E+00 0.000E+00 0.000E+00 3.720E+00   0.000000 1.000E+00 1.000E+00
   1  551410  1     2.484E+01 0.000E+00 0.000E+00 0.000E+00 0.000E+00 0.000E+00
   1      1.000E+00 0.000E+00 0.000E+00 3.207E+00   0.000000 1.000E+00 1.000E+00
   1  551420  1     1.684E+00 0.000E+00 0.000E+00 0.000E+00 0.000E+00 0.000E+00
   1      1.000E+00 0.000E+00 0.000E+00 4.071E+00   0.000000 1.000E+00 1.000E+00
   1  551430  1     1.791E+00 0.000E+00 0.000E+00 0.000E+00 0.000E+00 0.000E+00
   1      9.836E-01 0.000E+00 1.640E-02 4.134E+00   0.000000 1.000E+00 1.000E+00
   1  551440  1     9.940E-01 0.000E+00 0.000E+00 0.000E+00 0.000E+00 0.000E+00
   1      9.680E-01 0.000E+00 3.200E-02 5.547E+00   0.000000 1.000E+00 1.000E+00
   1  551441  1     1.000E+00 0.000E+00 0.000E+00 0.000E+00 0.000E+00 5.000E-01
   1      5.000E-01 0.000E+00 0.000E+00 3.083E+00   0.000000 1.000E+00 1.000E+00
   1  551450  1     5.940E-01 0.000E+00 0.000E+00 0.000E+00 0.000E+00 0.000E+00
   1      8.570E-01 0.000E+00 1.430E-01 3.671E+00   0.000000 1.000E+00 1.000E+00
   1  551460  1     3.230E-01 0.000E+00 0.000E+00 0.000E+00 0.000E+00 0.000E+00
   1      8.580E-01 0.000E+00 1.420E-01 5.761E+00   0.000000 1.000E+00 1.000E+00
   1  551470  1     2.250E-01 0.000E+00 0.000E+00 0.000E+00 0.000E+00 0.000E+00
   1      7.150E-01 0.000E+00 2.850E-01 5.139E+00   0.000000 1.000E+00 1.000E+00
   1  551480  1     1.460E-01 0.000E+00 0.000E+00 0.000E+00 0.000E+00 0.000E+00
   1      7.490E-01 0.000E+00 2.510E-01 6.332E+00   0.000000 1.000E+00 1.000E+00
   1  551490  1     1.500E-01 0.000E+00 0.000E+00 0.000E+00 0.000E+00 0.000E+00
   1      1.000E+00 0.000E+00 0.000E+00 6.427E+00   0.000000 1.000E+00 1.000E+00
   1  551500  1     1.000E-01 0.000E+00 0.000E+00 0.000E+00 0.000E+00 0.000E+00
   1      1.000E+00 0.000E+00 0.000E+00 7.760E+00   0.000000 1.000E+00 1.000E+00
   1  551510  1     6.000E-02 0.000E+00 0.000E+00 0.000E+00 0.000E+00 0.000E+00
   1      1.000E+00 0.000E+00 0.000E+00 7.067E+00   0.000000 1.000E+00 1.000E+00
   1  561140  1     5.300E-01 0.000E+00 2.000E-01 0.000E+00 9.000E-03 0.000E+00
   1      0.000E+00 0.000E+00 0.000E+00 5.889E+00   0.000000 1.000E+00 1.000E+00
   1  561150  1     4.500E-01 0.000E+00 1.500E-01 0.000E+00 0.000E+00 0.000E+00
   1      0.000E+00 0.000E+00 0.000E+00 7.258E+00   0.000000 1.000E+00 1.000E+00
   1  561160  1     1.300E+00 0.000E+00 3.000E-02 0.000E+00 0.000E+00 0.000E+00
   1      0.000E+00 0.000E+00 0.000E+00 4.983E+00   0.000000 1.000E+00 1.000E+00
   1  561170  1     1.750E+00 0.000E+00 8.700E-01 9.997E-01 0.000E+00 0.000E+00
   1      0.000E+00 0.000E+00 0.000E+00 6.046E+00   0.000000 1.000E+00 1.000E+00
   1  561180  1     5.200E+00 0.000E+00 1.000E+00 0.000E+00 0.000E+00 0.000E+00
   1      0.000E+00 0.000E+00 0.000E+00 4.026E+00   0.000000 1.000E+00 1.000E+00
   1  561190  1     5.400E+00 0.000E+00 6.250E-01 6.000E-01 0.000E+00 0.000E+00
   1      0.000E+00 0.000E+00 0.000E+00 5.008E+00   0.000000 1.000E+00 1.000E+00
   1  561200  1     2.400E+01 0.000E+00 1.000E+00 0.000E+00 0.000E+00 0.000E+00
   1      0.000E+00 0.000E+00 0.000E+00 3.333E+00   0.000000 1.000E+00 1.000E+00
   1  561210  1     2.970E+01 0.000E+00 5.001E-01 9.996E-01 0.000E+00 0.000E+00
   1      0.000E+00 0.000E+00 0.000E+00 4.217E+00   0.000000 1.000E+00 1.000E+00
   1  561220  1     1.170E+02 0.000E+00 1.000E+00 0.000E+00 0.000E+00 0.000E+00
   1      0.000E+00 0.000E+00 0.000E+00 2.354E+00   0.000000 1.000E+00 1.000E+00
   1  561230  1     1.620E+02 0.000E+00 1.000E+00 5.000E-01 0.000E+00 0.000E+00
   1      0.000E+00 0.000E+00 0.000E+00 3.540E+00   0.000000 1.000E+00 1.000E+00
   1  561240  1     6.600E+02 0.000E+00 1.000E+00 0.000E+00 0.000E+00 0.000E+00
   1      0.000E+00 0.000E+00 0.000E+00 7.122E-01   0.000000 1.000E+00 1.000E+00
   1  561250  1     2.100E+02 0.000E+00 1.000E+00 0.000E+00 0.000E+00 0.000E+00
   1      0.000E+00 0.000E+00 0.000E+00 2.947E+00   0.000000 1.000E+00 1.000E+00
   1  561260  1     6.000E+03 0.000E+00 1.000E+00 0.000E+00 0.000E+00 0.000E+00
   1      0.000E+00 0.000E+00 0.000E+00 5.832E-01   0.000000 1.000E+00 1.000E+00
   1  561270  1     7.620E+02 0.000E+00 1.000E+00 0.000E+00 0.000E+00 0.000E+00
   1      0.000E+00 0.000E+00 0.000E+00 1.279E+00   0.000000 1.000E+00 1.000E+00
   1  561271  1     1.900E+00 0.000E+00 0.000E+00 0.000E+00 0.000E+00 1.000E+00
   1      0.000E+00 0.000E+00 0.000E+00 8.033E-02   0.000000 1.000E+00 1.000E+00
   1  561280  1     2.100E+05 0.000E+00 1.000E+00 0.000E+00 0.000E+00 0.000E+00
   1      0.000E+00 0.000E+00 0.000E+00 7.304E-02   0.000000 1.000E+00 1.000E+00
   1  561290  1     8.568E+03 0.000E+00 1.000E+00 0.000E+00 0.000E+00 0.000E+00
   1      0.000E+00 0.000E+00 0.000E+00 5.937E-01   0.000000 1.000E+00 1.000E+00
   1  561291  1     7.704E+03 0.000E+00 1.000E+00 0.000E+00 0.000E+00 0.000E+00
   1      0.000E+00 0.000E+00 0.000E+00 1.277E+00   0.000000 1.000E+00 1.000E+00
   1  561300  6     0.000E+00 0.000E+00 0.000E+00 0.000E+00 0.000E+00 0.000E+00
   1      0.000E+00 0.000E+00 0.000E+00 0.000E+00   0.106000 1.000E+00 1.000E+00
   1  561301  1     9.540E-03 0.000E+00 0.000E+00 0.000E+00 0.000E+00 1.000E+00
   1      0.000E+00 0.000E+00 0.000E+00 2.475E+00   0.000000 1.000E+00 1.000E+00
   1  561310  1     9.979E+05 0.000E+00 1.000E+00 0.000E+00 0.000E+00 0.000E+00
   1      0.000E+00 0.000E+00 0.000E+00 5.058E-01   0.000000 1.000E+00 1.000E+00
   1  561311  1     8.760E+02 0.000E+00 0.000E+00 0.000E+00 0.000E+00 1.000E+00
   1      0.000E+00 0.000E+00 0.000E+00 1.872E-01   0.000000 1.000E+00 1.000E+00
   1  561320  6     0.000E+00 0.000E+00 0.000E+00 0.000E+00 0.000E+00 0.000E+00
   1      0.000E+00 0.000E+00 0.000E+00 0.000E+00   0.101000 1.000E+00 1.000E+00
   1  561330  1     3.326E+08 0.000E+00 1.000E+00 0.000E+00 0.000E+00 0.000E+00
   1      0.000E+00 0.000E+00 0.000E+00 4.521E-01   0.000000 1.000E+00 1.000E+00
   1  561331  1     1.375E+05 0.000E+00 1.010E-04 0.000E+00 0.000E+00 9.999E-01
   1      0.000E+00 0.000E+00 0.000E+00 2.885E-01   0.000000 1.000E+00 1.000E+00
   1  561340  6     0.000E+00 0.000E+00 0.000E+00 0.000E+00 0.000E+00 0.000E+00
   1      0.000E+00 0.000E+00 0.000E+00 0.000E+00   2.417000 1.000E+00 1.000E+00
   1  561350  6     0.000E+00 0.000E+00 0.000E+00 0.000E+00 0.000E+00 0.000E+00
   1      0.000E+00 0.000E+00 0.000E+00 0.000E+00   6.592000 1.000E+00 1.000E+00
   1  561351  1     1.033E+05 0.000E+00 0.000E+00 0.000E+00 0.000E+00 1.000E+00
   1      0.000E+00 0.000E+00 0.000E+00 2.670E-01   0.000000 1.000E+00 1.000E+00
   1  561360  6     0.000E+00 0.000E+00 0.000E+00 0.000E+00 0.000E+00 0.000E+00
   1      0.000E+00 0.000E+00 0.000E+00 0.000E+00   7.854000 1.000E+00 1.000E+00
   1  561361  1     3.084E-01 0.000E+00 0.000E+00 0.000E+00 0.000E+00 1.000E+00
   1      0.000E+00 0.000E+00 0.000E+00 2.028E+00   0.000000 1.000E+00 1.000E+00
   1  561370  6     0.000E+00 0.000E+00 0.000E+00 0.000E+00 0.000E+00 0.000E+00
   1      0.000E+00 0.000E+00 0.000E+00 0.000E+00  11.230000 1.000E+00 1.000E+00
   1  561371  1     1.531E+02 0.000E+00 0.000E+00 0.000E+00 0.000E+00 1.000E+00
   1      0.000E+00 0.000E+00 0.000E+00 6.591E-01   0.000000 1.000E+00 1.000E+00
   1  561380  6     0.000E+00 0.000E+00 0.000E+00 0.000E+00 0.000E+00 0.000E+00
   1      0.000E+00 0.000E+00 0.000E+00 0.000E+00  71.700000 1.000E+00 1.000E+00
   1  561390  1     4.984E+03 0.000E+00 0.000E+00 0.000E+00 0.000E+00 0.000E+00
   1      1.000E+00 0.000E+00 0.000E+00 9.368E-01   0.000000 1.000E+00 1.000E+00
   1  561400  1     1.102E+06 0.000E+00 0.000E+00 0.000E+00 0.000E+00 0.000E+00
   1      1.000E+00 0.000E+00 0.000E+00 4.973E-01   0.000000 1.000E+00 1.000E+00
   1  561410  1     1.096E+03 0.000E+00 0.000E+00 0.000E+00 0.000E+00 0.000E+00
   1      1.000E+00 0.000E+00 0.000E+00 1.817E+00   0.000000 1.000E+00 1.000E+00
   1  561420  1     6.360E+02 0.000E+00 0.000E+00 0.000E+00 0.000E+00 0.000E+00
   1      1.000E+00 0.000E+00 0.000E+00 1.444E+00   0.000000 1.000E+00 1.000E+00
   1  561430  1     1.450E+01 0.000E+00 0.000E+00 0.000E+00 0.000E+00 0.000E+00
   1      1.000E+00 0.000E+00 0.000E+00 2.536E+00   0.000000 1.000E+00 1.000E+00
   1  561440  1     1.150E+01 0.000E+00 0.000E+00 0.000E+00 0.000E+00 0.000E+00
   1      1.000E+00 0.000E+00 0.000E+00 1.714E+00   0.000000 1.000E+00 1.000E+00
   1  561450  1     4.310E+00 0.000E+00 0.000E+00 0.000E+00 0.000E+00 0.000E+00
   1      1.000E+00 0.000E+00 0.000E+00 3.118E+00   0.000000 1.000E+00 1.000E+00
   1  561460  1     2.220E+00 0.000E+00 0.000E+00 0.000E+00 0.000E+00 0.000E+00
   1      1.000E+00 0.000E+00 0.000E+00 2.747E+00   0.000000 1.000E+00 1.000E+00
   1  561470  1     8.940E-01 0.000E+00 0.000E+00 0.000E+00 0.000E+00 0.000E+00
   1      1.000E+00 0.000E+00 0.000E+00 2.934E+00   0.000000 1.000E+00 1.000E+00
   1  561480  1     6.120E-01 0.000E+00 0.000E+00 0.000E+00 0.000E+00 0.000E+00
   1      9.960E-01 0.000E+00 4.000E-03 3.402E+00   0.000000 1.000E+00 1.000E+00
   1  561490  1     3.440E-01 0.000E+00 0.000E+00 0.000E+00 0.000E+00 0.000E+00
   1      9.957E-01 0.000E+00 4.300E-03 4.857E+00   0.000000 1.000E+00 1.000E+00
   1  561500  1     3.000E-01 0.000E+00 0.000E+00 0.000E+00 0.000E+00 0.000E+00
   1      1.000E+00 0.000E+00 0.000E+00 4.293E+00   0.000000 1.000E+00 1.000E+00
   1  561510  1     2.000E-01 0.000E+00 0.000E+00 0.000E+00 0.000E+00 0.000E+00
   1      1.000E+00 0.000E+00 0.000E+00 5.647E+00   0.000000 1.000E+00 1.000E+00
   1  561520  1     1.000E-01 0.000E+00 0.000E+00 0.000E+00 0.000E+00 0.000E+00
   1      1.000E+00 0.000E+00 0.000E+00 4.980E+00   0.000000 1.000E+00 1.000E+00
   1  561530  1     8.000E-02 0.000E+00 0.000E+00 0.000E+00 0.000E+00 0.000E+00
   1      1.000E+00 0.000E+00 0.000E+00 6.207E+00   0.000000 1.000E+00 1.000E+00
   1  571170  1     2.350E-02 0.000E+00 6.000E-02 0.000E+00 0.000E+00 0.000E+00
   1      0.000E+00 0.000E+00 0.000E+00 1.184E+00   0.000000 1.000E+00 1.000E+00
   1  571171  1     1.000E-02 0.000E+00 3.000E-02 0.000E+00 0.000E+00 0.000E+00
   1      0.000E+00 0.000E+00 0.000E+00 1.129E+00   0.000000 1.000E+00 1.000E+00
   1  571180  1     2.000E-01 0.000E+00 1.000E+00 0.000E+00 0.000E+00 0.000E+00
   1      0.000E+00 0.000E+00 0.000E+00 8.500E+00   0.000000 1.000E+00 1.000E+00
   1  571190  1     1.000E+00 0.000E+00 1.000E+00 0.000E+00 0.000E+00 0.000E+00
   1      0.000E+00 0.000E+00 0.000E+00 6.413E+00   0.000000 1.000E+00 1.000E+00
   1  571200  1     2.800E+00 0.000E+00 1.000E+00 0.000E+00 0.000E+00 0.000E+00
   1      0.000E+00 0.000E+00 0.000E+00 7.467E+00   0.000000 1.000E+00 1.000E+00
   1  571210  1     5.300E+00 0.000E+00 1.000E+00 0.000E+00 0.000E+00 0.000E+00
   1      0.000E+00 0.000E+00 0.000E+00 5.560E+00   0.000000 1.000E+00 1.000E+00
   1  571220  1     8.700E+00 0.000E+00 1.000E+00 0.000E+00 0.000E+00 0.000E+00
   1      0.000E+00 0.000E+00 0.000E+00 6.713E+00   0.000000 1.000E+00 1.000E+00
   1  571230  1     1.700E+01 0.000E+00 1.000E+00 0.000E+00 0.000E+00 0.000E+00
   1      0.000E+00 0.000E+00 0.000E+00 4.630E+00   0.000000 1.000E+00 1.000E+00
   1  571240  1     2.921E+01 0.000E+00 1.000E+00 0.000E+00 0.000E+00 0.000E+00
   1      0.000E+00 0.000E+00 0.000E+00 5.887E+00   0.000000 1.000E+00 1.000E+00
   1  571241  1     2.100E+01 0.000E+00 1.000E+00 0.000E+00 0.000E+00 0.000E+00
   1      0.000E+00 0.000E+00 0.000E+00 5.953E+00   0.000000 1.000E+00 1.000E+00
   1  571250  1     6.480E+01 0.000E+00 1.000E+00 0.000E+00 0.000E+00 0.000E+00
   1      0.000E+00 0.000E+00 0.000E+00 3.939E+00   0.000000 1.000E+00 1.000E+00
   1  571251  1     3.900E-01 0.000E+00 0.000E+00 0.000E+00 0.000E+00 1.000E+00
   1      0.000E+00 0.000E+00 0.000E+00 1.070E-01   0.000000 1.000E+00 1.000E+00
   1  571260  1     5.400E+01 0.000E+00 1.000E+00 0.000E+00 0.000E+00 0.000E+00
   1      0.000E+00 0.000E+00 0.000E+00 5.133E+00   0.000000 1.000E+00 1.000E+00
   1  571261  1     2.000E+01 0.000E+00 1.000E+00 0.000E+00 0.000E+00 0.000E+00
   1      0.000E+00 0.000E+00 0.000E+00 5.200E+00   0.000000 1.000E+00 1.000E+00
   1  571270  1     3.060E+02 0.000E+00 1.000E+00 1.000E+00 0.000E+00 0.000E+00
   1      0.000E+00 0.000E+00 0.000E+00 3.226E+00   0.000000 1.000E+00 1.000E+00
   1  571271  1     2.220E+02 0.000E+00 1.000E+00 0.000E+00 0.000E+00 0.000E+00
   1      0.000E+00 0.000E+00 0.000E+00 3.290E+00   0.000000 1.000E+00 1.000E+00
   1  571280  1     3.108E+02 0.000E+00 1.000E+00 0.000E+00 0.000E+00 0.000E+00
   1      0.000E+00 0.000E+00 0.000E+00 4.515E+00   0.000000 1.000E+00 1.000E+00
   1  571281  1     8.400E+01 0.000E+00 1.000E+00 0.000E+00 0.000E+00 0.000E+00
   1      0.000E+00 0.000E+00 0.000E+00 4.581E+00   0.000000 1.000E+00 1.000E+00
   1  571290  1     6.960E+02 0.000E+00 1.000E+00 7.395E-02 0.000E+00 0.000E+00
   1      0.000E+00 0.000E+00 0.000E+00 1.543E+00   0.000000 1.000E+00 1.000E+00
   1  571291  1     5.600E-01 0.000E+00 0.000E+00 0.000E+00 0.000E+00 1.000E+00
   1      0.000E+00 0.000E+00 0.000E+00 1.721E-01   0.000000 1.000E+00 1.000E+00
   1  571300  1     5.220E+02 0.000E+00 1.000E+00 0.000E+00 0.000E+00 0.000E+00
   1      0.000E+00 0.000E+00 0.000E+00 3.313E+00   0.000000 1.000E+00 1.000E+00
   1  571310  1     3.540E+03 0.000E+00 1.000E+00 0.000E+00 0.000E+00 0.000E+00
   1      0.000E+00 0.000E+00 0.000E+00 8.410E-01   0.000000 1.000E+00 1.000E+00
   1  571320  1     1.728E+04 0.000E+00 1.000E+00 0.000E+00 0.000E+00 0.000E+00
   1      0.000E+00 0.000E+00 0.000E+00 2.500E+00   0.000000 1.000E+00 1.000E+00
   1  571321  1     1.458E+03 0.000E+00 2.400E-01 0.000E+00 0.000E+00 7.600E-01
   1      0.000E+00 0.000E+00 0.000E+00 9.243E-01   0.000000 1.000E+00 1.000E+00
   1  571330  1     1.408E+04 0.000E+00 1.000E+00 0.000E+00 0.000E+00 0.000E+00
   1      0.000E+00 0.000E+00 0.000E+00 2.088E-01   0.000000 1.000E+00 1.000E+00
   1  571340  1     3.870E+02 0.000E+00 1.000E+00 0.000E+00 0.000E+00 0.000E+00
   1      0.000E+00 0.000E+00 0.000E+00 1.489E+00   0.000000 1.000E+00 1.000E+00
   1  571350  1     7.020E+04 0.000E+00 1.000E+00 0.000E+00 0.000E+00 0.000E+00
   1      0.000E+00 0.000E+00 0.000E+00 4.089E-02   0.000000 1.000E+00 1.000E+00
   1  571360  1     5.922E+02 0.000E+00 1.000E+00 0.000E+00 0.000E+00 0.000E+00
   1      0.000E+00 0.000E+00 0.000E+00 7.175E-01   0.000000 1.000E+00 1.000E+00
   1  571361  1     1.140E-01 0.000E+00 0.000E+00 0.000E+00 0.000E+00 1.000E+00
   1      0.000E+00 0.000E+00 0.000E+00 2.550E-01   0.000000 1.000E+00 1.000E+00
   1  571370  1     1.893E+12 0.000E+00 1.000E+00 0.000E+00 0.000E+00 0.000E+00
   1      0.000E+00 0.000E+00 0.000E+00 3.214E-02   0.000000 1.000E+00 1.000E+00
   1  571380  1     3.269E+18 0.000E+00 6.520E-01 0.000E+00 0.000E+00 0.000E+00
   1      3.480E-01 0.000E+00 0.000E+00 1.258E+00   0.090200 1.000E+00 1.000E+00
   1  571390  6     0.000E+00 0.000E+00 0.000E+00 0.000E+00 0.000E+00 0.000E+00
   1      0.000E+00 0.000E+00 0.000E+00 0.000E+00  99.909800 1.000E+00 1.000E+00
   1  571400  1     1.450E+05 0.000E+00 0.000E+00 0.000E+00 0.000E+00 0.000E+00
   1      1.000E+00 0.000E+00 0.000E+00 2.842E+00   0.000000 1.000E+00 1.000E+00
   1  571410  1     1.411E+04 0.000E+00 0.000E+00 0.000E+00 0.000E+00 0.000E+00
   1      1.000E+00 0.000E+00 0.000E+00 9.893E-01   0.000000 1.000E+00 1.000E+00
   1  571420  1     5.466E+03 0.000E+00 0.000E+00 0.000E+00 0.000E+00 0.000E+00
   1      1.000E+00 0.000E+00 0.000E+00 3.083E+00   0.000000 1.000E+00 1.000E+00
   1  571430  1     8.484E+02 0.000E+00 0.000E+00 0.000E+00 0.000E+00 0.000E+00
   1      1.000E+00 0.000E+00 0.000E+00 1.675E+00   0.000000 1.000E+00 1.000E+00
   1  571440  1     4.080E+01 0.000E+00 0.000E+00 0.000E+00 0.000E+00 0.000E+00
   1      1.000E+00 0.000E+00 0.000E+00 4.071E+00   0.000000 1.000E+00 1.000E+00
   1  571450  1     2.480E+01 0.000E+00 0.000E+00 0.000E+00 0.000E+00 0.000E+00
   1      1.000E+00 0.000E+00 0.000E+00 2.905E+00   0.000000 1.000E+00 1.000E+00
   1  571460  1     6.270E+00 0.000E+00 0.000E+00 0.000E+00 0.000E+00 0.000E+00
   1      1.000E+00 0.000E+00 0.000E+00 3.540E+00   0.000000 1.000E+00 1.000E+00
   1  571461  1     1.000E+01 0.000E+00 0.000E+00 0.000E+00 0.000E+00 0.000E+00
   1      1.000E+00 0.000E+00 0.000E+00 4.460E+00   0.000000 1.000E+00 1.000E+00
   1  571470  1     4.060E+00 0.000E+00 0.000E+00 0.000E+00 0.000E+00 0.000E+00
   1      1.000E+00 0.000E+00 0.000E+00 2.393E+00   0.000000 1.000E+00 1.000E+00
   1  571480  1     1.260E+00 0.000E+00 0.000E+00 0.000E+00 0.000E+00 0.000E+00
   1      1.000E+00 0.000E+00 0.000E+00 3.866E+00   0.000000 1.000E+00 1.000E+00
   1  571490  1     1.050E+00 0.000E+00 0.000E+00 0.000E+00 0.000E+00 0.000E+00
   1      9.860E-01 0.000E+00 1.400E-02 3.894E+00   0.000000 1.000E+00 1.000E+00
   1  571500  1     5.100E-01 0.000E+00 0.000E+00 0.000E+00 0.000E+00 0.000E+00
   1      9.730E-01 0.000E+00 2.700E-02 5.079E+00   0.000000 1.000E+00 1.000E+00
   1  571510  1     3.000E-01 0.000E+00 0.000E+00 0.000E+00 0.000E+00 0.000E+00
   1      1.000E+00 0.000E+00 0.000E+00 4.807E+00   0.000000 1.000E+00 1.000E+00
   1  571520  1     2.800E-01 0.000E+00 0.000E+00 0.000E+00 0.000E+00 0.000E+00
   1      9.396E-01 0.000E+00 6.039E-02 5.264E+00   0.000000 1.000E+00 1.000E+00
   1  571530  1     1.500E-01 0.000E+00 0.000E+00 0.000E+00 0.000E+00 0.000E+00
   1      1.000E+00 0.000E+00 0.000E+00 5.613E+00   0.000000 1.000E+00 1.000E+00
   1  571540  1     1.000E-01 0.000E+00 0.000E+00 0.000E+00 0.000E+00 0.000E+00
   1      1.000E+00 0.000E+00 0.000E+00 6.880E+00   0.000000 1.000E+00 1.000E+00
   1  571550  1     6.000E-02 0.000E+00 0.000E+00 0.000E+00 0.000E+00 0.000E+00
   1      1.000E+00 0.000E+00 0.000E+00 6.400E+00   0.000000 1.000E+00 1.000E+00
   1  581190  1     2.000E-01 0.000E+00 1.000E+00 0.000E+00 0.000E+00 0.000E+00
   1      0.000E+00 0.000E+00 0.000E+00 7.313E+00   0.000000 1.000E+00 1.000E+00
   1  581200  1     2.500E-01 0.000E+00 1.000E+00 0.000E+00 0.000E+00 0.000E+00
   1      0.000E+00 0.000E+00 0.000E+00 5.320E+00   0.000000 1.000E+00 1.000E+00
   1  581210  1     1.100E+00 0.000E+00 1.000E-02 0.000E+00 0.000E+00 0.000E+00
   1      0.000E+00 0.000E+00 0.000E+00 6.469E+00   0.000000 1.000E+00 1.000E+00
   1  581220  1     2.000E+00 0.000E+00 1.000E+00 0.000E+00 0.000E+00 0.000E+00
   1      0.000E+00 0.000E+00 0.000E+00 4.467E+00   0.000000 1.000E+00 1.000E+00
   1  581230  1     3.800E+00 0.000E+00 1.000E+00 0.000E+00 0.000E+00 0.000E+00
   1      0.000E+00 0.000E+00 0.000E+00 5.687E+00   0.000000 1.000E+00 1.000E+00
   1  581240  1     9.100E+00 0.000E+00 1.000E+00 1.000E+00 0.000E+00 0.000E+00
   1      0.000E+00 0.000E+00 0.000E+00 3.560E+00   0.000000 1.000E+00 1.000E+00
   1  581250  1     9.300E+00 0.000E+00 1.000E+00 1.000E+00 0.000E+00 0.000E+00
   1      0.000E+00 0.000E+00 0.000E+00 4.661E+00   0.000000 1.000E+00 1.000E+00
   1  581260  1     5.100E+01 0.000E+00 1.000E+00 1.000E+00 0.000E+00 0.000E+00
   1      0.000E+00 0.000E+00 0.000E+00 2.699E+00   0.000000 1.000E+00 1.000E+00
   1  581270  1     2.900E+01 0.000E+00 1.000E+00 5.000E-01 0.000E+00 0.000E+00
   1      0.000E+00 0.000E+00 0.000E+00 3.939E+00   0.000000 1.000E+00 1.000E+00
   1  581271  1     3.400E+01 0.000E+00 1.000E+00 1.000E+00 0.000E+00 0.000E+00
   1      0.000E+00 0.000E+00 0.000E+00 3.934E+00   0.000000 1.000E+00 1.000E+00
   1  581280  1     2.358E+02 0.000E+00 1.000E+00 1.000E+00 0.000E+00 0.000E+00
   1      0.000E+00 0.000E+00 0.000E+00 1.997E+00   0.000000 1.000E+00 1.000E+00
   1  581290  1     2.100E+02 0.000E+00 1.000E+00 5.000E-01 0.000E+00 0.000E+00
   1      0.000E+00 0.000E+00 0.000E+00 3.302E+00   0.000000 1.000E+00 1.000E+00
   1  581300  1     1.374E+03 0.000E+00 1.000E+00 0.000E+00 0.000E+00 0.000E+00
   1      0.000E+00 0.000E+00 0.000E+00 5.182E-01   0.000000 1.000E+00 1.000E+00
   1  581310  1     6.120E+02 0.000E+00 1.000E+00 0.000E+00 0.000E+00 0.000E+00
   1      0.000E+00 0.000E+00 0.000E+00 2.699E+00   0.000000 1.000E+00 1.000E+00
   1  581311  1     3.000E+02 0.000E+00 1.000E+00 0.000E+00 0.000E+00 0.000E+00
   1      0.000E+00 0.000E+00 0.000E+00 2.741E+00   0.000000 1.000E+00 1.000E+00
   1  581320  1     1.264E+04 0.000E+00 1.000E+00 0.000E+00 0.000E+00 0.000E+00
   1      0.000E+00 0.000E+00 0.000E+00 2.871E-01   0.000000 1.000E+00 1.000E+00
   1  581321  1     9.400E-03 0.000E+00 0.000E+00 0.000E+00 0.000E+00 1.000E+00
   1      0.000E+00 0.000E+00 0.000E+00 2.341E+00   0.000000 1.000E+00 1.000E+00
   1  581330  1     5.820E+03 0.000E+00 1.000E+00 0.000E+00 0.000E+00 0.000E+00
   1      0.000E+00 0.000E+00 0.000E+00 8.531E-01   0.000000 1.000E+00 1.000E+00
   1  581331  1     1.764E+04 0.000E+00 1.000E+00 0.000E+00 0.000E+00 0.000E+00
   1      0.000E+00 0.000E+00 0.000E+00 2.072E+00   0.000000 1.000E+00 1.000E+00
   1  581340  1     2.730E+05 0.000E+00 1.000E+00 0.000E+00 0.000E+00 0.000E+00
   1      0.000E+00 0.000E+00 0.000E+00 3.314E-02   0.000000 1.000E+00 1.000E+00
   1  581350  1     6.372E+04 0.000E+00 1.000E+00 0.000E+00 0.000E+00 0.000E+00
   1      0.000E+00 0.000E+00 0.000E+00 8.493E-01   0.000000 1.000E+00 1.000E+00
   1  581351  1     2.000E+01 0.000E+00 0.000E+00 0.000E+00 0.000E+00 1.000E+00
   1      0.000E+00 0.000E+00 0.000E+00 4.453E-01   0.000000 1.000E+00 1.000E+00
   1  581360  1     2.209E+21 0.000E+00 1.000E+00 0.000E+00 0.000E+00 0.000E+00
   1      0.000E+00 0.000E+00 0.000E+00 2.419E+00   0.190000 1.000E+00 1.000E+00
   1  581370  1     3.240E+04 0.000E+00 1.000E+00 0.000E+00 0.000E+00 0.000E+00
   1      0.000E+00 0.000E+00 0.000E+00 5.058E-02   0.000000 1.000E+00 1.000E+00
   1  581371  1     1.238E+05 0.000E+00 7.900E-03 0.000E+00 0.000E+00 9.921E-01
   1      0.000E+00 0.000E+00 0.000E+00 2.578E-01   0.000000 1.000E+00 1.000E+00
   1  581380  6     0.000E+00 0.000E+00 0.000E+00 0.000E+00 0.000E+00 0.000E+00
   1      0.000E+00 0.000E+00 0.000E+00 0.000E+00   0.250000 1.000E+00 1.000E+00
   1  581381  1     8.650E-03 0.000E+00 0.000E+00 0.000E+00 0.000E+00 1.000E+00
   1      0.000E+00 0.000E+00 0.000E+00 2.129E+00   0.000000 1.000E+00 1.000E+00
   1  581390  1     1.189E+07 0.000E+00 1.000E+00 0.000E+00 0.000E+00 0.000E+00
   1      0.000E+00 0.000E+00 0.000E+00 1.956E-01   0.000000 1.000E+00 1.000E+00
   1  581391  1     5.610E+01 0.000E+00 0.000E+00 0.000E+00 0.000E+00 1.000E+00
   1      0.000E+00 0.000E+00 0.000E+00 7.542E-01   0.000000 1.000E+00 1.000E+00
   1  581400  6     0.000E+00 0.000E+00 0.000E+00 0.000E+00 0.000E+00 0.000E+00
   1      0.000E+00 0.000E+00 0.000E+00 0.000E+00  88.480000 1.000E+00 1.000E+00
   1  581410  1     2.808E+06 0.000E+00 0.000E+00 0.000E+00 0.000E+00 0.000E+00
   1      1.000E+00 0.000E+00 0.000E+00 2.373E-01   0.000000 1.000E+00 1.000E+00
   1  581420  1     1.578E+24 0.000E+00 0.000E+00 0.000E+00 0.000E+00 0.000E+00
   1      1.000E+00 0.000E+00 0.000E+00 1.417E+00  11.080000 1.000E+00 1.000E+00
   1  581430  1     1.189E+05 0.000E+00 0.000E+00 0.000E+00 0.000E+00 0.000E+00
   1      1.000E+00 0.000E+00 0.000E+00 7.085E-01   0.000000 1.000E+00 1.000E+00
   1  581440  1     2.461E+07 1.149E-02 0.000E+00 0.000E+00 0.000E+00 0.000E+00
   1      1.000E+00 0.000E+00 0.000E+00 1.064E-01   0.000000 1.000E+00 1.000E+00
   1  581450  1     1.770E+02 0.000E+00 0.000E+00 0.000E+00 0.000E+00 0.000E+00
   1      1.000E+00 0.000E+00 0.000E+00 1.364E+00   0.000000 1.000E+00 1.000E+00
   1  581460  1     8.112E+02 0.000E+00 0.000E+00 0.000E+00 0.000E+00 0.000E+00
   1      1.000E+00 0.000E+00 0.000E+00 5.680E-01   0.000000 1.000E+00 1.000E+00
   1  581470  1     5.700E+01 0.000E+00 0.000E+00 0.000E+00 0.000E+00 0.000E+00
   1      1.000E+00 0.000E+00 0.000E+00 1.456E+00   0.000000 1.000E+00 1.000E+00
   1  581480  1     5.600E+01 0.000E+00 0.000E+00 0.000E+00 0.000E+00 0.000E+00
   1      1.000E+00 0.000E+00 0.000E+00 1.071E+00   0.000000 1.000E+00 1.000E+00
   1  581490  1     5.300E+00 0.000E+00 0.000E+00 0.000E+00 0.000E+00 0.000E+00
   1      1.000E+00 0.000E+00 0.000E+00 1.903E+00   0.000000 1.000E+00 1.000E+00
   1  581500  1     4.000E+00 0.000E+00 0.000E+00 0.000E+00 0.000E+00 0.000E+00
   1      1.000E+00 0.000E+00 0.000E+00 2.323E+00   0.000000 1.000E+00 1.000E+00
   1  581510  1     1.020E+00 0.000E+00 0.000E+00 0.000E+00 0.000E+00 0.000E+00
   1      1.000E+00 0.000E+00 0.000E+00 3.514E+00   0.000000 1.000E+00 1.000E+00
   1  581520  1     1.100E+00 0.000E+00 0.000E+00 0.000E+00 0.000E+00 0.000E+00
   1      1.000E+00 0.000E+00 0.000E+00 3.133E+00   0.000000 1.000E+00 1.000E+00
   1  581530  1     1.500E+00 0.000E+00 0.000E+00 0.000E+00 0.000E+00 0.000E+00
   1      9.938E-01 0.000E+00 6.219E-03 2.807E+00   0.000000 1.000E+00 1.000E+00
   1  581540  1     2.000E+00 0.000E+00 0.000E+00 0.000E+00 0.000E+00 0.000E+00
   1      9.936E-01 0.000E+00 6.373E-03 2.654E+00   0.000000 1.000E+00 1.000E+00
   1  581550  1     2.000E-01 0.000E+00 0.000E+00 0.000E+00 0.000E+00 0.000E+00
   1      1.000E+00 0.000E+00 0.000E+00 4.920E+00   0.000000 1.000E+00 1.000E+00
   1  581560  1     1.500E-01 0.000E+00 0.000E+00 0.000E+00 0.000E+00 0.000E+00
   1      1.000E+00 0.000E+00 0.000E+00 4.340E+00   0.000000 1.000E+00 1.000E+00
   1  581570  1     5.000E-02 0.000E+00 0.000E+00 0.000E+00 0.000E+00 0.000E+00
   1      1.000E+00 0.000E+00 0.000E+00 5.533E+00   0.000000 1.000E+00 1.000E+00
   1  591210  1     6.000E-01 0.000E+00 5.000E-01 0.000E+00 0.000E+00 0.000E+00
   1      0.000E+00 0.000E+00 0.000E+00 4.127E+00   0.000000 1.000E+00 1.000E+00
   1  591220  1     5.000E-01 0.000E+00 1.000E+00 0.000E+00 0.000E+00 0.000E+00
   1      0.000E+00 0.000E+00 0.000E+00 8.633E+00   0.000000 1.000E+00 1.000E+00
   1  591230  1     8.000E-01 0.000E+00 1.000E+00 0.000E+00 0.000E+00 0.000E+00
   1      0.000E+00 0.000E+00 0.000E+00 6.560E+00   0.000000 1.000E+00 1.000E+00
   1  591240  1     1.200E+00 0.000E+00 1.000E+00 0.000E+00 0.000E+00 0.000E+00
   1      0.000E+00 0.000E+00 0.000E+00 7.793E+00   0.000000 1.000E+00 1.000E+00
   1  591250  1     3.300E+00 0.000E+00 1.000E+00 0.000E+00 0.000E+00 0.000E+00
   1      0.000E+00 0.000E+00 0.000E+00 5.833E+00   0.000000 1.000E+00 1.000E+00
   1  591260  1     3.120E+00 0.000E+00 1.000E+00 0.000E+00 0.000E+00 0.000E+00
   1      0.000E+00 0.000E+00 0.000E+00 7.041E+00   0.000000 1.000E+00 1.000E+00
   1  591270  1     4.200E+00 0.000E+00 1.000E+00 5.000E-01 0.000E+00 0.000E+00
   1      0.000E+00 0.000E+00 0.000E+00 5.033E+00   0.000000 1.000E+00 1.000E+00
   1  591271  1     5.000E-02 0.000E+00 5.000E-01 5.000E-01 0.000E+00 5.000E-01
   1      0.000E+00 0.000E+00 0.000E+00 3.017E+00   0.000000 1.000E+00 1.000E+00
   1  591280  1     2.850E+00 0.000E+00 1.000E+00 0.000E+00 0.000E+00 0.000E+00
   1      0.000E+00 0.000E+00 0.000E+00 5.021E+00   0.000000 1.000E+00 1.000E+00
   1  591290  1     3.000E+01 0.000E+00 1.000E+00 0.000E+00 0.000E+00 0.000E+00
   1      0.000E+00 0.000E+00 0.000E+00 4.342E+00   0.000000 1.000E+00 1.000E+00
   1  591291  1     1.000E-03 0.000E+00 0.000E+00 0.000E+00 0.000E+00 1.000E+00
   1      0.000E+00 0.000E+00 0.000E+00 3.827E-01   0.000000 1.000E+00 1.000E+00
   1  591300  1     4.000E+01 0.000E+00 1.000E+00 0.000E+00 0.000E+00 0.000E+00
   1      0.000E+00 0.000E+00 0.000E+00 5.495E+00   0.000000 1.000E+00 1.000E+00
   1  591301  1     1.000E+01 0.000E+00 1.000E+00 0.000E+00 0.000E+00 0.000E+00
   1      0.000E+00 0.000E+00 0.000E+00 5.562E+00   0.000000 1.000E+00 1.000E+00
   1  591310  1     9.000E+01 0.000E+00 1.000E+00 5.000E-01 0.000E+00 0.000E+00
   1      0.000E+00 0.000E+00 0.000E+00 3.606E+00   0.000000 1.000E+00 1.000E+00
   1  591311  1     5.700E+00 0.000E+00 3.600E-02 0.000E+00 0.000E+00 9.640E-01
   1      0.000E+00 0.000E+00 0.000E+00 2.811E-01   0.000000 1.000E+00 1.000E+00
   1  591320  1     8.940E+01 0.000E+00 1.000E+00 0.000E+00 0.000E+00 0.000E+00
   1      0.000E+00 0.000E+00 0.000E+00 4.843E+00   0.000000 1.000E+00 1.000E+00
   1  591321  1     2.000E+01 0.000E+00 1.000E+00 5.000E-01 0.000E+00 0.000E+00
   1      0.000E+00 0.000E+00 0.000E+00 4.062E+00   0.000000 1.000E+00 1.000E+00
   1  591330  1     3.900E+02 0.000E+00 1.000E+00 0.000E+00 0.000E+00 0.000E+00
   1      0.000E+00 0.000E+00 0.000E+00 2.990E+00   0.000000 1.000E+00 1.000E+00
   1  591340  1     6.600E+02 0.000E+00 1.000E+00 0.000E+00 0.000E+00 0.000E+00
   1      0.000E+00 0.000E+00 0.000E+00 3.798E+00   0.000000 1.000E+00 1.000E+00
   1  591341  1     1.020E+03 0.000E+00 1.000E+00 0.000E+00 0.000E+00 0.000E+00
   1      0.000E+00 0.000E+00 0.000E+00 4.217E+00   0.000000 1.000E+00 1.000E+00
   1  591350  1     1.440E+03 0.000E+00 1.000E+00 0.000E+00 0.000E+00 0.000E+00
   1      0.000E+00 0.000E+00 0.000E+00 2.459E+00   0.000000 1.000E+00 1.000E+00
   1  591360  1     7.860E+02 0.000E+00 1.000E+00 0.000E+00 0.000E+00 0.000E+00
   1      0.000E+00 0.000E+00 0.000E+00 2.819E+00   0.000000 1.000E+00 1.000E+00
   1  591370  1     4.608E+03 0.000E+00 1.000E+00 0.000E+00 0.000E+00 0.000E+00
   1      0.000E+00 0.000E+00 0.000E+00 5.566E-01   0.000000 1.000E+00 1.000E+00
   1  591380  1     8.700E+01 0.000E+00 1.000E+00 0.000E+00 0.000E+00 0.000E+00
   1      0.000E+00 0.000E+00 0.000E+00 1.976E+00   0.000000 1.000E+00 1.000E+00
   1  591381  1     7.632E+03 0.000E+00 1.000E+00 0.000E+00 0.000E+00 0.000E+00
   1      0.000E+00 0.000E+00 0.000E+00 2.665E+00   0.000000 1.000E+00 1.000E+00
   1  591390  1     1.588E+04 0.000E+00 1.000E+00 1.640E-04 0.000E+00 0.000E+00
   1      0.000E+00 0.000E+00 0.000E+00 1.756E-01   0.000000 1.000E+00 1.000E+00
   1  591400  1     2.034E+02 0.000E+00 1.000E+00 0.000E+00 0.000E+00 0.000E+00
   1      0.000E+00 0.000E+00 0.000E+00 1.093E+00   0.000000 1.000E+00 1.000E+00
   1  591410  6     0.000E+00 0.000E+00 0.000E+00 0.000E+00 0.000E+00 0.000E+00
   1      0.000E+00 0.000E+00 0.000E+00 0.000E+00 100.000000 1.000E+00 1.000E+00
   1  591420  1     6.883E+04 0.000E+00 1.640E-04 0.000E+00 0.000E+00 0.000E+00
   1      9.998E-01 0.000E+00 0.000E+00 8.682E-01   0.000000 1.000E+00 1.000E+00
   1  591421  1     8.760E+02 0.000E+00 0.000E+00 0.000E+00 0.000E+00 1.000E+00
   1      0.000E+00 0.000E+00 0.000E+00 3.694E-03   0.000000 1.000E+00 1.000E+00
   1  591430  1     1.172E+06 0.000E+00 0.000E+00 0.000E+00 0.000E+00 0.000E+00
   1      1.000E+00 0.000E+00 0.000E+00 3.146E-01   0.000000 1.000E+00 1.000E+00
   1  591440  1     1.037E+03 0.000E+00 0.000E+00 0.000E+00 0.000E+00 0.000E+00
   1      1.000E+00 0.000E+00 0.000E+00 1.236E+00   0.000000 1.000E+00 1.000E+00
   1  591441  1     4.320E+02 0.000E+00 0.000E+00 0.000E+00 0.000E+00 9.994E-01
   1      6.000E-04 0.000E+00 0.000E+00 5.811E-02   0.000000 1.000E+00 1.000E+00
   1  591450  1     2.154E+04 0.000E+00 0.000E+00 0.000E+00 0.000E+00 0.000E+00
   1      1.000E+00 0.000E+00 0.000E+00 1.203E+00   0.000000 1.000E+00 1.000E+00
   1  591460  1     1.449E+03 0.000E+00 0.000E+00 0.000E+00 0.000E+00 0.000E+00
   1      1.000E+00 0.000E+00 0.000E+00 2.304E+00   0.000000 1.000E+00 1.000E+00
   1  591470  1     8.040E+02 0.000E+00 0.000E+00 0.000E+00 0.000E+00 0.000E+00
   1      1.000E+00 0.000E+00 0.000E+00 1.597E+00   0.000000 1.000E+00 1.000E+00
   1  591480  1     1.374E+02 0.000E+00 0.000E+00 0.000E+00 0.000E+00 0.000E+00
   1      1.000E+00 0.000E+00 0.000E+00 3.124E+00   0.000000 1.000E+00 1.000E+00
   1  591481  1     1.212E+02 0.000E+00 0.000E+00 0.000E+00 0.000E+00 0.000E+00
   1      1.000E+00 0.000E+00 0.000E+00 3.289E+00   0.000000 1.000E+00 1.000E+00
   1  591490  1     1.356E+02 0.000E+00 0.000E+00 0.000E+00 0.000E+00 0.000E+00
   1      1.000E+00 0.000E+00 0.000E+00 2.143E+00   0.000000 1.000E+00 1.000E+00
   1  591500  1     6.100E+00 0.000E+00 0.000E+00 0.000E+00 0.000E+00 0.000E+00
   1      1.000E+00 0.000E+00 0.000E+00 2.784E+00   0.000000 1.000E+00 1.000E+00
   1  591510  1     1.890E+01 0.000E+00 0.000E+00 0.000E+00 0.000E+00 0.000E+00
   1      1.000E+00 0.000E+00 0.000E+00 2.477E+00   0.000000 1.000E+00 1.000E+00
   1  591520  1     3.630E+00 0.000E+00 0.000E+00 0.000E+00 0.000E+00 0.000E+00
   1      1.000E+00 0.000E+00 0.000E+00 3.801E+00   0.000000 1.000E+00 1.000E+00
   1  591530  1     4.280E+00 0.000E+00 0.000E+00 0.000E+00 0.000E+00 0.000E+00
   1      1.000E+00 0.000E+00 0.000E+00 3.813E+00   0.000000 1.000E+00 1.000E+00
   1  591540  1     2.300E+00 0.000E+00 0.000E+00 0.000E+00 0.000E+00 0.000E+00
   1      1.000E+00 0.000E+00 0.000E+00 4.993E+00   0.000000 1.000E+00 1.000E+00
   1  591550  1     1.000E+00 0.000E+00 0.000E+00 0.000E+00 0.000E+00 0.000E+00
   1      1.000E+00 0.000E+00 0.000E+00 4.460E+00   0.000000 1.000E+00 1.000E+00
   1  591560  1     5.000E-01 0.000E+00 0.000E+00 0.000E+00 0.000E+00 0.000E+00
   1      9.728E-01 0.000E+00 2.717E-02 4.846E+00   0.000000 1.000E+00 1.000E+00
   1  591570  1     3.000E-01 0.000E+00 0.000E+00 0.000E+00 0.000E+00 0.000E+00
   1      9.361E-01 0.000E+00 6.387E-02 4.292E+00   0.000000 1.000E+00 1.000E+00
   1  591580  1     2.000E-01 0.000E+00 0.000E+00 0.000E+00 0.000E+00 0.000E+00
   1      1.000E+00 0.000E+00 0.000E+00 6.447E+00   0.000000 1.000E+00 1.000E+00
   1  591590  1     1.000E-01 0.000E+00 0.000E+00 0.000E+00 0.000E+00 0.000E+00
   1      1.000E+00 0.000E+00 0.000E+00 5.847E+00   0.000000 1.000E+00 1.000E+00
   1  601240  1     5.000E-01 0.000E+00 1.000E+00 0.000E+00 0.000E+00 0.000E+00
   1      0.000E+00 0.000E+00 0.000E+00 5.753E+00   0.000000 1.000E+00 1.000E+00
   1  601250  1     6.000E-01 0.000E+00 1.000E+00 0.000E+00 0.000E+00 0.000E+00
   1      0.000E+00 0.000E+00 0.000E+00 6.860E+00   0.000000 1.000E+00 1.000E+00
   1  601260  1     1.000E+00 0.000E+00 1.000E+00 0.000E+00 0.000E+00 0.000E+00
   1      0.000E+00 0.000E+00 0.000E+00 4.913E+00   0.000000 1.000E+00 1.000E+00
   1  601270  1     1.800E+00 0.000E+00 1.000E+00 0.000E+00 0.000E+00 0.000E+00
   1      0.000E+00 0.000E+00 0.000E+00 6.007E+00   0.000000 1.000E+00 1.000E+00
   1  601280  1     5.000E+00 0.000E+00 1.000E+00 0.000E+00 0.000E+00 0.000E+00
   1      0.000E+00 0.000E+00 0.000E+00 4.101E+00   0.000000 1.000E+00 1.000E+00
   1  601290  1     4.900E+00 0.000E+00 1.000E+00 0.000E+00 0.000E+00 0.000E+00
   1      0.000E+00 0.000E+00 0.000E+00 5.023E+00   0.000000 1.000E+00 1.000E+00
   1  601300  1     2.100E+01 0.000E+00 1.000E+00 1.000E+00 0.000E+00 0.000E+00
   1      0.000E+00 0.000E+00 0.000E+00 2.989E+00   0.000000 1.000E+00 1.000E+00
   1  601310  1     3.300E+01 0.000E+00 1.000E+00 0.000E+00 0.000E+00 0.000E+00
   1      0.000E+00 0.000E+00 0.000E+00 4.341E+00   0.000000 1.000E+00 1.000E+00
   1  601320  1     9.400E+01 0.000E+00 1.000E+00 0.000E+00 0.000E+00 0.000E+00
   1      0.000E+00 0.000E+00 0.000E+00 1.483E+00   0.000000 1.000E+00 1.000E+00
   1  601330  1     7.000E+01 0.000E+00 1.000E+00 0.000E+00 0.000E+00 0.000E+00
   1      0.000E+00 0.000E+00 0.000E+00 3.739E+00   0.000000 1.000E+00 1.000E+00
   1  601331  1     7.000E+01 0.000E+00 1.000E+00 0.000E+00 0.000E+00 0.000E+00
   1      0.000E+00 0.000E+00 0.000E+00 3.824E+00   0.000000 1.000E+00 1.000E+00
   1  601340  1     5.100E+02 0.000E+00 1.000E+00 0.000E+00 0.000E+00 0.000E+00
   1      0.000E+00 0.000E+00 0.000E+00 6.978E-01   0.000000 1.000E+00 1.000E+00
   1  601350  1     7.440E+02 0.000E+00 1.000E+00 0.000E+00 0.000E+00 0.000E+00
   1      0.000E+00 0.000E+00 0.000E+00 3.148E+00   0.000000 1.000E+00 1.000E+00
   1  601351  1     3.300E+02 0.000E+00 9.997E-01 0.000E+00 0.000E+00 3.000E-04
   1      0.000E+00 0.000E+00 0.000E+00 3.190E+00   0.000000 1.000E+00 1.000E+00
   1  601360  1     3.039E+03 0.000E+00 1.000E+00 0.000E+00 0.000E+00 0.000E+00
   1      0.000E+00 0.000E+00 0.000E+00 3.413E-01   0.000000 1.000E+00 1.000E+00
   1  601370  1     2.310E+03 0.000E+00 1.000E+00 0.000E+00 0.000E+00 0.000E+00
   1      0.000E+00 0.000E+00 0.000E+00 2.398E+00   0.000000 1.000E+00 1.000E+00
   1  601371  1     1.600E+00 0.000E+00 0.000E+00 0.000E+00 0.000E+00 1.000E+00
   1      0.000E+00 0.000E+00 0.000E+00 5.194E-01   0.000000 1.000E+00 1.000E+00
   1  601380  1     1.814E+04 0.000E+00 1.000E+00 0.000E+00 0.000E+00 0.000E+00
   1      0.000E+00 0.000E+00 0.000E+00 7.427E-01   0.000000 1.000E+00 1.000E+00
   1  601390  1     1.782E+03 0.000E+00 1.000E+00 0.000E+00 0.000E+00 0.000E+00
   1      0.000E+00 0.000E+00 0.000E+00 6.285E-01   0.000000 1.000E+00 1.000E+00
   1  601391  1     1.980E+04 0.000E+00 8.820E-01 0.000E+00 0.000E+00 1.180E-01
   1      0.000E+00 0.000E+00 0.000E+00 1.828E+00   0.000000 1.000E+00 1.000E+00
   1  601400  1     2.912E+05 0.000E+00 1.000E+00 0.000E+00 0.000E+00 0.000E+00
   1      0.000E+00 0.000E+00 0.000E+00 3.446E-02   0.000000 1.000E+00 1.000E+00
   1  601410  1     8.952E+03 0.000E+00 1.000E+00 0.000E+00 0.000E+00 0.000E+00
   1      0.000E+00 0.000E+00 0.000E+00 9.408E-02   0.000000 1.000E+00 1.000E+00
   1  601411  1     6.200E+01 0.000E+00 3.200E-04 0.000E+00 0.000E+00 9.997E-01
   1      0.000E+00 0.000E+00 0.000E+00 7.569E-01   0.000000 1.000E+00 1.000E+00
   1  601420  6     0.000E+00 0.000E+00 0.000E+00 0.000E+00 0.000E+00 0.000E+00
   1      0.000E+00 0.000E+00 0.000E+00 0.000E+00  27.130000 1.000E+00 1.000E+00
   1  601430  6     0.000E+00 0.000E+00 0.000E+00 0.000E+00 0.000E+00 0.000E+00
   1      0.000E+00 0.000E+00 0.000E+00 0.000E+00  12.180000 1.000E+00 1.000E+00
   1  601440  1     7.227E+22 0.000E+00 0.000E+00 0.000E+00 1.000E+00 0.000E+00
   1      0.000E+00 0.000E+00 0.000E+00 1.905E+00  23.800000 1.000E+00 1.000E+00
   1  601450  6     0.000E+00 0.000E+00 0.000E+00 0.000E+00 0.000E+00 0.000E+00
   1      0.000E+00 0.000E+00 0.000E+00 0.000E+00   8.300000 1.000E+00 1.000E+00
   1  601460  6     0.000E+00 0.000E+00 0.000E+00 0.000E+00 0.000E+00 0.000E+00
   1      0.000E+00 0.000E+00 0.000E+00 0.000E+00  17.190000 1.000E+00 1.000E+00
   1  601470  1     9.521E+05 0.000E+00 0.000E+00 0.000E+00 0.000E+00 0.000E+00
   1      1.000E+00 0.000E+00 0.000E+00 4.087E-01   0.000000 1.000E+00 1.000E+00
   1  601480  1     9.467E+25 0.000E+00 0.000E+00 0.000E+00 0.000E+00 0.000E+00
   1      1.000E+00 0.000E+00 0.000E+00 1.928E+00   5.760000 1.000E+00 1.000E+00
   1  601490  1     6.221E+03 0.000E+00 0.000E+00 0.000E+00 0.000E+00 0.000E+00
   1      1.000E+00 0.000E+00 0.000E+00 8.721E-01   0.000000 1.000E+00 1.000E+00
   1  601500  1     2.114E+26 0.000E+00 0.000E+00 0.000E+00 0.000E+00 0.000E+00
   1      1.000E+00 0.000E+00 0.000E+00 3.371E+00   5.640000 1.000E+00 1.000E+00
   1  601510  1     7.464E+02 0.000E+00 0.000E+00 0.000E+00 0.000E+00 0.000E+00
   1      1.000E+00 0.000E+00 0.000E+00 1.453E+00   0.000000 1.000E+00 1.000E+00
   1  601520  1     6.840E+02 0.000E+00 0.000E+00 0.000E+00 0.000E+00 0.000E+00
   1      1.000E+00 0.000E+00 0.000E+00 7.360E-01   0.000000 1.000E+00 1.000E+00
   1  601530  1     3.160E+01 0.000E+00 0.000E+00 0.000E+00 0.000E+00 0.000E+00
   1      1.000E+00 0.000E+00 0.000E+00 1.662E+00   0.000000 1.000E+00 1.000E+00
   1  601540  1     2.590E+01 0.000E+00 0.000E+00 0.000E+00 0.000E+00 0.000E+00
   1      1.000E+00 0.000E+00 0.000E+00 1.407E+00   0.000000 1.000E+00 1.000E+00
   1  601550  1     8.900E+00 0.000E+00 0.000E+00 0.000E+00 0.000E+00 0.000E+00
   1      1.000E+00 0.000E+00 0.000E+00 2.628E+00   0.000000 1.000E+00 1.000E+00
   1  601560  1     5.490E+00 0.000E+00 0.000E+00 0.000E+00 0.000E+00 0.000E+00
   1      1.000E+00 0.000E+00 0.000E+00 2.460E+00   0.000000 1.000E+00 1.000E+00
   1  601570  1     2.500E+00 0.000E+00 0.000E+00 0.000E+00 0.000E+00 0.000E+00
   1      1.000E+00 0.000E+00 0.000E+00 2.808E+00   0.000000 1.000E+00 1.000E+00
   1  601580  1     7.000E-01 0.000E+00 0.000E+00 0.000E+00 0.000E+00 0.000E+00
   1      9.999E-01 0.000E+00 5.300E-05 2.513E+00   0.000000 1.000E+00 1.000E+00
   1  601590  1     5.000E-01 0.000E+00 0.000E+00 0.000E+00 0.000E+00 0.000E+00
   1      9.976E-01 0.000E+00 2.361E-03 3.730E+00   0.000000 1.000E+00 1.000E+00
   1  601600  1     3.000E-01 0.000E+00 0.000E+00 0.000E+00 0.000E+00 0.000E+00
   1      9.905E-01 0.000E+00 9.469E-03 3.308E+00   0.000000 1.000E+00 1.000E+00
   1  601610  1     2.000E-01 0.000E+00 0.000E+00 0.000E+00 0.000E+00 0.000E+00
   1      1.000E+00 0.000E+00 0.000E+00 4.980E+00   0.000000 1.000E+00 1.000E+00
   1  611260  1     5.000E-01 0.000E+00 1.000E+00 0.000E+00 0.000E+00 0.000E+00
   1      0.000E+00 0.000E+00 0.000E+00 8.880E+00   0.000000 1.000E+00 1.000E+00
   1  611270  1     1.000E+00 0.000E+00 5.000E-01 0.000E+00 0.000E+00 0.000E+00
   1      0.000E+00 0.000E+00 0.000E+00 3.724E+00   0.000000 1.000E+00 1.000E+00
   1  611280  1     1.000E+00 0.000E+00 1.000E+00 0.000E+00 0.000E+00 0.000E+00
   1      0.000E+00 0.000E+00 0.000E+00 8.087E+00   0.000000 1.000E+00 1.000E+00
   1  611290  1     3.000E+00 0.000E+00 1.000E+00 0.000E+00 0.000E+00 0.000E+00
   1      0.000E+00 0.000E+00 0.000E+00 6.193E+00   0.000000 1.000E+00 1.000E+00
   1  611300  1     2.600E+00 0.000E+00 1.000E+00 0.000E+00 0.000E+00 0.000E+00
   1      0.000E+00 0.000E+00 0.000E+00 7.417E+00   0.000000 1.000E+00 1.000E+00
   1  611310  1     6.300E+00 0.000E+00 1.000E+00 0.000E+00 0.000E+00 0.000E+00
   1      0.000E+00 0.000E+00 0.000E+00 5.353E+00   0.000000 1.000E+00 1.000E+00
   1  611320  1     6.300E+00 0.000E+00 1.000E+00 0.000E+00 0.000E+00 0.000E+00
   1      0.000E+00 0.000E+00 0.000E+00 5.324E+00   0.000000 1.000E+00 1.000E+00
   1  611330  1     1.500E+01 0.000E+00 1.000E+00 5.000E-01 0.000E+00 0.000E+00
   1      0.000E+00 0.000E+00 0.000E+00 4.571E+00   0.000000 1.000E+00 1.000E+00
   1  611331  1     1.000E+01 0.000E+00 5.000E-01 0.000E+00 0.000E+00 5.000E-01
   1      0.000E+00 0.000E+00 0.000E+00 2.415E+00   0.000000 1.000E+00 1.000E+00
   1  611340  1     5.000E+00 0.000E+00 1.000E+00 0.000E+00 0.000E+00 0.000E+00
   1      0.000E+00 0.000E+00 0.000E+00 5.159E+00   0.000000 1.000E+00 1.000E+00
   1  611341  1     5.000E+00 0.000E+00 1.000E+00 0.000E+00 0.000E+00 0.000E+00
   1      0.000E+00 0.000E+00 0.000E+00 5.937E+00   0.000000 1.000E+00 1.000E+00
   1  611350  1     4.900E+01 0.000E+00 1.000E+00 5.000E-01 0.000E+00 0.000E+00
   1      0.000E+00 0.000E+00 0.000E+00 4.134E+00   0.000000 1.000E+00 1.000E+00
   1  611351  1     4.000E+01 0.000E+00 1.000E+00 0.000E+00 0.000E+00 0.000E+00
   1      0.000E+00 0.000E+00 0.000E+00 4.189E+00   0.000000 1.000E+00 1.000E+00
   1  611360  1     1.070E+02 0.000E+00 1.000E+00 0.000E+00 0.000E+00 0.000E+00
   1      0.000E+00 0.000E+00 0.000E+00 5.333E+00   0.000000 1.000E+00 1.000E+00
   1  611361  1     4.700E+01 0.000E+00 1.000E+00 0.000E+00 0.000E+00 0.000E+00
   1      0.000E+00 0.000E+00 0.000E+00 5.519E+00   0.000000 1.000E+00 1.000E+00
   1  611370  1     1.200E+02 0.000E+00 1.000E+00 5.000E-01 0.000E+00 0.000E+00
   1      0.000E+00 0.000E+00 0.000E+00 3.498E+00   0.000000 1.000E+00 1.000E+00
   1  611371  1     1.440E+02 0.000E+00 1.000E+00 6.258E-01 0.000E+00 0.000E+00
   1      0.000E+00 0.000E+00 0.000E+00 3.575E+00   0.000000 1.000E+00 1.000E+00
   1  611380  1     1.000E+01 0.000E+00 1.000E+00 0.000E+00 0.000E+00 0.000E+00
   1      0.000E+00 0.000E+00 0.000E+00 4.719E+00   0.000000 1.000E+00 1.000E+00
   1  611381  1     1.944E+02 0.000E+00 1.000E+00 0.000E+00 0.000E+00 0.000E+00
   1      0.000E+00 0.000E+00 0.000E+00 4.739E+00   0.000000 1.000E+00 1.000E+00
   1  611390  1     2.490E+02 0.000E+00 1.000E+00 0.000E+00 0.000E+00 0.000E+00
   1      0.000E+00 0.000E+00 0.000E+00 2.010E+00   0.000000 1.000E+00 1.000E+00
   1  611391  1     1.800E-01 0.000E+00 0.000E+00 0.000E+00 0.000E+00 9.994E-01
   1      0.000E+00 0.000E+00 0.000E+00 1.858E-01   0.000000 1.000E+00 1.000E+00
   1  611400  1     9.200E+00 0.000E+00 1.000E+00 0.000E+00 0.000E+00 0.000E+00
   1      0.000E+00 0.000E+00 0.000E+00 2.995E+00   0.000000 1.000E+00 1.000E+00
   1  611401  1     3.570E+02 0.000E+00 1.000E+00 0.000E+00 0.000E+00 0.000E+00
   1      0.000E+00 0.000E+00 0.000E+00 3.942E+00   0.000000 1.000E+00 1.000E+00
   1  611410  1     1.254E+03 0.000E+00 1.000E+00 1.636E-03 0.000E+00 0.000E+00
   1      0.000E+00 0.000E+00 0.000E+00 1.381E+00   0.000000 1.000E+00 1.000E+00
   1  611420  1     4.050E+01 0.000E+00 1.000E+00 0.000E+00 0.000E+00 0.000E+00
   1      0.000E+00 0.000E+00 0.000E+00 2.220E+00   0.000000 1.000E+00 1.000E+00
   1  611421  1     2.000E-03 0.000E+00 0.000E+00 0.000E+00 0.000E+00 1.000E+00
   1      0.000E+00 0.000E+00 0.000E+00 8.832E-01   0.000000 1.000E+00 1.000E+00
   1  611430  1     2.298E+07 0.000E+00 1.000E+00 0.000E+00 0.000E+00 0.000E+00
   1      0.000E+00 0.000E+00 0.000E+00 3.239E-01   0.000000 1.000E+00 1.000E+00
   1  611440  1     3.136E+07 0.000E+00 1.000E+00 0.000E+00 0.000E+00 0.000E+00
   1      0.000E+00 0.000E+00 0.000E+00 1.572E+00   0.000000 1.000E+00 1.000E+00
   1  611450  1     5.586E+08 0.000E+00 1.000E+00 0.000E+00 2.800E-09 0.000E+00
   1      0.000E+00 0.000E+00 0.000E+00 4.373E-02   0.000000 1.000E+00 1.000E+00
   1  611460  1     1.745E+08 0.000E+00 6.600E-01 0.000E+00 0.000E+00 0.000E+00
   1      3.400E-01 0.000E+00 0.000E+00 8.487E-01   0.000000 1.000E+00 1.000E+00
   1  611470  1     8.274E+07 0.000E+00 0.000E+00 0.000E+00 0.000E+00 0.000E+00
   1      1.000E+00 0.000E+00 0.000E+00 6.177E-02   0.000000 1.000E+00 1.000E+00
   1  611480  1     4.640E+05 0.000E+00 0.000E+00 0.000E+00 0.000E+00 0.000E+00
   1      1.000E+00 0.000E+00 0.000E+00 1.311E+00   0.000000 1.000E+00 1.000E+00
   1  611481  1     3.567E+06 0.000E+00 0.000E+00 0.000E+00 0.000E+00 5.600E-02
   1      9.440E-01 0.000E+00 0.000E+00 2.139E+00   0.000000 1.000E+00 1.000E+00
   1  611490  1     1.911E+05 0.000E+00 0.000E+00 0.000E+00 0.000E+00 0.000E+00
   1      1.000E+00 0.000E+00 0.000E+00 3.780E-01   0.000000 1.000E+00 1.000E+00
   1  611500  1     9.713E+03 0.000E+00 0.000E+00 0.000E+00 0.000E+00 0.000E+00
   1      1.000E+00 0.000E+00 0.000E+00 2.217E+00   0.000000 1.000E+00 1.000E+00
   1  611510  1     1.022E+05 0.000E+00 0.000E+00 0.000E+00 0.000E+00 0.000E+00
   1      1.000E+00 0.000E+00 0.000E+00 6.310E-01   0.000000 1.000E+00 1.000E+00
   1  611520  1     2.472E+02 0.000E+00 0.000E+00 0.000E+00 0.000E+00 0.000E+00
   1      1.000E+00 0.000E+00 0.000E+00 1.649E+00   0.000000 1.000E+00 1.000E+00
   1  611521  1     4.512E+02 0.000E+00 0.000E+00 0.000E+00 0.000E+00 0.000E+00
   1      1.000E+00 0.000E+00 0.000E+00 2.392E+00   0.000000 1.000E+00 1.000E+00
   1  611522  1     8.640E+02 0.000E+00 0.000E+00 0.000E+00 0.000E+00 0.000E+00
   1      1.000E+00 0.000E+00 0.000E+00 2.889E+00   0.000000 1.000E+00 1.000E+00
   1  611530  1     3.150E+02 0.000E+00 0.000E+00 0.000E+00 0.000E+00 0.000E+00
   1      1.000E+00 0.000E+00 0.000E+00 7.851E-01   0.000000 1.000E+00 1.000E+00
   1  611540  1     1.038E+02 0.000E+00 0.000E+00 0.000E+00 0.000E+00 0.000E+00
   1      1.000E+00 0.000E+00 0.000E+00 2.725E+00   0.000000 1.000E+00 1.000E+00
   1  611541  1     1.608E+02 0.000E+00 0.000E+00 0.000E+00 0.000E+00 0.000E+00
   1      1.000E+00 0.000E+00 0.000E+00 2.674E+00   0.000000 1.000E+00 1.000E+00
   1  611550  1     4.150E+01 0.000E+00 0.000E+00 0.000E+00 0.000E+00 0.000E+00
   1      1.000E+00 0.000E+00 0.000E+00 1.623E+00   0.000000 1.000E+00 1.000E+00
   1  611560  1     2.670E+01 0.000E+00 0.000E+00 0.000E+00 0.000E+00 0.000E+00
   1      1.000E+00 0.000E+00 0.000E+00 3.411E+00   0.000000 1.000E+00 1.000E+00
   1  611570  1     1.056E+01 0.000E+00 0.000E+00 0.000E+00 0.000E+00 0.000E+00
   1      1.000E+00 0.000E+00 0.000E+00 2.389E+00   0.000000 1.000E+00 1.000E+00
   1  611580  1     4.800E+00 0.000E+00 0.000E+00 0.000E+00 0.000E+00 0.000E+00
   1      1.000E+00 0.000E+00 0.000E+00 4.080E+00   0.000000 1.000E+00 1.000E+00
   1  611590  1     3.000E+00 0.000E+00 0.000E+00 0.000E+00 0.000E+00 0.000E+00
   1      9.998E-01 0.000E+00 1.850E-04 2.942E+00   0.000000 1.000E+00 1.000E+00
   1  611600  1     2.000E+00 0.000E+00 0.000E+00 0.000E+00 0.000E+00 0.000E+00
   1      9.973E-01 0.000E+00 2.676E-03 4.470E+00   0.000000 1.000E+00 1.000E+00
   1  611610  1     7.000E-01 0.000E+00 0.000E+00 0.000E+00 0.000E+00 0.000E+00
   1      1.000E+00 0.000E+00 0.000E+00 4.367E+00   0.000000 1.000E+00 1.000E+00
   1  611620  1     5.000E-01 0.000E+00 0.000E+00 0.000E+00 0.000E+00 0.000E+00
   1      1.000E+00 0.000E+00 0.000E+00 5.627E+00   0.000000 1.000E+00 1.000E+00
   1  611630  1     2.000E-01 0.000E+00 0.000E+00 0.000E+00 0.000E+00 0.000E+00
   1      1.000E+00 0.000E+00 0.000E+00 5.167E+00   0.000000 1.000E+00 1.000E+00
   1  621280  1     5.000E-01 0.000E+00 1.000E+00 0.000E+00 0.000E+00 0.000E+00
   1      0.000E+00 0.000E+00 0.000E+00 6.000E+00   0.000000 1.000E+00 1.000E+00
   1  621290  1     5.500E-01 0.000E+00 1.000E+00 0.000E+00 0.000E+00 0.000E+00
   1      0.000E+00 0.000E+00 0.000E+00 7.133E+00   0.000000 1.000E+00 1.000E+00
   1  621300  1     1.000E+00 0.000E+00 1.000E+00 0.000E+00 0.000E+00 0.000E+00
   1      0.000E+00 0.000E+00 0.000E+00 5.260E+00   0.000000 1.000E+00 1.000E+00
   1  621310  1     1.200E+00 0.000E+00 1.000E+00 0.000E+00 0.000E+00 0.000E+00
   1      0.000E+00 0.000E+00 0.000E+00 6.360E+00   0.000000 1.000E+00 1.000E+00
   1  621320  1     4.000E+00 0.000E+00 1.000E+00 0.000E+00 0.000E+00 0.000E+00
   1      0.000E+00 0.000E+00 0.000E+00 4.307E+00   0.000000 1.000E+00 1.000E+00
   1  621330  1     2.900E+00 0.000E+00 1.000E+00 0.000E+00 0.000E+00 0.000E+00
   1      0.000E+00 0.000E+00 0.000E+00 5.520E+00   0.000000 1.000E+00 1.000E+00
   1  621340  1     1.000E+01 0.000E+00 1.000E+00 0.000E+00 0.000E+00 0.000E+00
   1      0.000E+00 0.000E+00 0.000E+00 2.603E+00   0.000000 1.000E+00 1.000E+00
   1  621350  1     1.030E+01 0.000E+00 5.001E-01 9.996E-01 0.000E+00 0.000E+00
   1      0.000E+00 0.000E+00 0.000E+00 4.730E+00   0.000000 1.000E+00 1.000E+00
   1  621351  1     2.400E+00 0.000E+00 1.000E+00 0.000E+00 0.000E+00 0.000E+00
   1      0.000E+00 0.000E+00 0.000E+00 4.747E+00   0.000000 1.000E+00 1.000E+00
   1  621360  1     4.700E+01 0.000E+00 1.000E+00 0.000E+00 0.000E+00 0.000E+00
   1      0.000E+00 0.000E+00 0.000E+00 1.924E+00   0.000000 1.000E+00 1.000E+00
   1  621370  1     4.500E+01 0.000E+00 1.000E+00 1.000E+00 0.000E+00 0.000E+00
   1      0.000E+00 0.000E+00 0.000E+00 3.909E+00   0.000000 1.000E+00 1.000E+00
   1  621371  1     2.000E+01 0.000E+00 1.000E+00 0.000E+00 0.000E+00 0.000E+00
   1      0.000E+00 0.000E+00 0.000E+00 4.149E+00   0.000000 1.000E+00 1.000E+00
   1  621380  1     1.860E+02 0.000E+00 1.000E+00 1.000E+00 0.000E+00 0.000E+00
   1      0.000E+00 0.000E+00 0.000E+00 2.275E+00   0.000000 1.000E+00 1.000E+00
   1  621390  1     1.542E+02 0.000E+00 1.000E+00 0.000E+00 0.000E+00 0.000E+00
   1      0.000E+00 0.000E+00 0.000E+00 2.550E+00   0.000000 1.000E+00 1.000E+00
   1  621391  1     1.070E+01 0.000E+00 6.300E-02 1.000E+00 0.000E+00 9.370E-01
   1      0.000E+00 0.000E+00 0.000E+00 6.547E-01   0.000000 1.000E+00 1.000E+00
   1  621400  1     8.892E+02 0.000E+00 1.000E+00 0.000E+00 0.000E+00 0.000E+00
   1      0.000E+00 0.000E+00 0.000E+00 1.836E+00   0.000000 1.000E+00 1.000E+00
   1  621410  1     6.120E+02 0.000E+00 1.000E+00 0.000E+00 0.000E+00 0.000E+00
   1      0.000E+00 0.000E+00 0.000E+00 2.071E+00   0.000000 1.000E+00 1.000E+00
   1  621411  1     1.356E+03 0.000E+00 9.969E-01 0.000E+00 0.000E+00 3.100E-03
   1      0.000E+00 0.000E+00 0.000E+00 3.164E+00   0.000000 1.000E+00 1.000E+00
   1  621420  1     4.349E+03 0.000E+00 1.000E+00 0.000E+00 0.000E+00 0.000E+00
   1      0.000E+00 0.000E+00 0.000E+00 1.488E-01   0.000000 1.000E+00 1.000E+00
   1  621430  1     5.250E+02 0.000E+00 1.000E+00 0.000E+00 0.000E+00 0.000E+00
   1      0.000E+00 0.000E+00 0.000E+00 1.029E+00   0.000000 1.000E+00 1.000E+00
   1  621431  1     6.600E+01 0.000E+00 2.400E-03 0.000E+00 0.000E+00 9.976E-01
   1      0.000E+00 0.000E+00 0.000E+00 7.589E-01   0.000000 1.000E+00 1.000E+00
   1  621432  1     3.000E-02 0.000E+00 0.000E+00 0.000E+00 0.000E+00 0.000E+00
   1      0.000E+00 1.000E+00 0.000E+00 2.040E+00   0.000000 1.000E+00 1.000E+00
   1  621440  6     0.000E+00 0.000E+00 0.000E+00 0.000E+00 0.000E+00 0.000E+00
   1      0.000E+00 0.000E+00 0.000E+00 0.000E+00   3.100000 1.000E+00 1.000E+00
   1  621450  1     2.938E+07 0.000E+00 1.000E+00 0.000E+00 0.000E+00 0.000E+00
   1      0.000E+00 0.000E+00 0.000E+00 9.248E-02   0.000000 1.000E+00 1.000E+00
   1  621460  1     3.156E+15 0.000E+00 0.000E+00 0.000E+00 1.000E+00 0.000E+00
   1      0.000E+00 0.000E+00 0.000E+00 2.571E+00   0.000000 1.000E+00 1.000E+00
   1  621470  1     3.377E+18 0.000E+00 0.000E+00 0.000E+00 1.000E+00 0.000E+00
   1      0.000E+00 0.000E+00 0.000E+00 2.311E+00  15.000000 1.000E+00 1.000E+00
   1  621480  1     2.209E+23 0.000E+00 0.000E+00 0.000E+00 1.000E+00 0.000E+00
   1      0.000E+00 0.000E+00 0.000E+00 1.986E+00  11.300000 1.000E+00 1.000E+00
   1  621490  1     6.312E+22 0.000E+00 0.000E+00 0.000E+00 1.000E+00 0.000E+00
   1      0.000E+00 0.000E+00 0.000E+00 1.870E+00  13.800000 1.000E+00 1.000E+00
   1  621500  6     0.000E+00 0.000E+00 0.000E+00 0.000E+00 0.000E+00 0.000E+00
   1      0.000E+00 0.000E+00 0.000E+00 0.000E+00   7.400000 1.000E+00 1.000E+00
   1  621510  1     2.988E+09 0.000E+00 0.000E+00 0.000E+00 0.000E+00 0.000E+00
   1      1.000E+00 0.000E+00 0.000E+00 1.985E-02   0.000000 1.000E+00 1.000E+00
   1  621520  6     0.000E+00 0.000E+00 0.000E+00 0.000E+00 0.000E+00 0.000E+00
   1      0.000E+00 0.000E+00 0.000E+00 0.000E+00  26.700000 1.000E+00 1.000E+00
   1  621530  1     1.666E+05 0.000E+00 0.000E+00 0.000E+00 0.000E+00 0.000E+00
   1      1.000E+00 0.000E+00 0.000E+00 3.280E-01   0.000000 1.000E+00 1.000E+00
   1  621531  1     1.060E-02 0.000E+00 0.000E+00 0.000E+00 0.000E+00 1.000E+00
   1      0.000E+00 0.000E+00 0.000E+00 9.837E-02   0.000000 1.000E+00 1.000E+00
   1  621540  6     0.000E+00 0.000E+00 0.000E+00 0.000E+00 0.000E+00 0.000E+00
   1      0.000E+00 0.000E+00 0.000E+00 0.000E+00  22.700000 1.000E+00 1.000E+00
   1  621550  1     1.338E+03 0.000E+00 0.000E+00 0.000E+00 0.000E+00 0.000E+00
   1      1.000E+00 0.000E+00 0.000E+00 6.708E-01   0.000000 1.000E+00 1.000E+00
   1  621560  1     3.384E+04 0.000E+00 0.000E+00 0.000E+00 0.000E+00 0.000E+00
   1      1.000E+00 0.000E+00 0.000E+00 3.185E-01   0.000000 1.000E+00 1.000E+00
   1  621570  1     4.818E+02 0.000E+00 0.000E+00 0.000E+00 0.000E+00 0.000E+00
   1      1.000E+00 0.000E+00 0.000E+00 1.424E+00   0.000000 1.000E+00 1.000E+00
   1  621580  1     3.180E+02 0.000E+00 0.000E+00 0.000E+00 0.000E+00 0.000E+00
   1      1.000E+00 0.000E+00 0.000E+00 1.102E+00   0.000000 1.000E+00 1.000E+00
   1  621590  1     1.137E+01 0.000E+00 0.000E+00 0.000E+00 0.000E+00 0.000E+00
   1      1.000E+00 0.000E+00 0.000E+00 1.825E+00   0.000000 1.000E+00 1.000E+00
   1  621600  1     9.600E+00 0.000E+00 0.000E+00 0.000E+00 0.000E+00 0.000E+00
   1      1.000E+00 0.000E+00 0.000E+00 1.967E+00   0.000000 1.000E+00 1.000E+00
   1  621610  1     4.800E+00 0.000E+00 0.000E+00 0.000E+00 0.000E+00 0.000E+00
   1      1.000E+00 0.000E+00 0.000E+00 3.200E+00   0.000000 1.000E+00 1.000E+00
   1  621620  1     2.400E+00 0.000E+00 0.000E+00 0.000E+00 0.000E+00 0.000E+00
   1      1.000E+00 0.000E+00 0.000E+00 2.600E+00   0.000000 1.000E+00 1.000E+00
   1  621630  1     1.000E+00 0.000E+00 0.000E+00 0.000E+00 0.000E+00 0.000E+00
   1      1.000E+00 0.000E+00 0.000E+00 3.820E+00   0.000000 1.000E+00 1.000E+00
   1  621640  1     5.000E-01 0.000E+00 0.000E+00 0.000E+00 0.000E+00 0.000E+00
   1      1.000E+00 0.000E+00 0.000E+00 3.280E+00   0.000000 1.000E+00 1.000E+00
   1  621650  1     2.000E-01 0.000E+00 0.000E+00 0.000E+00 0.000E+00 0.000E+00
   1      1.000E+00 0.000E+00 0.000E+00 4.507E+00   0.000000 1.000E+00 1.000E+00
   1  631300  1     1.100E-03 0.000E+00 1.000E-02 0.000E+00 0.000E+00 0.000E+00
   1      0.000E+00 0.000E+00 0.000E+00 1.102E+00   0.000000 1.000E+00 1.000E+00
   1  631310  1     1.780E-02 0.000E+00 1.200E-01 0.000E+00 0.000E+00 0.000E+00
   1      0.000E+00 0.000E+00 0.000E+00 1.696E+00   0.000000 1.000E+00 1.000E+00
   1  631320  1     1.000E-01 0.000E+00 1.000E+00 0.000E+00 0.000E+00 0.000E+00
   1      0.000E+00 0.000E+00 0.000E+00 8.500E+00   0.000000 1.000E+00 1.000E+00
   1  631330  1     2.000E-01 0.000E+00 1.000E+00 0.000E+00 0.000E+00 0.000E+00
   1      0.000E+00 0.000E+00 0.000E+00 6.567E+00   0.000000 1.000E+00 1.000E+00
   1  631340  1     5.000E-01 0.000E+00 1.000E+00 0.000E+00 0.000E+00 0.000E+00
   1      0.000E+00 0.000E+00 0.000E+00 7.787E+00   0.000000 1.000E+00 1.000E+00
   1  631350  1     1.500E+00 0.000E+00 1.000E+00 0.000E+00 0.000E+00 0.000E+00
   1      0.000E+00 0.000E+00 0.000E+00 5.780E+00   0.000000 1.000E+00 1.000E+00
   1  631360  1     3.800E+00 0.000E+00 1.000E+00 0.000E+00 0.000E+00 0.000E+00
   1      0.000E+00 0.000E+00 0.000E+00 1.435E+00   0.000000 1.000E+00 1.000E+00
   1  631361  1     3.800E+00 0.000E+00 9.000E-04 5.000E-01 0.000E+00 0.000E+00
   1      0.000E+00 0.000E+00 0.000E+00 7.032E+00   0.000000 1.000E+00 1.000E+00
   1  631370  1     8.400E+00 0.000E+00 1.000E+00 0.000E+00 0.000E+00 0.000E+00
   1      0.000E+00 0.000E+00 0.000E+00 5.340E+00   0.000000 1.000E+00 1.000E+00
   1  631380  1     1.210E+01 0.000E+00 1.000E+00 0.000E+00 0.000E+00 0.000E+00
   1      0.000E+00 0.000E+00 0.000E+00 6.499E+00   0.000000 1.000E+00 1.000E+00
   1  631390  1     1.790E+01 0.000E+00 1.000E+00 6.870E-01 0.000E+00 0.000E+00
   1      0.000E+00 0.000E+00 0.000E+00 4.445E+00   0.000000 1.000E+00 1.000E+00
   1  631400  1     1.510E+00 0.000E+00 1.000E+00 0.000E+00 0.000E+00 0.000E+00
   1      0.000E+00 0.000E+00 0.000E+00 4.422E+00   0.000000 1.000E+00 1.000E+00
   1  631401  1     1.250E-01 0.000E+00 1.000E-02 0.000E+00 0.000E+00 9.900E-01
   1      0.000E+00 0.000E+00 0.000E+00 2.657E-01   0.000000 1.000E+00 1.000E+00
   1  631410  1     4.070E+01 0.000E+00 1.000E+00 1.769E-02 0.000E+00 0.000E+00
   1      0.000E+00 0.000E+00 0.000E+00 2.919E+00   0.000000 1.000E+00 1.000E+00
   1  631411  1     2.700E+00 0.000E+00 1.400E-01 9.925E-01 0.000E+00 8.600E-01
   1      0.000E+00 0.000E+00 0.000E+00 6.368E-01   0.000000 1.000E+00 1.000E+00
   1  631420  1     2.340E+00 0.000E+00 1.000E+00 0.000E+00 0.000E+00 0.000E+00
   1      0.000E+00 0.000E+00 0.000E+00 3.966E+00   0.000000 1.000E+00 1.000E+00
   1  631421  1     7.338E+01 0.000E+00 1.000E+00 0.000E+00 0.000E+00 0.000E+00
   1      0.000E+00 0.000E+00 0.000E+00 5.192E+00   0.000000 1.000E+00 1.000E+00
   1  631430  1     1.554E+02 0.000E+00 1.000E+00 1.103E-03 0.000E+00 0.000E+00
   1      0.000E+00 0.000E+00 0.000E+00 2.495E+00   0.000000 1.000E+00 1.000E+00
   1  631440  1     1.020E+01 0.000E+00 1.000E+00 0.000E+00 0.000E+00 0.000E+00
   1      0.000E+00 0.000E+00 0.000E+00 3.147E+00   0.000000 1.000E+00 1.000E+00
   1  631450  1     5.124E+05 0.000E+00 1.000E+00 0.000E+00 0.000E+00 0.000E+00
   1      0.000E+00 0.000E+00 0.000E+00 1.301E+00   0.000000 1.000E+00 1.000E+00
   1  631460  1     3.966E+05 0.000E+00 1.000E+00 0.000E+00 0.000E+00 0.000E+00
   1      0.000E+00 0.000E+00 0.000E+00 2.418E+00   0.000000 1.000E+00 1.000E+00
   1  631470  1     2.082E+06 0.000E+00 1.000E+00 0.000E+00 2.200E-05 0.000E+00
   1      0.000E+00 0.000E+00 0.000E+00 4.751E-01   0.000000 1.000E+00 1.000E+00
   1  631480  1     4.709E+06 0.000E+00 1.000E+00 0.000E+00 9.400E-09 0.000E+00
   1      0.000E+00 0.000E+00 0.000E+00 2.246E+00   0.000000 1.000E+00 1.000E+00
   1  631490  1     8.044E+06 0.000E+00 1.000E+00 0.000E+00 0.000E+00 0.000E+00
   1      0.000E+00 0.000E+00 0.000E+00 9.016E-02   0.000000 1.000E+00 1.000E+00
   1  631500  1     1.147E+09 0.000E+00 1.000E+00 0.000E+00 0.000E+00 0.000E+00
   1      0.000E+00 0.000E+00 0.000E+00 1.555E+00   0.000000 1.000E+00 1.000E+00
   1  631501  1     4.608E+04 0.000E+00 1.200E-01 0.000E+00 0.000E+00 0.000E+00
   1      8.800E-01 0.000E+00 0.000E+00 3.575E-01   0.000000 1.000E+00 1.000E+00
   1  631510  6     0.000E+00 0.000E+00 0.000E+00 0.000E+00 0.000E+00 0.000E+00
   1      0.000E+00 0.000E+00 0.000E+00 0.000E+00  47.800000 1.000E+00 1.000E+00
   1  631520  1     4.267E+08 0.000E+00 7.210E-01 0.000E+00 0.000E+00 0.000E+00
   1      2.790E-01 0.000E+00 0.000E+00 1.287E+00   0.000000 1.000E+00 1.000E+00
   1  631521  1     3.339E+04 0.000E+00 2.800E-01 0.000E+00 0.000E+00 0.000E+00
   1      7.200E-01 0.000E+00 0.000E+00 8.130E-01   0.000000 1.000E+00 1.000E+00
   1  631522  1     5.760E+03 0.000E+00 0.000E+00 0.000E+00 0.000E+00 1.000E+00
   1      0.000E+00 0.000E+00 0.000E+00 1.478E-01   0.000000 1.000E+00 1.000E+00
   1  631530  6     0.000E+00 0.000E+00 0.000E+00 0.000E+00 0.000E+00 0.000E+00
   1      0.000E+00 0.000E+00 0.000E+00 0.000E+00  52.200000 1.000E+00 1.000E+00
   1  631540  1     2.714E+08 0.000E+00 1.800E-04 0.000E+00 0.000E+00 0.000E+00
   1      9.998E-01 0.000E+00 0.000E+00 1.515E+00   0.000000 1.000E+00 1.000E+00
   1  631541  1     2.784E+03 0.000E+00 0.000E+00 0.000E+00 0.000E+00 1.000E+00
   1      0.000E+00 0.000E+00 0.000E+00 1.569E-01   0.000000 1.000E+00 1.000E+00
   1  631550  1     1.500E+08 0.000E+00 0.000E+00 0.000E+00 0.000E+00 0.000E+00
   1      1.000E+00 0.000E+00 0.000E+00 1.242E-01   0.000000 1.000E+00 1.000E+00
   1  631560  1     1.312E+06 0.000E+00 0.000E+00 0.000E+00 0.000E+00 0.000E+00
   1      1.000E+00 0.000E+00 0.000E+00 1.687E+00   0.000000 1.000E+00 1.000E+00
   1  631570  1     5.465E+04 0.000E+00 0.000E+00 0.000E+00 0.000E+00 0.000E+00
   1      1.000E+00 0.000E+00 0.000E+00 6.827E-01   0.000000 1.000E+00 1.000E+00
   1  631580  1     2.754E+03 0.000E+00 0.000E+00 0.000E+00 0.000E+00 0.000E+00
   1      1.000E+00 0.000E+00 0.000E+00 2.157E+00   0.000000 1.000E+00 1.000E+00
   1  631590  1     1.086E+03 0.000E+00 0.000E+00 0.000E+00 0.000E+00 0.000E+00
   1      1.000E+00 0.000E+00 0.000E+00 1.190E+00   0.000000 1.000E+00 1.000E+00
   1  631600  1     3.800E+01 0.000E+00 0.000E+00 0.000E+00 0.000E+00 0.000E+00
   1      1.000E+00 0.000E+00 0.000E+00 3.052E+00   0.000000 1.000E+00 1.000E+00
   1  631610  1     2.600E+01 0.000E+00 0.000E+00 0.000E+00 0.000E+00 0.000E+00
   1      1.000E+00 0.000E+00 0.000E+00 2.488E+00   0.000000 1.000E+00 1.000E+00
   1  631620  1     1.060E+01 0.000E+00 0.000E+00 0.000E+00 0.000E+00 0.000E+00
   1      1.000E+00 0.000E+00 0.000E+00 3.758E+00   0.000000 1.000E+00 1.000E+00
   1  631630  1     6.000E+00 0.000E+00 0.000E+00 0.000E+00 0.000E+00 0.000E+00
   1      1.000E+00 0.000E+00 0.000E+00 3.240E+00   0.000000 1.000E+00 1.000E+00
   1  631640  1     2.000E+00 0.000E+00 0.000E+00 0.000E+00 0.000E+00 0.000E+00
   1      1.000E+00 0.000E+00 0.000E+00 4.433E+00   0.000000 1.000E+00 1.000E+00
   1  631650  1     1.000E+00 0.000E+00 0.000E+00 0.000E+00 0.000E+00 0.000E+00
   1      1.000E+00 0.000E+00 0.000E+00 3.940E+00   0.000000 1.000E+00 1.000E+00
   1  631660  1     4.000E-01 0.000E+00 0.000E+00 0.000E+00 0.000E+00 0.000E+00
   1      1.000E+00 0.000E+00 0.000E+00 5.200E+00   0.000000 1.000E+00 1.000E+00
   1  631670  1     2.000E-01 0.000E+00 0.000E+00 0.000E+00 0.000E+00 0.000E+00
   1      1.000E+00 0.000E+00 0.000E+00 4.740E+00   0.000000 1.000E+00 1.000E+00
   1  641340  1     4.000E-01 0.000E+00 1.000E+00 0.000E+00 0.000E+00 0.000E+00
   1      0.000E+00 0.000E+00 0.000E+00 5.507E+00   0.000000 1.000E+00 1.000E+00
   1  641350  1     1.100E+00 0.000E+00 2.000E-02 0.000E+00 0.000E+00 0.000E+00
   1      0.000E+00 0.000E+00 0.000E+00 6.690E+00   0.000000 1.000E+00 1.000E+00
   1  641360  1     1.000E+00 0.000E+00 1.000E+00 1.000E+00 0.000E+00 0.000E+00
   1      0.000E+00 0.000E+00 0.000E+00 4.807E+00   0.000000 1.000E+00 1.000E+00
   1  641370  1     2.200E+00 0.000E+00 1.000E+00 0.000E+00 0.000E+00 0.000E+00
   1      0.000E+00 0.000E+00 0.000E+00 5.873E+00   0.000000 1.000E+00 1.000E+00
   1  641380  1     4.700E+00 0.000E+00 1.000E+00 0.000E+00 0.000E+00 0.000E+00
   1      0.000E+00 0.000E+00 0.000E+00 3.980E+00   0.000000 1.000E+00 1.000E+00
   1  641390  1     5.700E+00 0.000E+00 1.000E+00 0.000E+00 0.000E+00 0.000E+00
   1      0.000E+00 0.000E+00 0.000E+00 5.245E+00   0.000000 1.000E+00 1.000E+00
   1  641391  1     4.800E+00 0.000E+00 1.000E+00 0.000E+00 0.000E+00 0.000E+00
   1      0.000E+00 0.000E+00 0.000E+00 5.412E+00   0.000000 1.000E+00 1.000E+00
   1  641400  1     1.580E+01 0.000E+00 1.000E+00 0.000E+00 0.000E+00 0.000E+00
   1      0.000E+00 0.000E+00 0.000E+00 3.472E+00   0.000000 1.000E+00 1.000E+00
   1  641410  1     1.400E+01 0.000E+00 1.000E+00 0.000E+00 0.000E+00 0.000E+00
   1      0.000E+00 0.000E+00 0.000E+00 3.679E+00   0.000000 1.000E+00 1.000E+00
   1  641411  1     2.450E+01 0.000E+00 8.900E-01 1.000E+00 0.000E+00 1.100E-01
   1      0.000E+00 0.000E+00 0.000E+00 4.186E+00   0.000000 1.000E+00 1.000E+00
   1  641420  1     7.020E+01 0.000E+00 1.000E+00 0.000E+00 0.000E+00 0.000E+00
   1      0.000E+00 0.000E+00 0.000E+00 1.774E+00   0.000000 1.000E+00 1.000E+00
   1  641430  1     3.900E+01 0.000E+00 1.000E+00 0.000E+00 0.000E+00 0.000E+00
   1      0.000E+00 0.000E+00 0.000E+00 2.996E+00   0.000000 1.000E+00 1.000E+00
   1  641431  1     1.100E+02 0.000E+00 1.000E+00 0.000E+00 0.000E+00 0.000E+00
   1      0.000E+00 0.000E+00 0.000E+00 3.377E+00   0.000000 1.000E+00 1.000E+00
   1  641440  1     2.682E+02 0.000E+00 1.000E+00 0.000E+00 0.000E+00 0.000E+00
   1      0.000E+00 0.000E+00 0.000E+00 2.575E+00   0.000000 1.000E+00 1.000E+00
   1  641450  1     1.380E+03 0.000E+00 1.000E+00 0.000E+00 0.000E+00 0.000E+00
   1      0.000E+00 0.000E+00 0.000E+00 2.773E+00   0.000000 1.000E+00 1.000E+00
   1  641451  1     8.500E+01 0.000E+00 5.700E-02 0.000E+00 0.000E+00 9.430E-01
   1      0.000E+00 0.000E+00 0.000E+00 9.276E-01   0.000000 1.000E+00 1.000E+00
   1  641460  1     4.171E+06 0.000E+00 1.000E+00 0.000E+00 0.000E+00 0.000E+00
   1      0.000E+00 0.000E+00 0.000E+00 3.761E-01   0.000000 1.000E+00 1.000E+00
   1  641470  1     1.370E+05 0.000E+00 1.000E+00 0.000E+00 0.000E+00 0.000E+00
   1      0.000E+00 0.000E+00 0.000E+00 1.458E+00   0.000000 1.000E+00 1.000E+00
   1  641480  1     2.367E+09 0.000E+00 0.000E+00 0.000E+00 1.000E+00 0.000E+00
   1      0.000E+00 0.000E+00 0.000E+00 3.271E+00   0.000000 1.000E+00 1.000E+00
   1  641490  1     8.018E+05 0.000E+00 1.000E+00 0.000E+00 0.000E+00 0.000E+00
   1      0.000E+00 0.000E+00 0.000E+00 5.947E-01   0.000000 1.000E+00 1.000E+00
   1  641500  1     5.743E+13 0.000E+00 0.000E+00 0.000E+00 1.000E+00 0.000E+00
   1      0.000E+00 0.000E+00 0.000E+00 2.797E+00   0.000000 1.000E+00 1.000E+00
   1  641510  1     1.071E+07 0.000E+00 1.000E+00 0.000E+00 1.000E-08 0.000E+00
   1      0.000E+00 0.000E+00 0.000E+00 1.092E-01   0.000000 1.000E+00 1.000E+00
   1  641520  1     3.408E+21 0.000E+00 0.000E+00 0.000E+00 1.000E+00 0.000E+00
   1      0.000E+00 0.000E+00 0.000E+00 2.205E+00   0.200000 1.000E+00 1.000E+00
   1  641530  1     2.078E+07 0.000E+00 1.000E+00 0.000E+00 0.000E+00 0.000E+00
   1      0.000E+00 0.000E+00 0.000E+00 1.504E-01   0.000000 1.000E+00 1.000E+00
   1  641540  6     0.000E+00 0.000E+00 0.000E+00 0.000E+00 0.000E+00 0.000E+00
   1      0.000E+00 0.000E+00 0.000E+00 0.000E+00   2.180000 1.000E+00 1.000E+00
   1  641550  6     0.000E+00 0.000E+00 0.000E+00 0.000E+00 0.000E+00 0.000E+00
   1      0.000E+00 0.000E+00 0.000E+00 0.000E+00  14.800000 1.000E+00 1.000E+00
   1  641551  1     3.200E-02 0.000E+00 0.000E+00 0.000E+00 0.000E+00 1.000E+00
   1      0.000E+00 0.000E+00 0.000E+00 1.211E-01   0.000000 1.000E+00 1.000E+00
   1  641560  6     0.000E+00 0.000E+00 0.000E+00 0.000E+00 0.000E+00 0.000E+00
   1      0.000E+00 0.000E+00 0.000E+00 0.000E+00  20.470000 1.000E+00 1.000E+00
   1  641570  6     0.000E+00 0.000E+00 0.000E+00 0.000E+00 0.000E+00 0.000E+00
   1      0.000E+00 0.000E+00 0.000E+00 0.000E+00  15.650000 1.000E+00 1.000E+00
   1  641580  6     0.000E+00 0.000E+00 0.000E+00 0.000E+00 0.000E+00 0.000E+00
   1      0.000E+00 0.000E+00 0.000E+00 0.000E+00  24.840000 1.000E+00 1.000E+00
   1  641590  1     6.652E+04 0.000E+00 0.000E+00 0.000E+00 0.000E+00 0.000E+00
   1      1.000E+00 0.000E+00 0.000E+00 3.654E-01   0.000000 1.000E+00 1.000E+00
   1  641600  1     4.102E+24 0.000E+00 0.000E+00 0.000E+00 0.000E+00 0.000E+00
   1      1.000E+00 0.000E+00 0.000E+00 1.729E+00  21.860000 1.000E+00 1.000E+00
   1  641610  1     2.196E+02 0.000E+00 0.000E+00 0.000E+00 0.000E+00 0.000E+00
   1      1.000E+00 0.000E+00 0.000E+00 9.776E-01   0.000000 1.000E+00 1.000E+00
   1  641620  1     5.040E+02 0.000E+00 0.000E+00 0.000E+00 0.000E+00 0.000E+00
   1      1.000E+00 0.000E+00 0.000E+00 7.564E-01   0.000000 1.000E+00 1.000E+00
   1  641630  1     6.800E+01 0.000E+00 0.000E+00 0.000E+00 0.000E+00 0.000E+00
   1      1.000E+00 0.000E+00 0.000E+00 1.555E+00   0.000000 1.000E+00 1.000E+00
   1  641640  1     4.500E+01 0.000E+00 0.000E+00 0.000E+00 0.000E+00 0.000E+00
   1      1.000E+00 0.000E+00 0.000E+00 1.553E+00   0.000000 1.000E+00 1.000E+00
   1  641650  1     1.030E+01 0.000E+00 0.000E+00 0.000E+00 0.000E+00 0.000E+00
   1      1.000E+00 0.000E+00 0.000E+00 2.793E+00   0.000000 1.000E+00 1.000E+00
   1  641660  1     4.800E+00 0.000E+00 0.000E+00 0.000E+00 0.000E+00 0.000E+00
   1      1.000E+00 0.000E+00 0.000E+00 2.240E+00   0.000000 1.000E+00 1.000E+00
   1  641670  1     3.000E+00 0.000E+00 0.000E+00 0.000E+00 0.000E+00 0.000E+00
   1      1.000E+00 0.000E+00 0.000E+00 3.427E+00   0.000000 1.000E+00 1.000E+00
   1  641680  1     3.000E-01 0.000E+00 0.000E+00 0.000E+00 0.000E+00 0.000E+00
   1      1.000E+00 0.000E+00 0.000E+00 2.933E+00   0.000000 1.000E+00 1.000E+00
   1  641690  1     1.000E+00 0.000E+00 0.000E+00 0.000E+00 0.000E+00 0.000E+00
   1      1.000E+00 0.000E+00 0.000E+00 4.133E+00   0.000000 1.000E+00 1.000E+00
   1  651360  1     2.000E-01 0.000E+00 1.000E+00 0.000E+00 0.000E+00 0.000E+00
   1      0.000E+00 0.000E+00 0.000E+00 8.720E+00   0.000000 1.000E+00 1.000E+00
   1  651370  1     6.000E-01 0.000E+00 5.000E-01 0.000E+00 0.000E+00 0.000E+00
   1      0.000E+00 0.000E+00 0.000E+00 3.784E+00   0.000000 1.000E+00 1.000E+00
   1  651380  1     8.000E-01 0.000E+00 1.000E+00 0.000E+00 0.000E+00 0.000E+00
   1      0.000E+00 0.000E+00 0.000E+00 8.100E+00   0.000000 1.000E+00 1.000E+00
   1  651390  1     1.600E+00 0.000E+00 1.000E+00 0.000E+00 0.000E+00 0.000E+00
   1      0.000E+00 0.000E+00 0.000E+00 6.240E+00   0.000000 1.000E+00 1.000E+00
   1  651400  1     2.400E+00 0.000E+00 2.600E-03 0.000E+00 0.000E+00 0.000E+00
   1      0.000E+00 0.000E+00 0.000E+00 7.530E+00   0.000000 1.000E+00 1.000E+00
   1  651410  1     3.500E+00 0.000E+00 1.000E+00 5.000E-01 0.000E+00 0.000E+00
   1      0.000E+00 0.000E+00 0.000E+00 5.663E+00   0.000000 1.000E+00 1.000E+00
   1  651411  1     7.900E+00 0.000E+00 1.000E+00 1.000E+00 0.000E+00 0.000E+00
   1      0.000E+00 0.000E+00 0.000E+00 5.537E+00   0.000000 1.000E+00 1.000E+00
   1  651420  1     5.970E-01 0.000E+00 1.000E+00 0.000E+00 0.000E+00 0.000E+00
   1      0.000E+00 0.000E+00 0.000E+00 5.354E+00   0.000000 1.000E+00 1.000E+00
   1  651421  1     3.030E-01 0.000E+00 5.000E-03 0.000E+00 0.000E+00 9.950E-01
   1      0.000E+00 0.000E+00 0.000E+00 3.127E-01   0.000000 1.000E+00 1.000E+00
   1  651430  1     1.200E+01 0.000E+00 1.000E+00 1.000E+00 0.000E+00 0.000E+00
   1      0.000E+00 0.000E+00 0.000E+00 5.098E+00   0.000000 1.000E+00 1.000E+00
   1  651431  1     2.100E+01 0.000E+00 1.000E+00 5.000E-01 0.000E+00 0.000E+00
   1      0.000E+00 0.000E+00 0.000E+00 5.149E+00   0.000000 1.000E+00 1.000E+00
   1  651440  1     1.000E+00 0.000E+00 1.000E+00 0.000E+00 0.000E+00 0.000E+00
   1      0.000E+00 0.000E+00 0.000E+00 2.877E-01   0.000000 1.000E+00 1.000E+00
   1  651441  1     4.250E+00 0.000E+00 3.400E-01 0.000E+00 0.000E+00 6.600E-01
   1      0.000E+00 0.000E+00 0.000E+00 2.481E+00   0.000000 1.000E+00 1.000E+00
   1  651450  1     1.200E+03 0.000E+00 1.000E+00 0.000E+00 0.000E+00 0.000E+00
   1      0.000E+00 0.000E+00 0.000E+00 4.698E+00   0.000000 1.000E+00 1.000E+00
   1  651451  1     3.090E+01 0.000E+00 1.000E+00 4.966E-01 0.000E+00 0.000E+00
   1      0.000E+00 0.000E+00 0.000E+00 4.450E+00   0.000000 1.000E+00 1.000E+00
   1  651460  1     8.000E+00 0.000E+00 1.000E+00 0.000E+00 0.000E+00 0.000E+00
   1      0.000E+00 0.000E+00 0.000E+00 4.360E+00   0.000000 1.000E+00 1.000E+00
   1  651461  1     2.400E+01 0.000E+00 1.000E+00 0.000E+00 0.000E+00 0.000E+00
   1      0.000E+00 0.000E+00 0.000E+00 5.552E+00   0.000000 1.000E+00 1.000E+00
   1  651462  1     1.180E-03 0.000E+00 0.000E+00 0.000E+00 0.000E+00 0.000E+00
   1      0.000E+00 1.000E+00 0.000E+00 7.800E-01   0.000000 1.000E+00 1.000E+00
   1  651470  1     5.904E+03 0.000E+00 1.000E+00 0.000E+00 0.000E+00 0.000E+00
   1      0.000E+00 0.000E+00 0.000E+00 2.526E+00   0.000000 1.000E+00 1.000E+00
   1  651471  1     1.098E+02 0.000E+00 1.000E+00 0.000E+00 0.000E+00 0.000E+00
   1      0.000E+00 0.000E+00 0.000E+00 2.208E+00   0.000000 1.000E+00 1.000E+00
   1  651480  1     3.600E+03 0.000E+00 1.000E+00 0.000E+00 0.000E+00 0.000E+00
   1      0.000E+00 0.000E+00 0.000E+00 3.025E+00   0.000000 1.000E+00 1.000E+00
   1  651481  1     1.320E+02 0.000E+00 1.000E+00 0.000E+00 0.000E+00 0.000E+00
   1      0.000E+00 0.000E+00 0.000E+00 3.884E+00   0.000000 1.000E+00 1.000E+00
   1  651490  1     1.482E+04 0.000E+00 8.330E-01 0.000E+00 1.670E-01 0.000E+00
   1      0.000E+00 0.000E+00 0.000E+00 2.123E+00   0.000000 1.000E+00 1.000E+00
   1  651491  1     2.496E+02 0.000E+00 9.998E-01 0.000E+00 2.200E-04 0.000E+00
   1      0.000E+00 0.000E+00 0.000E+00 1.218E+00   0.000000 1.000E+00 1.000E+00
   1  651500  1     1.253E+04 0.000E+00 9.995E-01 0.000E+00 5.000E-04 0.000E+00
   1      0.000E+00 0.000E+00 0.000E+00 3.106E+00   0.000000 1.000E+00 1.000E+00
   1  651501  1     3.480E+02 0.000E+00 1.000E+00 0.000E+00 0.000E+00 0.000E+00
   1      0.000E+00 0.000E+00 0.000E+00 3.405E+00   0.000000 1.000E+00 1.000E+00
   1  651510  1     6.339E+04 0.000E+00 9.999E-01 0.000E+00 9.000E-05 0.000E+00
   1      0.000E+00 0.000E+00 0.000E+00 1.062E+00   0.000000 1.000E+00 1.000E+00
   1  651511  1     2.500E+01 0.000E+00 6.200E-02 0.000E+00 0.000E+00 9.380E-01
   1      0.000E+00 0.000E+00 0.000E+00 2.035E-01   0.000000 1.000E+00 1.000E+00
   1  651520  1     6.300E+04 0.000E+00 1.000E+00 0.000E+00 0.000E+00 0.000E+00
   1      0.000E+00 0.000E+00 0.000E+00 1.602E+00   0.000000 1.000E+00 1.000E+00
   1  651521  1     2.520E+02 0.000E+00 2.120E-01 0.000E+00 0.000E+00 7.880E-01
   1      0.000E+00 0.000E+00 0.000E+00 1.031E+00   0.000000 1.000E+00 1.000E+00
   1  651530  1     2.022E+05 0.000E+00 1.000E+00 0.000E+00 0.000E+00 0.000E+00
   1      0.000E+00 0.000E+00 0.000E+00 3.639E-01   0.000000 1.000E+00 1.000E+00
   1  651540  1     7.740E+04 0.000E+00 9.990E-01 0.000E+00 0.000E+00 0.000E+00
   1      1.000E-03 0.000E+00 0.000E+00 2.367E+00   0.000000 1.000E+00 1.000E+00
   1  651541  1     3.384E+04 0.000E+00 7.812E-01 0.000E+00 0.000E+00 2.178E-01
   1      9.990E-04 0.000E+00 0.000E+00 1.860E+00   0.000000 1.000E+00 1.000E+00
   1  651542  1     8.172E+04 0.000E+00 9.820E-01 0.000E+00 0.000E+00 0.000E+00
   1      0.000E+00 1.800E-02 0.000E+00 2.460E+00   0.000000 1.000E+00 1.000E+00
   1  651550  1     4.596E+05 0.000E+00 1.000E+00 0.000E+00 0.000E+00 0.000E+00
   1      0.000E+00 0.000E+00 0.000E+00 2.153E-01   0.000000 1.000E+00 1.000E+00
   1  651560  1     4.467E+05 0.000E+00 1.000E+00 0.000E+00 0.000E+00 0.000E+00
   1      0.000E+00 0.000E+00 0.000E+00 2.020E+00   0.000000 1.000E+00 1.000E+00
   1  651561  1     8.784E+04 0.000E+00 0.000E+00 0.000E+00 0.000E+00 1.000E+00
   1      0.000E+00 0.000E+00 0.000E+00 5.965E-02   0.000000 1.000E+00 1.000E+00
   1  651562  1     1.836E+04 0.000E+00 1.900E-03 0.000E+00 0.000E+00 9.981E-01
   1      0.000E+00 0.000E+00 0.000E+00 8.880E-02   0.000000 1.000E+00 1.000E+00
   1  651570  1     3.124E+09 0.000E+00 1.000E+00 0.000E+00 0.000E+00 0.000E+00
   1      0.000E+00 0.000E+00 0.000E+00 1.609E-02   0.000000 1.000E+00 1.000E+00
   1  651580  1     5.680E+09 0.000E+00 8.320E-01 0.000E+00 0.000E+00 0.000E+00
   1      1.680E-01 0.000E+00 0.000E+00 9.254E-01   0.000000 1.000E+00 1.000E+00
   1  651581  1     1.080E+01 0.000E+00 0.000E+00 0.000E+00 0.000E+00 1.000E+00
   1      0.000E+00 0.000E+00 0.000E+00 1.101E-01   0.000000 1.000E+00 1.000E+00
   1  651590  6     0.000E+00 0.000E+00 0.000E+00 0.000E+00 0.000E+00 0.000E+00
   1      0.000E+00 0.000E+00 0.000E+00 0.000E+00 100.000000 1.000E+00 1.000E+00
   1  651600  1     6.247E+06 0.000E+00 0.000E+00 0.000E+00 0.000E+00 0.000E+00
   1      1.000E+00 0.000E+00 0.000E+00 1.387E+00   0.000000 1.000E+00 1.000E+00
   1  651610  1     5.953E+05 0.000E+00 0.000E+00 0.000E+00 0.000E+00 0.000E+00
   1      1.000E+00 0.000E+00 0.000E+00 2.345E-01   0.000000 1.000E+00 1.000E+00
   1  651620  1     4.560E+02 0.000E+00 0.000E+00 0.000E+00 0.000E+00 0.000E+00
   1      1.000E+00 0.000E+00 0.000E+00 1.637E+00   0.000000 1.000E+00 1.000E+00
   1  651630  1     1.170E+03 0.000E+00 0.000E+00 0.000E+00 0.000E+00 0.000E+00
   1      1.000E+00 0.000E+00 0.000E+00 1.148E+00   0.000000 1.000E+00 1.000E+00
   1  651640  1     1.800E+02 0.000E+00 0.000E+00 0.000E+00 0.000E+00 0.000E+00
   1      1.000E+00 0.000E+00 0.000E+00 2.596E+00   0.000000 1.000E+00 1.000E+00
   1  651650  1     1.266E+02 0.000E+00 0.000E+00 0.000E+00 0.000E+00 0.000E+00
   1      1.000E+00 0.000E+00 0.000E+00 1.553E+00   0.000000 1.000E+00 1.000E+00
   1  651660  1     2.560E+01 0.000E+00 0.000E+00 0.000E+00 0.000E+00 0.000E+00
   1      1.000E+00 0.000E+00 0.000E+00 3.220E+00   0.000000 1.000E+00 1.000E+00
   1  651670  1     1.900E+01 0.000E+00 0.000E+00 0.000E+00 0.000E+00 0.000E+00
   1      1.000E+00 0.000E+00 0.000E+00 2.733E+00   0.000000 1.000E+00 1.000E+00
   1  651680  1     8.200E+00 0.000E+00 0.000E+00 0.000E+00 0.000E+00 0.000E+00
   1      1.000E+00 0.000E+00 0.000E+00 4.040E+00   0.000000 1.000E+00 1.000E+00
   1  651690  1     2.000E+00 0.000E+00 0.000E+00 0.000E+00 0.000E+00 0.000E+00
   1      1.000E+00 0.000E+00 0.000E+00 3.667E+00   0.000000 1.000E+00 1.000E+00
   1  651700  1     3.000E+00 0.000E+00 0.000E+00 0.000E+00 0.000E+00 0.000E+00
   1      1.000E+00 0.000E+00 0.000E+00 4.880E+00   0.000000 1.000E+00 1.000E+00
   1  651710  1     5.000E-01 0.000E+00 0.000E+00 0.000E+00 0.000E+00 0.000E+00
   1      1.000E+00 0.000E+00 0.000E+00 4.407E+00   0.000000 1.000E+00 1.000E+00
   1  661380  1     2.000E-01 0.000E+00 1.000E+00 0.000E+00 0.000E+00 0.000E+00
   1      0.000E+00 0.000E+00 0.000E+00 5.793E+00   0.000000 1.000E+00 1.000E+00
   1  661390  1     6.000E-01 0.000E+00 1.000E+00 0.000E+00 0.000E+00 0.000E+00
   1      0.000E+00 0.000E+00 0.000E+00 6.987E+00   0.000000 1.000E+00 1.000E+00
   1  661400  1     7.000E-01 0.000E+00 1.000E+00 0.000E+00 0.000E+00 0.000E+00
   1      0.000E+00 0.000E+00 0.000E+00 5.093E+00   0.000000 1.000E+00 1.000E+00
   1  661410  1     9.000E-01 0.000E+00 1.000E+00 5.000E-01 0.000E+00 0.000E+00
   1      0.000E+00 0.000E+00 0.000E+00 6.147E+00   0.000000 1.000E+00 1.000E+00
   1  661420  1     2.300E+00 0.000E+00 6.000E-04 5.000E-01 0.000E+00 0.000E+00
   1      0.000E+00 0.000E+00 0.000E+00 4.733E+00   0.000000 1.000E+00 1.000E+00
   1  661430  1     5.600E+00 0.000E+00 1.000E+00 1.000E+00 0.000E+00 0.000E+00
   1      0.000E+00 0.000E+00 0.000E+00 5.407E+00   0.000000 1.000E+00 1.000E+00
   1  661431  1     3.000E+00 0.000E+00 1.000E+00 0.000E+00 0.000E+00 0.000E+00
   1      0.000E+00 0.000E+00 0.000E+00 5.614E+00   0.000000 1.000E+00 1.000E+00
   1  661440  1     9.100E+00 0.000E+00 1.000E+00 0.000E+00 0.000E+00 0.000E+00
   1      0.000E+00 0.000E+00 0.000E+00 7.504E-02   0.000000 1.000E+00 1.000E+00
   1  661450  1     9.500E+00 0.000E+00 1.000E+00 0.000E+00 0.000E+00 0.000E+00
   1      0.000E+00 0.000E+00 0.000E+00 5.060E+00   0.000000 1.000E+00 1.000E+00
   1  661451  1     1.410E+01 0.000E+00 1.000E+00 6.460E-01 0.000E+00 0.000E+00
   1      0.000E+00 0.000E+00 0.000E+00 5.139E+00   0.000000 1.000E+00 1.000E+00
   1  661460  1     2.900E+01 0.000E+00 1.000E+00 0.000E+00 0.000E+00 0.000E+00
   1      0.000E+00 0.000E+00 0.000E+00 1.194E+00   0.000000 1.000E+00 1.000E+00
   1  661461  1     1.500E-01 0.000E+00 0.000E+00 0.000E+00 0.000E+00 1.000E+00
   1      0.000E+00 0.000E+00 0.000E+00 2.936E+00   0.000000 1.000E+00 1.000E+00
   1  661470  1     4.000E+01 0.000E+00 5.000E-04 0.000E+00 0.000E+00 0.000E+00
   1      0.000E+00 0.000E+00 0.000E+00 4.376E+00   0.000000 1.000E+00 1.000E+00
   1  661471  1     5.500E+01 0.000E+00 6.500E-01 1.000E+00 0.000E+00 3.500E-01
   1      0.000E+00 0.000E+00 0.000E+00 3.410E+00   0.000000 1.000E+00 1.000E+00
   1  661480  1     1.980E+02 0.000E+00 1.000E+00 0.000E+00 0.000E+00 0.000E+00
   1      0.000E+00 0.000E+00 0.000E+00 7.432E-01   0.000000 1.000E+00 1.000E+00
   1  661490  1     2.520E+02 0.000E+00 1.000E+00 0.000E+00 0.000E+00 0.000E+00
   1      0.000E+00 0.000E+00 0.000E+00 1.709E+00   0.000000 1.000E+00 1.000E+00
   1  661491  1     4.900E-01 0.000E+00 7.000E-03 1.000E+00 0.000E+00 9.930E-01
   1      0.000E+00 0.000E+00 0.000E+00 2.672E+00   0.000000 1.000E+00 1.000E+00
   1  661500  1     4.302E+02 0.000E+00 6.400E-01 0.000E+00 3.600E-01 0.000E+00
   1      0.000E+00 0.000E+00 0.000E+00 2.332E+00   0.000000 1.000E+00 1.000E+00
   1  661510  1     1.074E+03 0.000E+00 9.440E-01 3.160E-01 5.600E-02 0.000E+00
   1      0.000E+00 0.000E+00 0.000E+00 2.021E+00   0.000000 1.000E+00 1.000E+00
   1  661520  1     8.568E+03 0.000E+00 9.990E-01 0.000E+00 1.000E-03 0.000E+00
   1      0.000E+00 0.000E+00 0.000E+00 3.005E-01   0.000000 1.000E+00 1.000E+00
   1  661530  1     2.304E+04 0.000E+00 1.000E+00 0.000E+00 9.400E-05 0.000E+00
   1      0.000E+00 0.000E+00 0.000E+00 7.902E-01   0.000000 1.000E+00 1.000E+00
   1  661540  1     9.467E+13 0.000E+00 0.000E+00 0.000E+00 1.000E+00 0.000E+00
   1      0.000E+00 0.000E+00 0.000E+00 2.947E+00   0.000000 1.000E+00 1.000E+00
   1  661550  1     3.564E+04 0.000E+00 1.000E+00 0.000E+00 0.000E+00 0.000E+00
   1      0.000E+00 0.000E+00 0.000E+00 6.290E-01   0.000000 1.000E+00 1.000E+00
   1  661560  1     3.156E+25 0.000E+00 5.000E-01 0.000E+00 5.000E-01 0.000E+00
   1      0.000E+00 0.000E+00 0.000E+00 1.886E+00   0.060000 1.000E+00 1.000E+00
   1  661570  1     2.930E+04 0.000E+00 1.000E+00 0.000E+00 0.000E+00 0.000E+00
   1      0.000E+00 0.000E+00 0.000E+00 3.636E-01   0.000000 1.000E+00 1.000E+00
   1  661571  1     2.160E-02 0.000E+00 0.000E+00 0.000E+00 0.000E+00 1.000E+00
   1      0.000E+00 0.000E+00 0.000E+00 1.956E-01   0.000000 1.000E+00 1.000E+00
   1  661580  6     0.000E+00 0.000E+00 0.000E+00 0.000E+00 0.000E+00 0.000E+00
   1      0.000E+00 0.000E+00 0.000E+00 0.000E+00   0.100000 1.000E+00 1.000E+00
   1  661590  1     1.248E+07 0.000E+00 1.000E+00 0.000E+00 0.000E+00 0.000E+00
   1      0.000E+00 0.000E+00 0.000E+00 5.833E-02   0.000000 1.000E+00 1.000E+00
   1  661600  6     0.000E+00 0.000E+00 0.000E+00 0.000E+00 0.000E+00 0.000E+00
   1      0.000E+00 0.000E+00 0.000E+00 0.000E+00   2.340000 1.000E+00 1.000E+00
   1  661610  6     0.000E+00 0.000E+00 0.000E+00 0.000E+00 0.000E+00 0.000E+00
   1      0.000E+00 0.000E+00 0.000E+00 0.000E+00  18.900000 1.000E+00 1.000E+00
   1  661620  6     0.000E+00 0.000E+00 0.000E+00 0.000E+00 0.000E+00 0.000E+00
   1      0.000E+00 0.000E+00 0.000E+00 0.000E+00  25.500000 1.000E+00 1.000E+00
   1  661630  6     0.000E+00 0.000E+00 0.000E+00 0.000E+00 0.000E+00 0.000E+00
   1      0.000E+00 0.000E+00 0.000E+00 0.000E+00  24.900000 1.000E+00 1.000E+00
   1  661640  6     0.000E+00 0.000E+00 0.000E+00 0.000E+00 0.000E+00 0.000E+00
   1      0.000E+00 0.000E+00 0.000E+00 0.000E+00  28.200000 1.000E+00 1.000E+00
   1  661650  1     8.402E+03 0.000E+00 0.000E+00 0.000E+00 0.000E+00 0.000E+00
   1      1.000E+00 0.000E+00 0.000E+00 4.762E-01   0.000000 1.000E+00 1.000E+00
   1  661651  1     7.542E+01 0.000E+00 0.000E+00 0.000E+00 0.000E+00 9.776E-01
   1      2.240E-02 0.000E+00 0.000E+00 1.266E-01   0.000000 1.000E+00 1.000E+00
   1  661660  1     2.938E+05 0.000E+00 0.000E+00 0.000E+00 0.000E+00 0.000E+00
   1      1.000E+00 0.000E+00 0.000E+00 1.997E-01   0.000000 1.000E+00 1.000E+00
   1  661670  1     3.720E+02 0.000E+00 0.000E+00 0.000E+00 0.000E+00 0.000E+00
   1      1.000E+00 0.000E+00 0.000E+00 1.230E+00   0.000000 1.000E+00 1.000E+00
   1  661680  1     5.220E+02 0.000E+00 0.000E+00 0.000E+00 0.000E+00 0.000E+00
   1      1.000E+00 0.000E+00 0.000E+00 1.007E+00   0.000000 1.000E+00 1.000E+00
   1  661690  1     3.900E+01 0.000E+00 0.000E+00 0.000E+00 0.000E+00 0.000E+00
   1      1.000E+00 0.000E+00 0.000E+00 2.135E+00   0.000000 1.000E+00 1.000E+00
   1  661700  1     3.000E+01 1.000E+00 0.000E+00 0.000E+00 0.000E+00 0.000E+00
   1      1.000E+00 0.000E+00 0.000E+00 1.653E+00   0.000000 1.000E+00 1.000E+00
   1  661710  1     6.000E+00 0.000E+00 0.000E+00 0.000E+00 0.000E+00 0.000E+00
   1      1.000E+00 0.000E+00 0.000E+00 2.940E+00   0.000000 1.000E+00 1.000E+00
   1  661720  1     3.000E+00 0.000E+00 0.000E+00 0.000E+00 0.000E+00 0.000E+00
   1      1.000E+00 0.000E+00 0.000E+00 2.447E+00   0.000000 1.000E+00 1.000E+00
   1  661730  1     2.000E+00 0.000E+00 0.000E+00 0.000E+00 0.000E+00 0.000E+00
   1      1.000E+00 0.000E+00 0.000E+00 3.547E+00   0.000000 1.000E+00 1.000E+00
   1  671400  1     6.000E-03 0.000E+00 1.000E-02 0.000E+00 0.000E+00 0.000E+00
   1      0.000E+00 0.000E+00 0.000E+00 1.170E+00   0.000000 1.000E+00 1.000E+00
   1  671410  1     4.100E-03 0.000E+00 0.000E+00 0.000E+00 0.000E+00 0.000E+00
   1      0.000E+00 0.000E+00 0.000E+00 8.419E-03   0.000000 1.000E+00 1.000E+00
   1  671420  1     4.000E-01 0.000E+00 1.000E+00 0.000E+00 0.000E+00 0.000E+00
   1      0.000E+00 0.000E+00 0.000E+00 8.327E+00   0.000000 1.000E+00 1.000E+00
   1  671430  1     3.000E-01 0.000E+00 1.000E+00 1.000E+00 0.000E+00 0.000E+00
   1      0.000E+00 0.000E+00 0.000E+00 6.486E+00   0.000000 1.000E+00 1.000E+00
   1  671440  1     7.000E-01 0.000E+00 1.000E+00 0.000E+00 0.000E+00 0.000E+00
   1      0.000E+00 0.000E+00 0.000E+00 7.587E+00   0.000000 1.000E+00 1.000E+00
   1  671450  1     2.400E+00 0.000E+00 1.000E+00 1.000E+00 0.000E+00 0.000E+00
   1      0.000E+00 0.000E+00 0.000E+00 5.995E+00   0.000000 1.000E+00 1.000E+00
   1  671451  1     1.000E-01 0.000E+00 5.000E-01 0.000E+00 0.000E+00 5.000E-01
   1      0.000E+00 0.000E+00 0.000E+00 3.120E+00   0.000000 1.000E+00 1.000E+00
   1  671460  1     3.600E+00 0.000E+00 1.000E+00 1.000E+00 0.000E+00 0.000E+00
   1      0.000E+00 0.000E+00 0.000E+00 5.366E+00   0.000000 1.000E+00 1.000E+00
   1  671470  1     5.800E+00 0.000E+00 1.000E+00 1.000E+00 0.000E+00 0.000E+00
   1      0.000E+00 0.000E+00 0.000E+00 5.067E+00   0.000000 1.000E+00 1.000E+00
   1  671480  1     2.200E+00 0.000E+00 1.000E+00 0.000E+00 0.000E+00 0.000E+00
   1      0.000E+00 0.000E+00 0.000E+00 4.885E+00   0.000000 1.000E+00 1.000E+00
   1  671481  1     2.360E-03 0.000E+00 0.000E+00 0.000E+00 0.000E+00 1.000E+00
   1      0.000E+00 0.000E+00 0.000E+00 6.901E-01   0.000000 1.000E+00 1.000E+00
   1  671482  1     2.350E-03 0.000E+00 0.000E+00 0.000E+00 0.000E+00 0.000E+00
   1      0.000E+00 1.000E+00 0.000E+00 2.900E-01   0.000000 1.000E+00 1.000E+00
   1  671490  1     2.110E+01 0.000E+00 1.000E+00 0.000E+00 0.000E+00 0.000E+00
   1      0.000E+00 0.000E+00 0.000E+00 4.018E+00   0.000000 1.000E+00 1.000E+00
   1  671491  1     5.600E+01 0.000E+00 1.000E+00 0.000E+00 0.000E+00 0.000E+00
   1      0.000E+00 0.000E+00 0.000E+00 4.051E+00   0.000000 1.000E+00 1.000E+00
   1  671500  1     7.680E+01 0.000E+00 1.000E+00 0.000E+00 0.000E+00 0.000E+00
   1      0.000E+00 0.000E+00 0.000E+00 4.913E+00   0.000000 1.000E+00 1.000E+00
   1  671501  1     2.330E+01 0.000E+00 1.000E+00 0.000E+00 0.000E+00 0.000E+00
   1      0.000E+00 0.000E+00 0.000E+00 4.913E+00   0.000000 1.000E+00 1.000E+00
   1  671510  1     3.520E+01 0.000E+00 7.800E-01 0.000E+00 2.200E-01 0.000E+00
   1      0.000E+00 0.000E+00 0.000E+00 3.688E+00   0.000000 1.000E+00 1.000E+00
   1  671511  1     4.720E+01 0.000E+00 2.300E-01 0.000E+00 7.700E-01 0.000E+00
   1      0.000E+00 0.000E+00 0.000E+00 4.439E+00   0.000000 1.000E+00 1.000E+00
   1  671520  1     1.618E+02 0.000E+00 8.800E-01 0.000E+00 1.200E-01 0.000E+00
   1      0.000E+00 0.000E+00 0.000E+00 4.364E+00   0.000000 1.000E+00 1.000E+00
   1  671521  1     5.000E+01 0.000E+00 8.920E-01 0.000E+00 1.080E-01 0.000E+00
   1      0.000E+00 0.000E+00 0.000E+00 4.464E+00   0.000000 1.000E+00 1.000E+00
   1  671530  1     1.206E+02 0.000E+00 9.995E-01 0.000E+00 5.100E-04 0.000E+00
   1      0.000E+00 0.000E+00 0.000E+00 1.444E+00   0.000000 1.000E+00 1.000E+00
   1  671531  1     5.580E+02 0.000E+00 9.982E-01 0.000E+00 1.800E-03 0.000E+00
   1      0.000E+00 0.000E+00 0.000E+00 2.802E+00   0.000000 1.000E+00 1.000E+00
   1  671540  1     7.056E+02 0.000E+00 9.998E-01 0.000E+00 1.900E-04 0.000E+00
   1      0.000E+00 0.000E+00 0.000E+00 3.836E+00   0.000000 1.000E+00 1.000E+00
   1  671541  1     1.860E+02 0.000E+00 1.000E+00 0.000E+00 1.000E-05 0.000E+00
   1      0.000E+00 0.000E+00 0.000E+00 3.996E+00   0.000000 1.000E+00 1.000E+00
   1  671550  1     2.880E+03 0.000E+00 1.000E+00 0.000E+00 0.000E+00 0.000E+00
   1      0.000E+00 0.000E+00 0.000E+00 6.539E-01   0.000000 1.000E+00 1.000E+00
   1  671560  1     3.360E+03 0.000E+00 1.000E+00 0.000E+00 0.000E+00 0.000E+00
   1      0.000E+00 0.000E+00 0.000E+00 3.453E+00   0.000000 1.000E+00 1.000E+00
   1  671561  1     9.500E+00 0.000E+00 5.000E-01 0.000E+00 0.000E+00 5.000E-01
   1      0.000E+00 0.000E+00 0.000E+00 1.770E+00   0.000000 1.000E+00 1.000E+00
   1  671562  1     4.680E+02 0.000E+00 7.500E-01 0.000E+00 0.000E+00 2.500E-01
   1      0.000E+00 0.000E+00 0.000E+00 2.665E+00   0.000000 1.000E+00 1.000E+00
   1  671570  1     7.560E+02 0.000E+00 1.000E+00 5.000E-01 0.000E+00 0.000E+00
   1      0.000E+00 0.000E+00 0.000E+00 1.666E+00   0.000000 1.000E+00 1.000E+00
   1  671580  1     6.780E+02 0.000E+00 1.000E+00 0.000E+00 0.000E+00 0.000E+00
   1      0.000E+00 0.000E+00 0.000E+00 2.814E+00   0.000000 1.000E+00 1.000E+00
   1  671581  1     1.680E+03 0.000E+00 1.900E-01 0.000E+00 0.000E+00 8.100E-01
   1      0.000E+00 0.000E+00 0.000E+00 5.976E-01   0.000000 1.000E+00 1.000E+00
   1  671582  1     1.278E+03 0.000E+00 9.300E-01 0.000E+00 0.000E+00 7.000E-02
   1      0.000E+00 0.000E+00 0.000E+00 2.741E+00   0.000000 1.000E+00 1.000E+00
   1  671590  1     1.983E+03 0.000E+00 1.000E+00 0.000E+00 0.000E+00 0.000E+00
   1      0.000E+00 0.000E+00 0.000E+00 4.301E-01   0.000000 1.000E+00 1.000E+00
   1  671591  1     8.300E+00 0.000E+00 0.000E+00 0.000E+00 0.000E+00 1.000E+00
   1      0.000E+00 0.000E+00 0.000E+00 2.035E-01   0.000000 1.000E+00 1.000E+00
   1  671600  1     1.518E+03 0.000E+00 1.000E+00 0.000E+00 0.000E+00 0.000E+00
   1      0.000E+00 0.000E+00 0.000E+00 1.784E+00   0.000000 1.000E+00 1.000E+00
   1  671601  1     1.800E+04 0.000E+00 3.500E-01 0.000E+00 0.000E+00 6.500E-01
   1      0.000E+00 0.000E+00 0.000E+00 7.315E-01   0.000000 1.000E+00 1.000E+00
   1  671602  1     2.900E+00 0.000E+00 0.000E+00 0.000E+00 0.000E+00 1.000E+00
   1      0.000E+00 0.000E+00 0.000E+00 1.996E-01   0.000000 1.000E+00 1.000E+00
   1  671610  1     8.928E+03 0.000E+00 1.000E+00 0.000E+00 0.000E+00 0.000E+00
   1      0.000E+00 0.000E+00 0.000E+00 9.161E-02   0.000000 1.000E+00 1.000E+00
   1  671611  1     6.770E+00 0.000E+00 0.000E+00 0.000E+00 0.000E+00 1.000E+00
   1      0.000E+00 0.000E+00 0.000E+00 2.109E-01   0.000000 1.000E+00 1.000E+00
   1  671620  1     9.000E+02 0.000E+00 1.000E+00 0.000E+00 0.000E+00 0.000E+00
   1      0.000E+00 0.000E+00 0.000E+00 2.161E-01   0.000000 1.000E+00 1.000E+00
   1  671621  1     4.020E+03 0.000E+00 4.500E-01 0.000E+00 0.000E+00 5.500E-01
   1      0.000E+00 0.000E+00 0.000E+00 7.331E-01   0.000000 1.000E+00 1.000E+00
   1  671630  1     1.442E+11 0.000E+00 1.000E+00 0.000E+00 0.000E+00 0.000E+00
   1      0.000E+00 0.000E+00 0.000E+00 2.650E-03   0.000000 1.000E+00 1.000E+00
   1  671631  1     1.100E+00 0.000E+00 0.000E+00 0.000E+00 0.000E+00 1.000E+00
   1      0.000E+00 0.000E+00 0.000E+00 2.978E-01   0.000000 1.000E+00 1.000E+00
   1  671640  1     1.716E+03 0.000E+00 4.830E-01 0.000E+00 0.000E+00 0.000E+00
   1      5.170E-01 0.000E+00 0.000E+00 2.124E-01   0.000000 1.000E+00 1.000E+00
   1  671641  1     2.256E+03 0.000E+00 0.000E+00 0.000E+00 0.000E+00 1.000E+00
   1      0.000E+00 0.000E+00 0.000E+00 1.399E-01   0.000000 1.000E+00 1.000E+00
   1  671650  6     0.000E+00 0.000E+00 0.000E+00 0.000E+00 0.000E+00 0.000E+00
   1      0.000E+00 0.000E+00 0.000E+00 0.000E+00 100.000000 1.000E+00 1.000E+00
   1  671660  1     9.646E+04 0.000E+00 0.000E+00 0.000E+00 0.000E+00 0.000E+00
   1      1.000E+00 0.000E+00 0.000E+00 6.870E-01   0.000000 1.000E+00 1.000E+00
   1  671661  1     3.575E+10 0.000E+00 0.000E+00 0.000E+00 0.000E+00 0.000E+00
   1      1.000E+00 0.000E+00 0.000E+00 1.758E+00   0.000000 1.000E+00 1.000E+00
   1  671670  1     1.116E+04 1.195E-01 0.000E+00 0.000E+00 0.000E+00 0.000E+00
   1      1.000E+00 0.000E+00 0.000E+00 5.899E-01   0.000000 1.000E+00 1.000E+00
   1  671680  1     1.794E+02 0.000E+00 0.000E+00 0.000E+00 0.000E+00 0.000E+00
   1      1.000E+00 0.000E+00 0.000E+00 1.664E+00   0.000000 1.000E+00 1.000E+00
   1  671681  1     1.320E+02 0.000E+00 0.000E+00 0.000E+00 0.000E+00 9.950E-01
   1      5.000E-03 0.000E+00 0.000E+00 6.866E-02   0.000000 1.000E+00 1.000E+00
   1  671690  1     2.820E+02 0.000E+00 0.000E+00 0.000E+00 0.000E+00 0.000E+00
   1      1.000E+00 0.000E+00 0.000E+00 1.417E+00   0.000000 1.000E+00 1.000E+00
   1  671700  1     1.668E+02 0.000E+00 0.000E+00 0.000E+00 0.000E+00 0.000E+00
   1      1.000E+00 0.000E+00 0.000E+00 2.671E+00   0.000000 1.000E+00 1.000E+00
   1  671701  1     4.300E+01 0.000E+00 0.000E+00 0.000E+00 0.000E+00 0.000E+00
   1      1.000E+00 0.000E+00 0.000E+00 2.045E+00   0.000000 1.000E+00 1.000E+00
   1  671710  1     5.300E+01 0.000E+00 0.000E+00 0.000E+00 0.000E+00 0.000E+00
   1      1.000E+00 0.000E+00 0.000E+00 2.137E+00   0.000000 1.000E+00 1.000E+00
   1  671720  1     2.500E+01 0.000E+00 0.000E+00 0.000E+00 0.000E+00 0.000E+00
   1      1.000E+00 0.000E+00 0.000E+00 3.393E+00   0.000000 1.000E+00 1.000E+00
   1  671730  1     1.000E+01 0.000E+00 0.000E+00 0.000E+00 0.000E+00 0.000E+00
   1      1.000E+00 0.000E+00 0.000E+00 3.033E+00   0.000000 1.000E+00 1.000E+00
   1  671740  1     8.000E+00 0.000E+00 0.000E+00 0.000E+00 0.000E+00 0.000E+00
   1      1.000E+00 0.000E+00 0.000E+00 4.300E+00   0.000000 1.000E+00 1.000E+00
   1  671750  1     5.000E+00 0.000E+00 0.000E+00 0.000E+00 0.000E+00 0.000E+00
   1      1.000E+00 0.000E+00 0.000E+00 3.900E+00   0.000000 1.000E+00 1.000E+00
   1  681430  1     2.000E-01 0.000E+00 1.000E+00 0.000E+00 0.000E+00 0.000E+00
   1      0.000E+00 0.000E+00 0.000E+00 7.287E+00   0.000000 1.000E+00 1.000E+00
   1  681440  1     4.000E-01 0.000E+00 1.000E+00 0.000E+00 0.000E+00 0.000E+00
   1      0.000E+00 0.000E+00 0.000E+00 5.527E+00   0.000000 1.000E+00 1.000E+00
   1  681450  1     9.000E-01 0.000E+00 1.000E+00 1.000E+00 0.000E+00 0.000E+00
   1      0.000E+00 0.000E+00 0.000E+00 6.260E+00   0.000000 1.000E+00 1.000E+00
   1  681460  1     1.700E+00 0.000E+00 1.000E+00 0.000E+00 0.000E+00 0.000E+00
   1      0.000E+00 0.000E+00 0.000E+00 4.573E+00   0.000000 1.000E+00 1.000E+00
   1  681470  1     2.500E+00 0.000E+00 1.000E+00 0.000E+00 0.000E+00 0.000E+00
   1      0.000E+00 0.000E+00 0.000E+00 5.858E+00   0.000000 1.000E+00 1.000E+00
   1  681471  1     2.500E+00 0.000E+00 1.000E+00 0.000E+00 0.000E+00 0.000E+00
   1      0.000E+00 0.000E+00 0.000E+00 5.925E+00   0.000000 1.000E+00 1.000E+00
   1  681480  1     4.600E+00 0.000E+00 1.500E-03 5.000E-01 0.000E+00 0.000E+00
   1      0.000E+00 0.000E+00 0.000E+00 4.246E+00   0.000000 1.000E+00 1.000E+00
   1  681490  1     4.000E+00 0.000E+00 1.000E+00 9.300E-01 0.000E+00 0.000E+00
   1      0.000E+00 0.000E+00 0.000E+00 5.255E+00   0.000000 1.000E+00 1.000E+00
   1  681491  1     8.900E+00 0.000E+00 1.800E-03 0.000E+00 0.000E+00 3.500E-02
   1      0.000E+00 0.000E+00 0.000E+00 5.615E+00   0.000000 1.000E+00 1.000E+00
   1  681500  1     1.850E+01 0.000E+00 1.000E+00 0.000E+00 0.000E+00 0.000E+00
   1      0.000E+00 0.000E+00 0.000E+00 2.743E+00   0.000000 1.000E+00 1.000E+00
   1  681510  1     2.350E+01 0.000E+00 1.000E+00 0.000E+00 0.000E+00 0.000E+00
   1      0.000E+00 0.000E+00 0.000E+00 2.508E+00   0.000000 1.000E+00 1.000E+00
   1  681511  1     5.800E-01 0.000E+00 4.700E-02 0.000E+00 0.000E+00 9.530E-01
   1      0.000E+00 0.000E+00 0.000E+00 2.713E+00   0.000000 1.000E+00 1.000E+00
   1  681520  1     1.030E+01 0.000E+00 1.000E-01 0.000E+00 9.100E-01 0.000E+00
   1      0.000E+00 0.000E+00 0.000E+00 4.550E+00   0.000000 1.000E+00 1.000E+00
   1  681530  1     3.710E+01 0.000E+00 4.700E-01 0.000E+00 5.300E-01 0.000E+00
   1      0.000E+00 0.000E+00 0.000E+00 2.868E+00   0.000000 1.000E+00 1.000E+00
   1  681540  1     2.238E+02 0.000E+00 9.953E-01 0.000E+00 4.700E-03 0.000E+00
   1      0.000E+00 0.000E+00 0.000E+00 1.274E-01   0.000000 1.000E+00 1.000E+00
   1  681550  1     3.180E+02 0.000E+00 9.998E-01 0.000E+00 2.200E-04 0.000E+00
   1      0.000E+00 0.000E+00 0.000E+00 2.550E+00   0.000000 1.000E+00 1.000E+00
   1  681560  1     1.170E+03 0.000E+00 1.000E+00 9.541E-01 0.000E+00 0.000E+00
   1      0.000E+00 0.000E+00 0.000E+00 1.270E-01   0.000000 1.000E+00 1.000E+00
   1  681570  1     1.119E+03 0.000E+00 1.000E+00 0.000E+00 0.000E+00 0.000E+00
   1      0.000E+00 0.000E+00 0.000E+00 2.273E+00   0.000000 1.000E+00 1.000E+00
   1  681571  1     7.600E-02 0.000E+00 0.000E+00 0.000E+00 0.000E+00 1.000E+00
   1      0.000E+00 0.000E+00 0.000E+00 1.554E-01   0.000000 1.000E+00 1.000E+00
   1  681580  1     8.244E+03 0.000E+00 1.000E+00 1.000E+00 0.000E+00 0.000E+00
   1      0.000E+00 0.000E+00 0.000E+00 1.230E-01   0.000000 1.000E+00 1.000E+00
   1  681590  1     2.160E+03 0.000E+00 1.000E+00 2.358E-01 0.000E+00 0.000E+00
   1      0.000E+00 0.000E+00 0.000E+00 8.088E-01   0.000000 1.000E+00 1.000E+00
   1  681600  1     1.029E+05 0.000E+00 1.000E+00 1.000E+00 0.000E+00 0.000E+00
   1      0.000E+00 0.000E+00 0.000E+00 4.050E-02   0.000000 1.000E+00 1.000E+00
   1  681610  1     1.156E+04 0.000E+00 1.000E+00 2.660E-01 0.000E+00 0.000E+00
   1      0.000E+00 0.000E+00 0.000E+00 1.292E+00   0.000000 1.000E+00 1.000E+00
   1  681620  1     4.418E+21 0.000E+00 5.000E-01 0.000E+00 5.000E-01 0.000E+00
   1      0.000E+00 0.000E+00 0.000E+00 1.744E+00   0.140000 1.000E+00 1.000E+00
   1  681630  1     4.500E+03 0.000E+00 1.000E+00 1.529E-04 0.000E+00 0.000E+00
   1      0.000E+00 0.000E+00 0.000E+00 4.546E-02   0.000000 1.000E+00 1.000E+00
   1  681640  6     0.000E+00 0.000E+00 0.000E+00 0.000E+00 0.000E+00 0.000E+00
   1      0.000E+00 0.000E+00 0.000E+00 0.000E+00   1.610000 1.000E+00 1.000E+00
   1  681650  1     3.730E+04 0.000E+00 1.000E+00 0.000E+00 0.000E+00 0.000E+00
   1      0.000E+00 0.000E+00 0.000E+00 4.301E-02   0.000000 1.000E+00 1.000E+00
   1  681660  6     0.000E+00 0.000E+00 0.000E+00 0.000E+00 0.000E+00 0.000E+00
   1      0.000E+00 0.000E+00 0.000E+00 0.000E+00  33.600000 1.000E+00 1.000E+00
   1  681670  6     0.000E+00 0.000E+00 0.000E+00 0.000E+00 0.000E+00 0.000E+00
   1      0.000E+00 0.000E+00 0.000E+00 0.000E+00  22.950000 1.000E+00 1.000E+00
   1  681671  1     2.270E+00 0.000E+00 0.000E+00 0.000E+00 0.000E+00 1.000E+00
   1      0.000E+00 0.000E+00 0.000E+00 2.076E-01   0.000000 1.000E+00 1.000E+00
   1  681680  6     0.000E+00 0.000E+00 0.000E+00 0.000E+00 0.000E+00 0.000E+00
   1      0.000E+00 0.000E+00 0.000E+00 0.000E+00  26.800000 1.000E+00 1.000E+00
   1  681690  1     8.104E+05 0.000E+00 0.000E+00 0.000E+00 0.000E+00 0.000E+00
   1      1.000E+00 0.000E+00 0.000E+00 1.032E-01   0.000000 1.000E+00 1.000E+00
   1  681700  6     0.000E+00 0.000E+00 0.000E+00 0.000E+00 0.000E+00 0.000E+00
   1      0.000E+00 0.000E+00 0.000E+00 0.000E+00  14.900000 1.000E+00 1.000E+00
   1  681710  1     2.706E+04 0.000E+00 0.000E+00 0.000E+00 0.000E+00 0.000E+00
   1      1.000E+00 0.000E+00 0.000E+00 7.890E-01   0.000000 1.000E+00 1.000E+00
   1  681720  1     1.775E+05 0.000E+00 0.000E+00 0.000E+00 0.000E+00 0.000E+00
   1      1.000E+00 0.000E+00 0.000E+00 6.444E-01   0.000000 1.000E+00 1.000E+00
   1  681730  1     8.400E+01 0.000E+00 0.000E+00 0.000E+00 0.000E+00 0.000E+00
   1      1.000E+00 0.000E+00 0.000E+00 1.528E+00   0.000000 1.000E+00 1.000E+00
   1  681740  1     1.920E+02 0.000E+00 0.000E+00 0.000E+00 0.000E+00 0.000E+00
   1      1.000E+00 0.000E+00 0.000E+00 1.280E+00   0.000000 1.000E+00 1.000E+00
   1  681750  1     7.200E+01 0.000E+00 0.000E+00 0.000E+00 0.000E+00 0.000E+00
   1      1.000E+00 0.000E+00 0.000E+00 2.447E+00   0.000000 1.000E+00 1.000E+00
   1  681760  1     2.000E+01 0.000E+00 0.000E+00 0.000E+00 0.000E+00 0.000E+00
   1      1.000E+00 0.000E+00 0.000E+00 1.913E+00   0.000000 1.000E+00 1.000E+00
   1  681770  1     3.000E+00 0.000E+00 0.000E+00 0.000E+00 0.000E+00 0.000E+00
   1      1.000E+00 0.000E+00 0.000E+00 3.113E+00   0.000000 1.000E+00 1.000E+00
   1  691450  1     3.100E-06 0.000E+00 0.000E+00 0.000E+00 0.000E+00 0.000E+00
   1      0.000E+00 0.000E+00 0.000E+00 1.741E+00   0.000000 1.000E+00 1.000E+00
   1  691460  1     2.400E-01 0.000E+00 0.000E+00 0.000E+00 0.000E+00 0.000E+00
   1      0.000E+00 0.000E+00 0.000E+00 1.121E+00   0.000000 1.000E+00 1.000E+00
   1  691461  1     7.200E-02 0.000E+00 1.600E-01 0.000E+00 0.000E+00 0.000E+00
   1      0.000E+00 0.000E+00 0.000E+00 2.441E+00   0.000000 1.000E+00 1.000E+00
   1  691470  1     5.800E-01 0.000E+00 8.500E-01 1.000E+00 0.000E+00 0.000E+00
   1      0.000E+00 0.000E+00 0.000E+00 6.153E+00   0.000000 1.000E+00 1.000E+00
   1  691480  1     7.000E-01 0.000E+00 1.000E+00 0.000E+00 0.000E+00 0.000E+00
   1      0.000E+00 0.000E+00 0.000E+00 8.253E+00   0.000000 1.000E+00 1.000E+00
   1  691490  1     9.000E-01 0.000E+00 2.600E-03 6.660E-01 0.000E+00 0.000E+00
   1      0.000E+00 0.000E+00 0.000E+00 5.970E+00   0.000000 1.000E+00 1.000E+00
   1  691500  1     3.000E+00 0.000E+00 1.000E+00 0.000E+00 0.000E+00 0.000E+00
   1      0.000E+00 0.000E+00 0.000E+00 7.482E+00   0.000000 1.000E+00 1.000E+00
   1  691501  1     2.200E+00 0.000E+00 1.200E-02 5.000E-01 0.000E+00 0.000E+00
   1      0.000E+00 0.000E+00 0.000E+00 7.556E+00   0.000000 1.000E+00 1.000E+00
   1  691502  1     5.200E-03 0.000E+00 0.000E+00 0.000E+00 0.000E+00 0.000E+00
   1      0.000E+00 1.000E+00 0.000E+00 6.700E-01   0.000000 1.000E+00 1.000E+00
   1  691510  1     4.170E+00 0.000E+00 1.000E+00 0.000E+00 0.000E+00 0.000E+00
   1      0.000E+00 0.000E+00 0.000E+00 4.216E+00   0.000000 1.000E+00 1.000E+00
   1  691511  1     6.600E+00 0.000E+00 1.000E+00 0.000E+00 0.000E+00 0.000E+00
   1      0.000E+00 0.000E+00 0.000E+00 4.392E+00   0.000000 1.000E+00 1.000E+00
   1  691520  1     8.000E+00 0.000E+00 1.000E+00 0.000E+00 0.000E+00 0.000E+00
   1      0.000E+00 0.000E+00 0.000E+00 5.820E+00   0.000000 1.000E+00 1.000E+00
   1  691521  1     5.200E+00 0.000E+00 1.000E+00 0.000E+00 0.000E+00 0.000E+00
   1      0.000E+00 0.000E+00 0.000E+00 5.887E+00   0.000000 1.000E+00 1.000E+00
   1  691530  1     1.480E+00 0.000E+00 9.000E-02 0.000E+00 9.100E-01 0.000E+00
   1      0.000E+00 0.000E+00 0.000E+00 5.053E+00   0.000000 1.000E+00 1.000E+00
   1  691531  1     2.500E+00 0.000E+00 8.000E-02 0.000E+00 9.200E-01 0.000E+00
   1      0.000E+00 0.000E+00 0.000E+00 5.171E+00   0.000000 1.000E+00 1.000E+00
   1  691540  1     8.100E+00 0.000E+00 4.600E-01 0.000E+00 5.400E-01 0.000E+00
   1      0.000E+00 0.000E+00 0.000E+00 5.260E+00   0.000000 1.000E+00 1.000E+00
   1  691541  1     3.300E+00 0.000E+00 4.200E-01 0.000E+00 5.800E-01 0.000E+00
   1      0.000E+00 0.000E+00 0.000E+00 5.306E+00   0.000000 1.000E+00 1.000E+00
   1  691550  1     2.160E+01 0.000E+00 9.910E-01 0.000E+00 9.000E-03 0.000E+00
   1      0.000E+00 0.000E+00 0.000E+00 3.728E+00   0.000000 1.000E+00 1.000E+00
   1  691551  1     4.500E+01 0.000E+00 9.800E-01 0.000E+00 2.000E-02 0.000E+00
   1      0.000E+00 0.000E+00 0.000E+00 3.764E+00   0.000000 1.000E+00 1.000E+00
   1  691560  1     8.380E+01 0.000E+00 9.994E-01 0.000E+00 6.400E-04 0.000E+00
   1      0.000E+00 0.000E+00 0.000E+00 4.915E+00   0.000000 1.000E+00 1.000E+00
   1  691570  1     2.178E+02 0.000E+00 1.000E+00 0.000E+00 0.000E+00 0.000E+00
   1      0.000E+00 0.000E+00 0.000E+00 3.141E+00   0.000000 1.000E+00 1.000E+00
   1  691580  1     2.388E+02 0.000E+00 1.000E+00 0.000E+00 0.000E+00 0.000E+00
   1      0.000E+00 0.000E+00 0.000E+00 3.112E+00   0.000000 1.000E+00 1.000E+00
   1  691590  1     5.478E+02 0.000E+00 1.000E+00 0.000E+00 0.000E+00 0.000E+00
   1      0.000E+00 0.000E+00 0.000E+00 2.665E+00   0.000000 1.000E+00 1.000E+00
   1  691600  1     5.640E+02 0.000E+00 1.000E+00 0.000E+00 0.000E+00 0.000E+00
   1      0.000E+00 0.000E+00 0.000E+00 3.839E+00   0.000000 1.000E+00 1.000E+00
   1  691601  1     7.450E+01 0.000E+00 1.500E-01 0.000E+00 0.000E+00 8.500E-01
   1      0.000E+00 0.000E+00 0.000E+00 6.423E-01   0.000000 1.000E+00 1.000E+00
   1  691610  1     1.812E+03 0.000E+00 1.000E+00 0.000E+00 0.000E+00 0.000E+00
   1      0.000E+00 0.000E+00 0.000E+00 2.207E+00   0.000000 1.000E+00 1.000E+00
   1  691611  1     3.000E+02 0.000E+00 5.000E-01 0.000E+00 0.000E+00 5.000E-01
   1      0.000E+00 0.000E+00 0.000E+00 1.110E+00   0.000000 1.000E+00 1.000E+00
   1  691620  1     1.302E+03 0.000E+00 1.000E+00 0.000E+00 0.000E+00 0.000E+00
   1      0.000E+00 0.000E+00 0.000E+00 3.239E+00   0.000000 1.000E+00 1.000E+00
   1  691621  1     2.430E+01 0.000E+00 1.800E-01 0.000E+00 0.000E+00 8.200E-01
   1      0.000E+00 0.000E+00 0.000E+00 7.053E-01   0.000000 1.000E+00 1.000E+00
   1  691630  1     6.516E+03 0.000E+00 1.000E+00 0.000E+00 0.000E+00 0.000E+00
   1      0.000E+00 0.000E+00 0.000E+00 1.626E+00   0.000000 1.000E+00 1.000E+00
   1  691640  1     1.200E+02 0.000E+00 1.000E+00 0.000E+00 0.000E+00 0.000E+00
   1      0.000E+00 0.000E+00 0.000E+00 1.262E+00   0.000000 1.000E+00 1.000E+00
   1  691641  1     3.060E+02 0.000E+00 2.000E-01 0.000E+00 0.000E+00 8.000E-01
   1      0.000E+00 0.000E+00 0.000E+00 5.509E-01   0.000000 1.000E+00 1.000E+00
   1  691650  1     1.082E+05 0.000E+00 1.000E+00 0.000E+00 0.000E+00 0.000E+00
   1      0.000E+00 0.000E+00 0.000E+00 6.024E-01   0.000000 1.000E+00 1.000E+00
   1  691660  1     2.772E+04 0.000E+00 1.000E+00 0.000E+00 0.000E+00 0.000E+00
   1      0.000E+00 0.000E+00 0.000E+00 2.058E+00   0.000000 1.000E+00 1.000E+00
   1  691661  1     3.400E-01 0.000E+00 0.000E+00 0.000E+00 0.000E+00 1.000E+00
   1      0.000E+00 0.000E+00 0.000E+00 1.220E-01   0.000000 1.000E+00 1.000E+00
   1  691670  1     7.992E+05 0.000E+00 1.000E+00 9.825E-01 0.000E+00 0.000E+00
   1      0.000E+00 0.000E+00 0.000E+00 7.277E-02   0.000000 1.000E+00 1.000E+00
   1  691680  1     7.776E+06 0.000E+00 9.999E-01 0.000E+00 0.000E+00 0.000E+00
   1      1.000E-04 0.000E+00 0.000E+00 1.294E+00   0.000000 1.000E+00 1.000E+00
   1  691690  6     0.000E+00 0.000E+00 0.000E+00 0.000E+00 0.000E+00 0.000E+00
   1      0.000E+00 0.000E+00 0.000E+00 0.000E+00 100.000000 1.000E+00 1.000E+00
   1  691700  1     1.111E+07 0.000E+00 1.310E-03 0.000E+00 0.000E+00 0.000E+00
   1      9.987E-01 0.000E+00 0.000E+00 3.317E-01   0.000000 1.000E+00 1.000E+00
   1  691710  1     6.048E+07 0.000E+00 0.000E+00 0.000E+00 0.000E+00 0.000E+00
   1      1.000E+00 0.000E+00 0.000E+00 2.624E-02   0.000000 1.000E+00 1.000E+00
   1  691720  1     2.290E+05 0.000E+00 0.000E+00 0.000E+00 0.000E+00 0.000E+00
   1      1.000E+00 0.000E+00 0.000E+00 1.008E+00   0.000000 1.000E+00 1.000E+00
   1  691730  1     2.966E+04 0.000E+00 0.000E+00 0.000E+00 0.000E+00 0.000E+00
   1      1.000E+00 0.000E+00 0.000E+00 6.981E-01   0.000000 1.000E+00 1.000E+00
   1  691740  1     3.240E+02 0.000E+00 0.000E+00 0.000E+00 0.000E+00 0.000E+00
   1      1.000E+00 0.000E+00 0.000E+00 2.293E+00   0.000000 1.000E+00 1.000E+00
   1  691750  1     9.120E+02 7.700E-01 0.000E+00 0.000E+00 0.000E+00 0.000E+00
   1      1.000E+00 0.000E+00 0.000E+00 1.323E+00   0.000000 1.000E+00 1.000E+00
   1  691760  1     1.110E+02 5.000E-01 0.000E+00 0.000E+00 0.000E+00 0.000E+00
   1      1.000E+00 0.000E+00 0.000E+00 2.399E+00   0.000000 1.000E+00 1.000E+00
   1  691770  1     9.000E+01 1.000E+00 0.000E+00 0.000E+00 0.000E+00 0.000E+00
   1      1.000E+00 0.000E+00 0.000E+00 2.125E+00   0.000000 1.000E+00 1.000E+00
   1  691780  1     3.000E+01 0.000E+00 0.000E+00 0.000E+00 0.000E+00 0.000E+00
   1      1.000E+00 0.000E+00 0.000E+00 3.719E+00   0.000000 1.000E+00 1.000E+00
   1  691790  1     2.000E+01 0.000E+00 0.000E+00 0.000E+00 0.000E+00 0.000E+00
   1      1.000E+00 0.000E+00 0.000E+00 3.213E+00   0.000000 1.000E+00 1.000E+00
   1  701480  1     2.500E-01 0.000E+00 1.000E+00 0.000E+00 0.000E+00 0.000E+00
   1      0.000E+00 0.000E+00 0.000E+00 5.947E+00   0.000000 1.000E+00 1.000E+00
   1  701490  1     7.000E-01 0.000E+00 1.000E+00 0.000E+00 0.000E+00 0.000E+00
   1      0.000E+00 0.000E+00 0.000E+00 7.027E+00   0.000000 1.000E+00 1.000E+00
   1  701500  1     7.000E-01 0.000E+00 1.000E+00 0.000E+00 0.000E+00 0.000E+00
   1      0.000E+00 0.000E+00 0.000E+00 5.253E+00   0.000000 1.000E+00 1.000E+00
   1  701510  1     1.600E+00 0.000E+00 1.000E+00 1.000E+00 0.000E+00 0.000E+00
   1      0.000E+00 0.000E+00 0.000E+00 6.100E+00   0.000000 1.000E+00 1.000E+00
   1  701511  1     1.600E+00 0.000E+00 9.960E-01 0.000E+00 0.000E+00 4.000E-03
   1      0.000E+00 0.000E+00 0.000E+00 6.638E+00   0.000000 1.000E+00 1.000E+00
   1  701520  1     3.040E+00 0.000E+00 1.000E+00 0.000E+00 0.000E+00 0.000E+00
   1      0.000E+00 0.000E+00 0.000E+00 2.370E+00   0.000000 1.000E+00 1.000E+00
   1  701530  1     4.200E+00 0.000E+00 2.500E-01 9.997E-01 5.000E-01 0.000E+00
   1      0.000E+00 0.000E+00 0.000E+00 4.254E+00   0.000000 1.000E+00 1.000E+00
   1  701540  1     4.090E-01 0.000E+00 7.400E-02 0.000E+00 9.260E-01 0.000E+00
   1      0.000E+00 0.000E+00 0.000E+00 5.291E+00   0.000000 1.000E+00 1.000E+00
   1  701550  1     1.793E+00 0.000E+00 1.100E-01 5.000E-01 8.900E-01 0.000E+00
   1      0.000E+00 0.000E+00 0.000E+00 5.199E+00   0.000000 1.000E+00 1.000E+00
   1  701560  1     2.610E+01 0.000E+00 9.000E-01 0.000E+00 1.000E-01 0.000E+00
   1      0.000E+00 0.000E+00 0.000E+00 2.627E+00   0.000000 1.000E+00 1.000E+00
   1  701570  1     3.860E+01 0.000E+00 9.950E-01 0.000E+00 5.000E-03 0.000E+00
   1      0.000E+00 0.000E+00 0.000E+00 3.517E+00   0.000000 1.000E+00 1.000E+00
   1  701580  1     8.940E+01 0.000E+00 1.000E+00 0.000E+00 2.100E-05 0.000E+00
   1      0.000E+00 0.000E+00 0.000E+00 1.792E+00   0.000000 1.000E+00 1.000E+00
   1  701590  1     1.032E+02 0.000E+00 1.000E+00 0.000E+00 0.000E+00 0.000E+00
   1      0.000E+00 0.000E+00 0.000E+00 3.151E+00   0.000000 1.000E+00 1.000E+00
   1  701600  1     2.880E+02 0.000E+00 1.000E+00 0.000E+00 0.000E+00 0.000E+00
   1      0.000E+00 0.000E+00 0.000E+00 3.136E-01   0.000000 1.000E+00 1.000E+00
   1  701610  1     2.520E+02 0.000E+00 1.000E+00 1.000E+00 0.000E+00 0.000E+00
   1      0.000E+00 0.000E+00 0.000E+00 2.698E+00   0.000000 1.000E+00 1.000E+00
   1  701620  1     1.132E+03 0.000E+00 1.000E+00 0.000E+00 0.000E+00 0.000E+00
   1      0.000E+00 0.000E+00 0.000E+00 2.676E-01   0.000000 1.000E+00 1.000E+00
   1  701630  1     6.630E+02 0.000E+00 1.000E+00 0.000E+00 0.000E+00 0.000E+00
   1      0.000E+00 0.000E+00 0.000E+00 2.287E+00   0.000000 1.000E+00 1.000E+00
   1  701640  1     4.548E+03 0.000E+00 1.000E+00 0.000E+00 0.000E+00 0.000E+00
   1      0.000E+00 0.000E+00 0.000E+00 5.815E-02   0.000000 1.000E+00 1.000E+00
   1  701650  1     5.940E+02 0.000E+00 1.000E+00 0.000E+00 0.000E+00 0.000E+00
   1      0.000E+00 0.000E+00 0.000E+00 1.766E+00   0.000000 1.000E+00 1.000E+00
   1  701660  1     2.041E+05 0.000E+00 1.000E+00 1.000E+00 0.000E+00 0.000E+00
   1      0.000E+00 0.000E+00 0.000E+00 2.760E-02   0.000000 1.000E+00 1.000E+00
   1  701670  1     1.050E+03 0.000E+00 1.000E+00 0.000E+00 0.000E+00 0.000E+00
   1      0.000E+00 0.000E+00 0.000E+00 1.303E+00   0.000000 1.000E+00 1.000E+00
   1  701680  1     4.102E+21 0.000E+00 5.000E-01 0.000E+00 5.000E-01 0.000E+00
   1      0.000E+00 0.000E+00 0.000E+00 1.686E+00   0.130000 1.000E+00 1.000E+00
   1  701690  1     2.766E+06 0.000E+00 1.000E+00 0.000E+00 0.000E+00 0.000E+00
   1      0.000E+00 0.000E+00 0.000E+00 4.250E-01   0.000000 1.000E+00 1.000E+00
   1  701691  1     4.600E+01 0.000E+00 0.000E+00 0.000E+00 0.000E+00 1.000E+00
   1      0.000E+00 0.000E+00 0.000E+00 2.420E-02   0.000000 1.000E+00 1.000E+00
   1  701700  6     0.000E+00 0.000E+00 0.000E+00 0.000E+00 0.000E+00 0.000E+00
   1      0.000E+00 0.000E+00 0.000E+00 0.000E+00   3.050000 1.000E+00 1.000E+00
   1  701710  6     0.000E+00 0.000E+00 0.000E+00 0.000E+00 0.000E+00 0.000E+00
   1      0.000E+00 0.000E+00 0.000E+00 0.000E+00  14.300000 1.000E+00 1.000E+00
   1  701711  1     5.250E-03 0.000E+00 0.000E+00 0.000E+00 0.000E+00 1.000E+00
   1      0.000E+00 0.000E+00 0.000E+00 9.528E-02   0.000000 1.000E+00 1.000E+00
   1  701720  6     0.000E+00 0.000E+00 0.000E+00 0.000E+00 0.000E+00 0.000E+00
   1      0.000E+00 0.000E+00 0.000E+00 0.000E+00  21.900000 1.000E+00 1.000E+00
   1  701730  6     0.000E+00 0.000E+00 0.000E+00 0.000E+00 0.000E+00 0.000E+00
   1      0.000E+00 0.000E+00 0.000E+00 0.000E+00  16.120000 1.000E+00 1.000E+00
   1  701740  6     0.000E+00 0.000E+00 0.000E+00 0.000E+00 0.000E+00 0.000E+00
   1      0.000E+00 0.000E+00 0.000E+00 0.000E+00  31.800000 1.000E+00 1.000E+00
   1  701750  1     3.616E+05 0.000E+00 0.000E+00 0.000E+00 0.000E+00 0.000E+00
   1      1.000E+00 0.000E+00 0.000E+00 2.016E-01   0.000000 1.000E+00 1.000E+00
   1  701751  1     6.820E-02 0.000E+00 0.000E+00 0.000E+00 0.000E+00 1.000E+00
   1      0.000E+00 0.000E+00 0.000E+00 5.149E-01   0.000000 1.000E+00 1.000E+00
   1  701760  6     0.000E+00 0.000E+00 0.000E+00 0.000E+00 0.000E+00 0.000E+00
   1      0.000E+00 0.000E+00 0.000E+00 0.000E+00  12.700000 1.000E+00 1.000E+00
   1  701761  1     1.140E+01 0.000E+00 0.000E+00 0.000E+00 0.000E+00 1.000E+00
   1      0.000E+00 0.000E+00 0.000E+00 1.050E+00   0.000000 1.000E+00 1.000E+00
   1  701770  1     6.880E+03 0.000E+00 0.000E+00 0.000E+00 0.000E+00 0.000E+00
   1      1.000E+00 0.000E+00 0.000E+00 6.251E-01   0.000000 1.000E+00 1.000E+00
   1  701771  1     6.410E+00 0.000E+00 0.000E+00 0.000E+00 0.000E+00 1.000E+00
   1      0.000E+00 0.000E+00 0.000E+00 3.282E-01   0.000000 1.000E+00 1.000E+00
   1  701780  1     4.440E+03 0.000E+00 0.000E+00 0.000E+00 0.000E+00 0.000E+00
   1      1.000E+00 0.000E+00 0.000E+00 4.300E-01   0.000000 1.000E+00 1.000E+00
   1  701790  1     4.800E+02 1.000E+00 0.000E+00 0.000E+00 0.000E+00 0.000E+00
   1      1.000E+00 0.000E+00 0.000E+00 1.368E+00   0.000000 1.000E+00 1.000E+00
   1  701800  1     1.440E+02 1.000E+00 0.000E+00 0.000E+00 0.000E+00 0.000E+00
   1      1.000E+00 0.000E+00 0.000E+00 1.517E+00   0.000000 1.000E+00 1.000E+00
   1  701810  1     6.000E+01 0.000E+00 0.000E+00 0.000E+00 0.000E+00 0.000E+00
   1      1.000E+00 0.000E+00 0.000E+00 2.593E+00   0.000000 1.000E+00 1.000E+00
   1  711500  1     4.600E-02 0.000E+00 3.000E-01 0.000E+00 0.000E+00 0.000E+00
   1      0.000E+00 0.000E+00 0.000E+00 3.648E+00   0.000000 1.000E+00 1.000E+00
   1  711510  1     8.060E-02 0.000E+00 3.700E-01 1.000E+00 0.000E+00 0.000E+00
   1      0.000E+00 0.000E+00 0.000E+00 3.394E+00   0.000000 1.000E+00 1.000E+00
   1  711520  1     6.500E-01 0.000E+00 1.500E-01 5.000E-01 0.000E+00 0.000E+00
   1      0.000E+00 0.000E+00 0.000E+00 8.432E+00   0.000000 1.000E+00 1.000E+00
   1  711530  1     9.000E-01 0.000E+00 3.000E-01 0.000E+00 7.000E-01 0.000E+00
   1      0.000E+00 0.000E+00 0.000E+00 3.974E+00   0.000000 1.000E+00 1.000E+00
   1  711531  1     1.000E+00 0.000E+00 5.000E-01 0.000E+00 5.000E-01 0.000E+00
   1      0.000E+00 0.000E+00 0.000E+00 4.553E+00   0.000000 1.000E+00 1.000E+00
   1  711540  1     1.000E+00 0.000E+00 1.000E+00 0.000E+00 0.000E+00 0.000E+00
   1      0.000E+00 0.000E+00 0.000E+00 6.909E+00   0.000000 1.000E+00 1.000E+00
   1  711541  1     1.120E+00 0.000E+00 1.000E+00 0.000E+00 2.000E-05 0.000E+00
   1      0.000E+00 0.000E+00 0.000E+00 6.948E+00   0.000000 1.000E+00 1.000E+00
   1  711550  1     6.860E-02 0.000E+00 1.000E-01 0.000E+00 9.000E-01 0.000E+00
   1      0.000E+00 0.000E+00 0.000E+00 5.753E+00   0.000000 1.000E+00 1.000E+00
   1  711551  1     1.380E-01 0.000E+00 2.400E-01 0.000E+00 7.600E-01 0.000E+00
   1      0.000E+00 0.000E+00 0.000E+00 5.631E+00   0.000000 1.000E+00 1.000E+00
   1  711552  1     2.700E-03 0.000E+00 0.000E+00 0.000E+00 1.000E+00 0.000E+00
   1      0.000E+00 0.000E+00 0.000E+00 7.538E+00   0.000000 1.000E+00 1.000E+00
   1  711560  1     4.940E-01 0.000E+00 5.000E-02 0.000E+00 9.500E-01 0.000E+00
   1      0.000E+00 0.000E+00 0.000E+00 5.632E+00   0.000000 1.000E+00 1.000E+00
   1  711561  1     1.980E-01 0.000E+00 6.000E-02 0.000E+00 9.400E-01 0.000E+00
   1      0.000E+00 0.000E+00 0.000E+00 5.762E+00   0.000000 1.000E+00 1.000E+00
   1  711570  1     6.800E+00 0.000E+00 5.000E-01 0.000E+00 5.000E-01 0.000E+00
   1      0.000E+00 0.000E+00 0.000E+00 4.852E+00   0.000000 1.000E+00 1.000E+00
   1  711571  1     4.790E+00 0.000E+00 9.400E-01 0.000E+00 6.000E-02 0.000E+00
   1      0.000E+00 0.000E+00 0.000E+00 4.682E+00   0.000000 1.000E+00 1.000E+00
   1  711580  1     1.060E+01 0.000E+00 9.909E-01 0.000E+00 9.100E-03 0.000E+00
   1      0.000E+00 0.000E+00 0.000E+00 5.858E+00   0.000000 1.000E+00 1.000E+00
   1  711590  1     1.210E+01 0.000E+00 9.990E-01 0.000E+00 1.000E-03 0.000E+00
   1      0.000E+00 0.000E+00 0.000E+00 4.089E+00   0.000000 1.000E+00 1.000E+00
   1  711591  1     1.000E+01 0.000E+00 3.333E-01 0.000E+00 3.333E-01 3.333E-01
   1      0.000E+00 0.000E+00 0.000E+00 2.952E+00   0.000000 1.000E+00 1.000E+00
   1  711600  1     3.610E+01 0.000E+00 1.000E+00 0.000E+00 1.000E-06 0.000E+00
   1      0.000E+00 0.000E+00 0.000E+00 5.267E+00   0.000000 1.000E+00 1.000E+00
   1  711601  1     4.000E+01 0.000E+00 1.000E+00 0.000E+00 0.000E+00 0.000E+00
   1      0.000E+00 0.000E+00 0.000E+00 5.267E+00   0.000000 1.000E+00 1.000E+00
   1  711610  1     7.700E+01 0.000E+00 1.000E+00 0.000E+00 0.000E+00 0.000E+00
   1      0.000E+00 0.000E+00 0.000E+00 3.521E+00   0.000000 1.000E+00 1.000E+00
   1  711611  1     7.300E-03 0.000E+00 0.000E+00 0.000E+00 0.000E+00 1.000E+00
   1      0.000E+00 0.000E+00 0.000E+00 1.660E-01   0.000000 1.000E+00 1.000E+00
   1  711620  1     8.220E+01 0.000E+00 1.000E+00 0.000E+00 0.000E+00 0.000E+00
   1      0.000E+00 0.000E+00 0.000E+00 4.661E+00   0.000000 1.000E+00 1.000E+00
   1  711621  1     9.000E+01 0.000E+00 1.000E+00 0.000E+00 0.000E+00 0.000E+00
   1      0.000E+00 0.000E+00 0.000E+00 4.741E+00   0.000000 1.000E+00 1.000E+00
   1  711622  1     1.140E+02 0.000E+00 1.000E+00 0.000E+00 0.000E+00 0.000E+00
   1      0.000E+00 0.000E+00 0.000E+00 4.861E+00   0.000000 1.000E+00 1.000E+00
   1  711630  1     2.382E+02 0.000E+00 1.000E+00 0.000E+00 0.000E+00 0.000E+00
   1      0.000E+00 0.000E+00 0.000E+00 3.009E+00   0.000000 1.000E+00 1.000E+00
   1  711640  1     1.884E+02 0.000E+00 1.000E+00 0.000E+00 0.000E+00 0.000E+00
   1      0.000E+00 0.000E+00 0.000E+00 4.254E+00   0.000000 1.000E+00 1.000E+00
   1  711650  1     6.444E+02 0.000E+00 1.000E+00 0.000E+00 0.000E+00 0.000E+00
   1      0.000E+00 0.000E+00 0.000E+00 2.563E+00   0.000000 1.000E+00 1.000E+00
   1  711660  1     1.590E+02 0.000E+00 1.000E+00 0.000E+00 0.000E+00 0.000E+00
   1      0.000E+00 0.000E+00 0.000E+00 3.711E+00   0.000000 1.000E+00 1.000E+00
   1  711661  1     8.460E+01 0.000E+00 5.800E-01 0.000E+00 0.000E+00 4.200E-01
   1      0.000E+00 0.000E+00 0.000E+00 2.180E+00   0.000000 1.000E+00 1.000E+00
   1  711662  1     1.272E+02 0.000E+00 8.000E-01 0.000E+00 0.000E+00 0.000E+00
   1      0.000E+00 2.000E-01 0.000E+00 2.994E+00   0.000000 1.000E+00 1.000E+00
   1  711670  1     3.090E+03 0.000E+00 1.000E+00 0.000E+00 0.000E+00 0.000E+00
   1      0.000E+00 0.000E+00 0.000E+00 2.063E+00   0.000000 1.000E+00 1.000E+00
   1  711671  1     6.000E+01 0.000E+00 5.000E-01 0.000E+00 0.000E+00 5.000E-01
   1      0.000E+00 0.000E+00 0.000E+00 1.031E+00   0.000000 1.000E+00 1.000E+00
   1  711680  1     3.300E+02 0.000E+00 1.000E+00 0.000E+00 0.000E+00 0.000E+00
   1      0.000E+00 0.000E+00 0.000E+00 3.010E+00   0.000000 1.000E+00 1.000E+00
   1  711681  1     4.020E+02 0.000E+00 9.500E-01 0.000E+00 0.000E+00 5.000E-02
   1      0.000E+00 0.000E+00 0.000E+00 3.010E+00   0.000000 1.000E+00 1.000E+00
   1  711690  1     1.226E+05 0.000E+00 1.000E+00 1.360E-01 0.000E+00 0.000E+00
   1      0.000E+00 0.000E+00 0.000E+00 1.526E+00   0.000000 1.000E+00 1.000E+00
   1  711691  1     1.600E+02 0.000E+00 0.000E+00 0.000E+00 0.000E+00 1.000E+00
   1      0.000E+00 0.000E+00 0.000E+00 2.900E-02   0.000000 1.000E+00 1.000E+00
   1  711700  1     1.738E+05 0.000E+00 1.000E+00 0.000E+00 0.000E+00 0.000E+00
   1      0.000E+00 0.000E+00 0.000E+00 2.306E+00   0.000000 1.000E+00 1.000E+00
   1  711701  1     6.700E-01 0.000E+00 0.000E+00 0.000E+00 0.000E+00 1.000E+00
   1      0.000E+00 0.000E+00 0.000E+00 9.291E-02   0.000000 1.000E+00 1.000E+00
   1  711710  1     7.128E+05 0.000E+00 1.000E+00 0.000E+00 0.000E+00 0.000E+00
   1      0.000E+00 0.000E+00 0.000E+00 7.296E-01   0.000000 1.000E+00 1.000E+00
   1  711711  1     7.800E+01 0.000E+00 0.000E+00 0.000E+00 0.000E+00 1.000E+00
   1      0.000E+00 0.000E+00 0.000E+00 7.122E-02   0.000000 1.000E+00 1.000E+00
   1  711720  1     5.789E+05 0.000E+00 1.000E+00 0.000E+00 0.000E+00 0.000E+00
   1      0.000E+00 0.000E+00 0.000E+00 2.067E+00   0.000000 1.000E+00 1.000E+00
   1  711721  1     2.220E+02 0.000E+00 0.000E+00 0.000E+00 0.000E+00 1.000E+00
   1      0.000E+00 0.000E+00 0.000E+00 4.187E-02   0.000000 1.000E+00 1.000E+00
   1  711730  1     4.216E+07 0.000E+00 1.000E+00 0.000E+00 0.000E+00 0.000E+00
   1      0.000E+00 0.000E+00 0.000E+00 2.163E-01   0.000000 1.000E+00 1.000E+00
   1  711740  1     1.123E+08 0.000E+00 1.000E+00 0.000E+00 0.000E+00 0.000E+00
   1      0.000E+00 0.000E+00 0.000E+00 1.615E-01   0.000000 1.000E+00 1.000E+00
   1  711741  1     1.227E+07 0.000E+00 5.800E-03 0.000E+00 0.000E+00 9.942E-01
   1      0.000E+00 0.000E+00 0.000E+00 1.785E-01   0.000000 1.000E+00 1.000E+00
   1  711750  6     0.000E+00 0.000E+00 0.000E+00 0.000E+00 0.000E+00 0.000E+00
   1      0.000E+00 0.000E+00 0.000E+00 0.000E+00  97.410000 1.000E+00 1.000E+00
   1  711760  1     1.187E+18 0.000E+00 0.000E+00 0.000E+00 0.000E+00 0.000E+00
   1      1.000E+00 0.000E+00 0.000E+00 7.772E-01   2.590000 1.000E+00 1.000E+00
   1  711761  1     1.309E+04 0.000E+00 9.500E-04 0.000E+00 0.000E+00 0.000E+00
   1      9.991E-01 0.000E+00 0.000E+00 4.805E-01   0.000000 1.000E+00 1.000E+00
   1  711770  1     5.743E+05 0.000E+00 0.000E+00 0.000E+00 0.000E+00 0.000E+00
   1      1.000E+00 0.000E+00 0.000E+00 1.809E-01   0.000000 1.000E+00 1.000E+00
   1  711771  1     1.385E+07 1.000E+00 0.000E+00 0.000E+00 0.000E+00 2.260E-01
   1      7.740E-01 0.000E+00 0.000E+00 2.498E-01   0.000000 1.000E+00 1.000E+00
   1  711772  1     4.200E+02 1.000E+00 0.000E+00 0.000E+00 0.000E+00 0.000E+00
   1      5.000E-01 5.000E-01 0.000E+00 2.018E+00   0.000000 1.000E+00 1.000E+00
   1  711780  1     1.704E+03 0.000E+00 0.000E+00 0.000E+00 0.000E+00 0.000E+00
   1      1.000E+00 0.000E+00 0.000E+00 8.505E-01   0.000000 1.000E+00 1.000E+00
   1  711781  1     1.386E+03 1.000E+00 0.000E+00 0.000E+00 0.000E+00 0.000E+00
   1      1.000E+00 0.000E+00 0.000E+00 7.184E-01   0.000000 1.000E+00 1.000E+00
   1  711790  1     1.652E+04 0.000E+00 0.000E+00 0.000E+00 0.000E+00 0.000E+00
   1      1.000E+00 0.000E+00 0.000E+00 5.197E-01   0.000000 1.000E+00 1.000E+00
   1  711791  1     3.100E-03 0.000E+00 0.000E+00 0.000E+00 0.000E+00 1.000E+00
   1      0.000E+00 0.000E+00 0.000E+00 5.924E-01   0.000000 1.000E+00 1.000E+00
   1  711800  1     3.420E+02 0.000E+00 0.000E+00 0.000E+00 0.000E+00 0.000E+00
   1      1.000E+00 0.000E+00 0.000E+00 2.044E+00   0.000000 1.000E+00 1.000E+00
   1  711801  1     1.000E+00 0.000E+00 0.000E+00 0.000E+00 0.000E+00 5.000E-01
   1      5.000E-01 0.000E+00 0.000E+00 1.044E+00   0.000000 1.000E+00 1.000E+00
   1  711802  1     1.000E-03 1.000E+00 0.000E+00 0.000E+00 0.000E+00 5.000E-01
   1      5.000E-01 0.000E+00 0.000E+00 1.172E+00   0.000000 1.000E+00 1.000E+00
   1  711810  1     2.100E+02 0.000E+00 0.000E+00 0.000E+00 0.000E+00 0.000E+00
   1      1.000E+00 0.000E+00 0.000E+00 1.781E+00   0.000000 1.000E+00 1.000E+00
   1  711820  1     1.200E+02 0.000E+00 0.000E+00 0.000E+00 0.000E+00 0.000E+00
   1      1.000E+00 0.000E+00 0.000E+00 2.786E+00   0.000000 1.000E+00 1.000E+00
   1  711830  1     5.800E+01 0.000E+00 0.000E+00 0.000E+00 0.000E+00 0.000E+00
   1      1.000E+00 0.000E+00 0.000E+00 1.774E+00   0.000000 1.000E+00 1.000E+00
   1  711840  1     2.000E+01 5.000E-01 0.000E+00 0.000E+00 0.000E+00 0.000E+00
   1      1.000E+00 0.000E+00 0.000E+00 2.969E+00   0.000000 1.000E+00 1.000E+00
   1  721530  1     4.000E-01 0.000E+00 1.000E+00 1.000E+00 0.000E+00 0.000E+00
   1      0.000E+00 0.000E+00 0.000E+00 7.353E+00   0.000000 1.000E+00 1.000E+00
   1  721531  1     5.000E-01 0.000E+00 5.000E-01 0.000E+00 0.000E+00 5.000E-01
   1      0.000E+00 0.000E+00 0.000E+00 4.328E+00   0.000000 1.000E+00 1.000E+00
   1  721540  1     2.000E+00 0.000E+00 1.000E+00 0.000E+00 0.000E+00 0.000E+00
   1      0.000E+00 0.000E+00 0.000E+00 4.560E+00   0.000000 1.000E+00 1.000E+00
   1  721550  1     8.900E-01 0.000E+00 1.000E+00 5.000E-01 0.000E+00 0.000E+00
   1      0.000E+00 0.000E+00 0.000E+00 5.629E+00   0.000000 1.000E+00 1.000E+00
   1  721560  1     2.300E-02 0.000E+00 3.000E-02 0.000E+00 9.700E-01 0.000E+00
   1      0.000E+00 0.000E+00 0.000E+00 5.972E+00   0.000000 1.000E+00 1.000E+00
   1  721570  1     1.150E-01 0.000E+00 1.400E-01 5.000E-01 8.600E-01 0.000E+00
   1      0.000E+00 0.000E+00 0.000E+00 5.782E+00   0.000000 1.000E+00 1.000E+00
   1  721580  1     2.850E+00 0.000E+00 5.570E-01 0.000E+00 4.430E-01 0.000E+00
   1      0.000E+00 0.000E+00 0.000E+00 4.292E+00   0.000000 1.000E+00 1.000E+00
   1  721590  1     5.200E+00 0.000E+00 6.500E-01 0.000E+00 3.500E-01 0.000E+00
   1      0.000E+00 0.000E+00 0.000E+00 4.799E+00   0.000000 1.000E+00 1.000E+00
   1  721600  1     1.360E+01 0.000E+00 9.930E-01 0.000E+00 7.000E-03 0.000E+00
   1      0.000E+00 0.000E+00 0.000E+00 2.903E+00   0.000000 1.000E+00 1.000E+00
   1  721610  1     1.820E+01 0.000E+00 9.987E-01 0.000E+00 1.300E-03 0.000E+00
   1      0.000E+00 0.000E+00 0.000E+00 4.163E+00   0.000000 1.000E+00 1.000E+00
   1  721620  1     3.940E+01 0.000E+00 9.999E-01 0.000E+00 8.000E-05 0.000E+00
   1      0.000E+00 0.000E+00 0.000E+00 2.445E+00   0.000000 1.000E+00 1.000E+00
   1  721630  1     4.000E+01 0.000E+00 1.000E+00 0.000E+00 1.000E-06 0.000E+00
   1      0.000E+00 0.000E+00 0.000E+00 3.670E+00   0.000000 1.000E+00 1.000E+00
   1  721640  1     1.110E+02 0.000E+00 1.000E+00 0.000E+00 0.000E+00 0.000E+00
   1      0.000E+00 0.000E+00 0.000E+00 1.880E+00   0.000000 1.000E+00 1.000E+00
   1  721650  1     7.600E+01 0.000E+00 1.000E+00 0.000E+00 0.000E+00 0.000E+00
   1      0.000E+00 0.000E+00 0.000E+00 3.204E+00   0.000000 1.000E+00 1.000E+00
   1  721660  1     4.062E+02 0.000E+00 1.000E+00 1.000E+00 0.000E+00 0.000E+00
   1      0.000E+00 0.000E+00 0.000E+00 1.416E+00   0.000000 1.000E+00 1.000E+00
   1  721670  1     1.230E+02 0.000E+00 1.000E+00 5.000E-01 0.000E+00 0.000E+00
   1      0.000E+00 0.000E+00 0.000E+00 2.688E+00   0.000000 1.000E+00 1.000E+00
   1  721680  1     1.557E+03 0.000E+00 1.000E+00 1.000E+00 0.000E+00 0.000E+00
   1      0.000E+00 0.000E+00 0.000E+00 9.860E-01   0.000000 1.000E+00 1.000E+00
   1  721690  1     1.944E+02 0.000E+00 1.000E+00 3.500E-02 0.000E+00 0.000E+00
   1      0.000E+00 0.000E+00 0.000E+00 2.239E+00   0.000000 1.000E+00 1.000E+00
   1  721700  1     5.764E+04 0.000E+00 1.000E+00 7.000E-04 0.000E+00 0.000E+00
   1      0.000E+00 0.000E+00 0.000E+00 1.584E-01   0.000000 1.000E+00 1.000E+00
   1  721710  1     4.356E+04 0.000E+00 1.000E+00 0.000E+00 0.000E+00 0.000E+00
   1      0.000E+00 0.000E+00 0.000E+00 1.602E+00   0.000000 1.000E+00 1.000E+00
   1  721711  1     2.950E+01 0.000E+00 0.000E+00 0.000E+00 0.000E+00 1.000E+00
   1      0.000E+00 0.000E+00 0.000E+00 2.193E-02   0.000000 1.000E+00 1.000E+00
   1  721720  1     5.901E+07 0.000E+00 1.000E+00 1.000E+00 0.000E+00 0.000E+00
   1      0.000E+00 0.000E+00 0.000E+00 1.780E-01   0.000000 1.000E+00 1.000E+00
   1  721730  1     8.604E+04 0.000E+00 1.000E+00 0.000E+00 0.000E+00 0.000E+00
   1      0.000E+00 0.000E+00 0.000E+00 4.487E-01   0.000000 1.000E+00 1.000E+00
   1  721740  1     6.312E+22 0.000E+00 0.000E+00 0.000E+00 1.000E+00 0.000E+00
   1      0.000E+00 0.000E+00 0.000E+00 2.504E+00   0.162000 1.000E+00 1.000E+00
   1  721750  1     6.048E+06 0.000E+00 1.000E+00 0.000E+00 0.000E+00 0.000E+00
   1      0.000E+00 0.000E+00 0.000E+00 4.085E-01   0.000000 1.000E+00 1.000E+00
   1  721760  6     0.000E+00 0.000E+00 0.000E+00 0.000E+00 0.000E+00 0.000E+00
   1      0.000E+00 0.000E+00 0.000E+00 0.000E+00   5.206000 1.000E+00 1.000E+00
   1  721770  6     0.000E+00 0.000E+00 0.000E+00 0.000E+00 0.000E+00 0.000E+00
   1      0.000E+00 0.000E+00 0.000E+00 0.000E+00  18.606000 1.000E+00 1.000E+00
   1  721771  1     1.080E+00 0.000E+00 0.000E+00 0.000E+00 0.000E+00 1.000E+00
   1      0.000E+00 0.000E+00 0.000E+00 1.309E+00   0.000000 1.000E+00 1.000E+00
   1  721772  1     3.084E+03 0.000E+00 0.000E+00 0.000E+00 0.000E+00 0.000E+00
   1      0.000E+00 1.000E+00 0.000E+00 1.429E+00   0.000000 1.000E+00 1.000E+00
   1  721780  6     0.000E+00 0.000E+00 0.000E+00 0.000E+00 0.000E+00 0.000E+00
   1      0.000E+00 0.000E+00 0.000E+00 0.000E+00  27.297000 1.000E+00 1.000E+00
   1  721781  1     4.000E+00 0.000E+00 0.000E+00 0.000E+00 0.000E+00 1.000E+00
   1      0.000E+00 0.000E+00 0.000E+00 1.147E+00   0.000000 1.000E+00 1.000E+00
   1  721782  1     9.783E+08 0.000E+00 0.000E+00 0.000E+00 0.000E+00 0.000E+00
   1      0.000E+00 1.000E+00 0.000E+00 1.297E+00   0.000000 1.000E+00 1.000E+00
   1  721790  6     0.000E+00 0.000E+00 0.000E+00 0.000E+00 0.000E+00 0.000E+00
   1      0.000E+00 0.000E+00 0.000E+00 0.000E+00  13.629000 1.000E+00 1.000E+00
   1  721791  1     1.867E+01 0.000E+00 0.000E+00 0.000E+00 0.000E+00 1.000E+00
   1      0.000E+00 0.000E+00 0.000E+00 3.748E-01   0.000000 1.000E+00 1.000E+00
   1  721792  1     2.169E+06 0.000E+00 0.000E+00 0.000E+00 0.000E+00 1.000E+00
   1      0.000E+00 0.000E+00 0.000E+00 1.105E+00   0.000000 1.000E+00 1.000E+00
   1  721800  6     0.000E+00 0.000E+00 0.000E+00 0.000E+00 0.000E+00 0.000E+00
   1      0.000E+00 0.000E+00 0.000E+00 0.000E+00  35.100000 1.000E+00 1.000E+00
   1  721801  1     1.980E+04 1.000E+00 0.000E+00 0.000E+00 0.000E+00 9.969E-01
   1      3.100E-03 0.000E+00 0.000E+00 1.141E+00   0.000000 1.000E+00 1.000E+00
   1  721810  1     3.662E+06 0.000E+00 0.000E+00 0.000E+00 0.000E+00 0.000E+00
   1      1.000E+00 0.000E+00 0.000E+00 7.349E-01   0.000000 1.000E+00 1.000E+00
   1  721820  1     2.809E+14 0.000E+00 0.000E+00 0.000E+00 0.000E+00 0.000E+00
   1      1.000E+00 0.000E+00 0.000E+00 3.025E-01   0.000000 1.000E+00 1.000E+00
   1  721821  1     3.690E+03 1.000E+00 0.000E+00 0.000E+00 0.000E+00 4.200E-01
   1      5.800E-01 0.000E+00 0.000E+00 8.900E-01   0.000000 1.000E+00 1.000E+00
   1  721830  1     3.841E+03 0.000E+00 0.000E+00 0.000E+00 0.000E+00 0.000E+00
   1      1.000E+00 0.000E+00 0.000E+00 1.337E+00   0.000000 1.000E+00 1.000E+00
   1  721840  1     1.483E+04 0.000E+00 0.000E+00 0.000E+00 0.000E+00 0.000E+00
   1      1.000E+00 0.000E+00 0.000E+00 8.940E-01   0.000000 1.000E+00 1.000E+00
   1  721841  1     4.800E+01 0.000E+00 0.000E+00 0.000E+00 0.000E+00 0.000E+00
   1      1.000E+00 0.000E+00 0.000E+00 1.742E+00   0.000000 1.000E+00 1.000E+00
   1  721850  1     2.100E+02 0.000E+00 0.000E+00 0.000E+00 0.000E+00 0.000E+00
   1      1.000E+00 0.000E+00 0.000E+00 2.024E+00   0.000000 1.000E+00 1.000E+00
   1  721860  1     1.560E+02 0.000E+00 0.000E+00 0.000E+00 0.000E+00 0.000E+00
   1      1.000E+00 0.000E+00 0.000E+00 1.453E+00   0.000000 1.000E+00 1.000E+00
   1  721870  1     3.000E+01 0.000E+00 0.000E+00 0.000E+00 0.000E+00 0.000E+00
   1      1.000E+00 0.000E+00 0.000E+00 2.527E+00   0.000000 1.000E+00 1.000E+00
   1  721880  1     2.000E+01 0.000E+00 0.000E+00 0.000E+00 0.000E+00 0.000E+00
   1      1.000E+00 0.000E+00 0.000E+00 1.953E+00   0.000000 1.000E+00 1.000E+00
   1  731550  1     1.300E-05 0.000E+00 0.000E+00 0.000E+00 0.000E+00 0.000E+00
   1      0.000E+00 0.000E+00 0.000E+00 1.771E+00   0.000000 1.000E+00 1.000E+00
   1  731560  1     1.440E-01 0.000E+00 0.000E+00 0.000E+00 0.000E+00 0.000E+00
   1      0.000E+00 0.000E+00 0.000E+00 1.011E+00   0.000000 1.000E+00 1.000E+00
   1  731561  1     3.600E-01 0.000E+00 9.580E-01 0.000E+00 0.000E+00 0.000E+00
   1      0.000E+00 0.000E+00 0.000E+00 7.806E+00   0.000000 1.000E+00 1.000E+00
   1  731570  1     1.010E-02 0.000E+00 1.000E-02 0.000E+00 9.560E-01 0.000E+00
   1      0.000E+00 0.000E+00 0.000E+00 6.168E+00   0.000000 1.000E+00 1.000E+00
   1  731571  1     4.300E-03 0.000E+00 1.000E-02 0.000E+00 9.900E-01 0.000E+00
   1      0.000E+00 0.000E+00 0.000E+00 6.295E+00   0.000000 1.000E+00 1.000E+00
   1  731572  1     1.700E-03 0.000E+00 0.000E+00 0.000E+00 1.000E+00 0.000E+00
   1      0.000E+00 0.000E+00 0.000E+00 7.868E+00   0.000000 1.000E+00 1.000E+00
   1  731580  1     4.900E-02 0.000E+00 4.000E-02 0.000E+00 9.600E-01 0.000E+00
   1      0.000E+00 0.000E+00 0.000E+00 6.176E+00   0.000000 1.000E+00 1.000E+00
   1  731581  1     3.600E-02 0.000E+00 3.500E-02 0.000E+00 9.300E-01 3.500E-02
   1      0.000E+00 0.000E+00 0.000E+00 6.039E+00   0.000000 1.000E+00 1.000E+00
   1  731590  1     1.040E+00 0.000E+00 6.600E-01 0.000E+00 3.400E-01 0.000E+00
   1      0.000E+00 0.000E+00 0.000E+00 5.630E+00   0.000000 1.000E+00 1.000E+00
   1  731591  1     5.140E-01 0.000E+00 4.500E-01 0.000E+00 5.500E-01 0.000E+00
   1      0.000E+00 0.000E+00 0.000E+00 5.690E+00   0.000000 1.000E+00 1.000E+00
   1  731600  1     1.700E+00 0.000E+00 5.000E-01 0.000E+00 5.000E-01 0.000E+00
   1      0.000E+00 0.000E+00 0.000E+00 6.075E+00   0.000000 1.000E+00 1.000E+00
   1  731601  1     1.550E+00 0.000E+00 6.600E-01 0.000E+00 3.400E-01 0.000E+00
   1      0.000E+00 0.000E+00 0.000E+00 6.443E+00   0.000000 1.000E+00 1.000E+00
   1  731610  1     3.000E+00 0.000E+00 5.000E-01 0.000E+00 5.000E-01 0.000E+00
   1      0.000E+00 0.000E+00 0.000E+00 5.194E+00   0.000000 1.000E+00 1.000E+00
   1  731611  1     2.890E+00 0.000E+00 9.500E-01 0.000E+00 5.000E-02 0.000E+00
   1      0.000E+00 0.000E+00 0.000E+00 5.106E+00   0.000000 1.000E+00 1.000E+00
   1  731620  1     3.570E+00 0.000E+00 9.993E-01 0.000E+00 7.400E-04 0.000E+00
   1      0.000E+00 0.000E+00 0.000E+00 6.261E+00   0.000000 1.000E+00 1.000E+00
   1  731630  1     1.060E+01 0.000E+00 9.980E-01 0.000E+00 2.000E-03 0.000E+00
   1      0.000E+00 0.000E+00 0.000E+00 4.498E+00   0.000000 1.000E+00 1.000E+00
   1  731640  1     1.420E+01 0.000E+00 1.000E+00 0.000E+00 0.000E+00 0.000E+00
   1      0.000E+00 0.000E+00 0.000E+00 4.356E+00   0.000000 1.000E+00 1.000E+00
   1  731650  1     3.100E+01 0.000E+00 1.000E+00 0.000E+00 0.000E+00 0.000E+00
   1      0.000E+00 0.000E+00 0.000E+00 3.854E+00   0.000000 1.000E+00 1.000E+00
   1  731660  1     3.440E+01 0.000E+00 1.000E+00 0.000E+00 0.000E+00 0.000E+00
   1      0.000E+00 0.000E+00 0.000E+00 5.174E+00   0.000000 1.000E+00 1.000E+00
   1  731670  1     7.980E+01 0.000E+00 1.000E+00 0.000E+00 0.000E+00 0.000E+00
   1      0.000E+00 0.000E+00 0.000E+00 3.411E+00   0.000000 1.000E+00 1.000E+00
   1  731680  1     1.200E+02 0.000E+00 1.000E+00 0.000E+00 0.000E+00 0.000E+00
   1      0.000E+00 0.000E+00 0.000E+00 4.645E+00   0.000000 1.000E+00 1.000E+00
   1  731690  1     2.940E+02 0.000E+00 1.000E+00 0.000E+00 0.000E+00 0.000E+00
   1      0.000E+00 0.000E+00 0.000E+00 2.951E+00   0.000000 1.000E+00 1.000E+00
   1  731700  1     4.056E+02 0.000E+00 1.000E+00 0.000E+00 0.000E+00 0.000E+00
   1      0.000E+00 0.000E+00 0.000E+00 2.654E+00   0.000000 1.000E+00 1.000E+00
   1  731710  1     1.398E+03 0.000E+00 1.000E+00 5.000E-01 0.000E+00 0.000E+00
   1      0.000E+00 0.000E+00 0.000E+00 2.467E+00   0.000000 1.000E+00 1.000E+00
   1  731720  1     2.208E+03 0.000E+00 1.000E+00 0.000E+00 0.000E+00 0.000E+00
   1      0.000E+00 0.000E+00 0.000E+00 2.156E+00   0.000000 1.000E+00 1.000E+00
   1  731730  1     1.130E+04 0.000E+00 1.000E+00 0.000E+00 0.000E+00 0.000E+00
   1      0.000E+00 0.000E+00 0.000E+00 5.340E-01   0.000000 1.000E+00 1.000E+00
   1  731740  1     4.104E+03 0.000E+00 1.000E+00 0.000E+00 0.000E+00 0.000E+00
   1      0.000E+00 0.000E+00 0.000E+00 1.199E+00   0.000000 1.000E+00 1.000E+00
   1  731750  1     3.780E+04 0.000E+00 1.000E+00 0.000E+00 0.000E+00 0.000E+00
   1      0.000E+00 0.000E+00 0.000E+00 1.383E+00   0.000000 1.000E+00 1.000E+00
   1  731760  1     2.912E+04 0.000E+00 1.000E+00 0.000E+00 0.000E+00 0.000E+00
   1      0.000E+00 0.000E+00 0.000E+00 2.176E+00   0.000000 1.000E+00 1.000E+00
   1  731761  1     1.100E-03 0.000E+00 0.000E+00 0.000E+00 0.000E+00 1.000E+00
   1      0.000E+00 0.000E+00 0.000E+00 1.030E-01   0.000000 1.000E+00 1.000E+00
   1  731762  1     9.700E-04 0.000E+00 0.000E+00 0.000E+00 0.000E+00 0.000E+00
   1      0.000E+00 1.000E+00 0.000E+00 2.717E+00   0.000000 1.000E+00 1.000E+00
   1  731770  1     2.030E+05 0.000E+00 1.000E+00 0.000E+00 0.000E+00 0.000E+00
   1      0.000E+00 0.000E+00 0.000E+00 9.048E-02   0.000000 1.000E+00 1.000E+00
   1  731780  1     5.586E+02 0.000E+00 1.000E+00 0.000E+00 0.000E+00 0.000E+00
   1      0.000E+00 0.000E+00 0.000E+00 1.536E-01   0.000000 1.000E+00 1.000E+00
   1  731781  1     8.496E+03 0.000E+00 1.000E+00 1.000E+00 0.000E+00 0.000E+00
   1      0.000E+00 0.000E+00 0.000E+00 5.266E-01   0.000000 1.000E+00 1.000E+00
   1  731782  1     5.900E-02 0.000E+00 0.000E+00 0.000E+00 0.000E+00 0.000E+00
   1      0.000E+00 1.000E+00 0.000E+00 1.471E+00   0.000000 1.000E+00 1.000E+00
   1  731790  1     5.080E+07 0.000E+00 1.000E+00 0.000E+00 0.000E+00 0.000E+00
   1      0.000E+00 0.000E+00 0.000E+00 3.664E-02   0.000000 1.000E+00 1.000E+00
   1  731791  1     9.000E-03 0.000E+00 0.000E+00 0.000E+00 0.000E+00 1.000E+00
   1      0.000E+00 0.000E+00 0.000E+00 1.317E+00   0.000000 1.000E+00 1.000E+00
   1  731792  1     5.410E-02 0.000E+00 0.000E+00 0.000E+00 0.000E+00 0.000E+00
   1      0.000E+00 1.000E+00 0.000E+00 1.322E+00   0.000000 1.000E+00 1.000E+00
   1  731800  1     2.909E+04 0.000E+00 8.190E-01 0.000E+00 0.000E+00 0.000E+00
   1      1.810E-01 0.000E+00 0.000E+00 1.100E-01   0.000000 1.000E+00 1.000E+00
   1  731801  1     5.680E+22 0.000E+00 8.000E-01 0.000E+00 0.000E+00 0.000E+00
   1      2.000E-01 0.000E+00 0.000E+00 6.884E-01   0.012000 1.000E+00 1.000E+00
   1  731810  6     0.000E+00 0.000E+00 0.000E+00 0.000E+00 0.000E+00 0.000E+00
   1      0.000E+00 0.000E+00 0.000E+00 0.000E+00  99.988000 1.000E+00 1.000E+00
   1  731820  1     9.910E+06 0.000E+00 0.000E+00 0.000E+00 0.000E+00 0.000E+00
   1      1.000E+00 0.000E+00 0.000E+00 1.500E+00   0.000000 1.000E+00 1.000E+00
   1  731821  1     2.830E-01 0.000E+00 0.000E+00 0.000E+00 0.000E+00 1.000E+00
   1      0.000E+00 0.000E+00 0.000E+00 1.624E-02   0.000000 1.000E+00 1.000E+00
   1  731822  1     9.504E+02 0.000E+00 0.000E+00 0.000E+00 0.000E+00 0.000E+00
   1      0.000E+00 1.000E+00 0.000E+00 4.990E-01   0.000000 1.000E+00 1.000E+00
   1  731830  1     4.398E+05 3.400E-02 0.000E+00 0.000E+00 0.000E+00 0.000E+00
   1      1.000E+00 0.000E+00 0.000E+00 6.360E-01   0.000000 1.000E+00 1.000E+00
   1  731840  1     3.132E+04 0.000E+00 0.000E+00 0.000E+00 0.000E+00 0.000E+00
   1      1.000E+00 0.000E+00 0.000E+00 1.911E+00   0.000000 1.000E+00 1.000E+00
   1  731850  1     2.964E+03 0.000E+00 0.000E+00 0.000E+00 0.000E+00 0.000E+00
   1      1.000E+00 0.000E+00 0.000E+00 8.715E-01   0.000000 1.000E+00 1.000E+00
   1  731851  1     1.000E-03 0.000E+00 0.000E+00 0.000E+00 0.000E+00 1.000E+00
   1      0.000E+00 0.000E+00 0.000E+00 1.308E+00   0.000000 1.000E+00 1.000E+00
   1  731860  1     6.300E+02 0.000E+00 0.000E+00 0.000E+00 0.000E+00 0.000E+00
   1      1.000E+00 0.000E+00 0.000E+00 2.600E+00   0.000000 1.000E+00 1.000E+00
   1  731870  1     1.200E+02 0.000E+00 0.000E+00 0.000E+00 0.000E+00 0.000E+00
   1      1.000E+00 0.000E+00 0.000E+00 2.090E+00   0.000000 1.000E+00 1.000E+00
   1  731880  1     2.000E+01 0.000E+00 0.000E+00 0.000E+00 0.000E+00 0.000E+00
   1      1.000E+00 0.000E+00 0.000E+00 3.238E+00   0.000000 1.000E+00 1.000E+00
   1  731890  1     3.000E+00 0.000E+00 0.000E+00 0.000E+00 0.000E+00 0.000E+00
   1      1.000E+00 0.000E+00 0.000E+00 2.433E+00   0.000000 1.000E+00 1.000E+00
   1  731900  1     3.000E-01 0.000E+00 0.000E+00 0.000E+00 0.000E+00 0.000E+00
   1      1.000E+00 0.000E+00 0.000E+00 3.760E+00   0.000000 1.000E+00 1.000E+00
   1  741580  1     1.370E-03 0.000E+00 0.000E+00 0.000E+00 1.000E+00 0.000E+00
   1      0.000E+00 0.000E+00 0.000E+00 6.605E+00   0.000000 1.000E+00 1.000E+00
   1  741590  1     8.200E-03 0.000E+00 1.800E-01 5.000E-01 8.200E-01 0.000E+00
   1      0.000E+00 0.000E+00 0.000E+00 6.387E+00   0.000000 1.000E+00 1.000E+00
   1  741600  1     9.000E-02 0.000E+00 1.300E-01 0.000E+00 8.700E-01 0.000E+00
   1      0.000E+00 0.000E+00 0.000E+00 5.842E+00   0.000000 1.000E+00 1.000E+00
   1  741610  1     4.090E-01 0.000E+00 2.700E-01 5.000E-01 7.300E-01 0.000E+00
   1      0.000E+00 0.000E+00 0.000E+00 5.811E+00   0.000000 1.000E+00 1.000E+00
   1  741620  1     1.360E+00 0.000E+00 5.480E-01 0.000E+00 4.520E-01 0.000E+00
   1      0.000E+00 0.000E+00 0.000E+00 4.677E+00   0.000000 1.000E+00 1.000E+00
   1  741630  1     2.800E+00 0.000E+00 8.700E-01 0.000E+00 1.300E-01 0.000E+00
   1      0.000E+00 0.000E+00 0.000E+00 5.143E+00   0.000000 1.000E+00 1.000E+00
   1  741640  1     6.300E+00 0.000E+00 9.620E-01 0.000E+00 3.800E-02 0.000E+00
   1      0.000E+00 0.000E+00 0.000E+00 3.439E+00   0.000000 1.000E+00 1.000E+00
   1  741650  1     5.100E+00 0.000E+00 9.980E-01 0.000E+00 2.000E-03 0.000E+00
   1      0.000E+00 0.000E+00 0.000E+00 4.663E+00   0.000000 1.000E+00 1.000E+00
   1  741660  1     1.920E+01 0.000E+00 9.997E-01 0.000E+00 3.500E-04 0.000E+00
   1      0.000E+00 0.000E+00 0.000E+00 2.805E+00   0.000000 1.000E+00 1.000E+00
   1  741670  1     1.990E+01 0.000E+00 9.996E-01 0.000E+00 4.000E-04 0.000E+00
   1      0.000E+00 0.000E+00 0.000E+00 4.175E+00   0.000000 1.000E+00 1.000E+00
   1  741680  1     5.100E+01 0.000E+00 1.000E+00 0.000E+00 3.200E-05 0.000E+00
   1      0.000E+00 0.000E+00 0.000E+00 2.336E+00   0.000000 1.000E+00 1.000E+00
   1  741690  1     7.600E+01 0.000E+00 1.000E+00 0.000E+00 0.000E+00 0.000E+00
   1      0.000E+00 0.000E+00 0.000E+00 3.581E+00   0.000000 1.000E+00 1.000E+00
   1  741700  1     1.452E+02 0.000E+00 9.900E-01 0.000E+00 1.000E-02 0.000E+00
   1      0.000E+00 0.000E+00 0.000E+00 1.919E+00   0.000000 1.000E+00 1.000E+00
   1  741710  1     1.428E+02 0.000E+00 1.000E+00 0.000E+00 0.000E+00 0.000E+00
   1      0.000E+00 0.000E+00 0.000E+00 3.089E+00   0.000000 1.000E+00 1.000E+00
   1  741720  1     3.960E+02 0.000E+00 1.000E+00 0.000E+00 0.000E+00 0.000E+00
   1      0.000E+00 0.000E+00 0.000E+00 1.489E+00   0.000000 1.000E+00 1.000E+00
   1  741730  1     4.560E+02 0.000E+00 1.000E+00 0.000E+00 0.000E+00 0.000E+00
   1      0.000E+00 0.000E+00 0.000E+00 2.447E+00   0.000000 1.000E+00 1.000E+00
   1  741740  1     1.992E+03 0.000E+00 1.000E+00 0.000E+00 0.000E+00 0.000E+00
   1      0.000E+00 0.000E+00 0.000E+00 1.009E+00   0.000000 1.000E+00 1.000E+00
   1  741750  1     2.112E+03 0.000E+00 1.000E+00 0.000E+00 0.000E+00 0.000E+00
   1      0.000E+00 0.000E+00 0.000E+00 1.851E+00   0.000000 1.000E+00 1.000E+00
   1  741760  1     9.000E+03 0.000E+00 1.000E+00 0.000E+00 0.000E+00 0.000E+00
   1      0.000E+00 0.000E+00 0.000E+00 2.288E-01   0.000000 1.000E+00 1.000E+00
   1  741770  1     7.920E+03 0.000E+00 1.000E+00 0.000E+00 0.000E+00 0.000E+00
   1      0.000E+00 0.000E+00 0.000E+00 8.972E-01   0.000000 1.000E+00 1.000E+00
   1  741780  1     1.866E+06 0.000E+00 1.000E+00 0.000E+00 0.000E+00 0.000E+00
   1      0.000E+00 0.000E+00 0.000E+00 2.616E-02   0.000000 1.000E+00 1.000E+00
   1  741790  1     2.223E+03 0.000E+00 1.000E+00 0.000E+00 0.000E+00 0.000E+00
   1      0.000E+00 0.000E+00 0.000E+00 6.721E-02   0.000000 1.000E+00 1.000E+00
   1  741791  1     3.840E+02 0.000E+00 2.800E-03 0.000E+00 0.000E+00 9.972E-01
   1      0.000E+00 0.000E+00 0.000E+00 2.237E-01   0.000000 1.000E+00 1.000E+00
   1  741800  6     0.000E+00 0.000E+00 0.000E+00 0.000E+00 0.000E+00 0.000E+00
   1      0.000E+00 0.000E+00 0.000E+00 0.000E+00   0.120000 1.000E+00 1.000E+00
   1  741801  1     5.470E-03 0.000E+00 0.000E+00 0.000E+00 0.000E+00 1.000E+00
   1      0.000E+00 0.000E+00 0.000E+00 1.529E+00   0.000000 1.000E+00 1.000E+00
   1  741810  1     1.045E+07 0.000E+00 1.000E+00 0.000E+00 0.000E+00 0.000E+00
   1      0.000E+00 0.000E+00 0.000E+00 5.389E-02   0.000000 1.000E+00 1.000E+00
   1  741820  6     0.000E+00 0.000E+00 0.000E+00 0.000E+00 0.000E+00 0.000E+00
   1      0.000E+00 0.000E+00 0.000E+00 0.000E+00  26.498000 1.000E+00 1.000E+00
   1  741830  1     3.471E+24 0.000E+00 0.000E+00 0.000E+00 1.000E+00 0.000E+00
   1      0.000E+00 0.000E+00 0.000E+00 1.187E+00  14.314000 1.000E+00 1.000E+00
   1  741831  1     5.250E+00 0.000E+00 0.000E+00 0.000E+00 0.000E+00 1.000E+00
   1      0.000E+00 0.000E+00 0.000E+00 3.094E-01   0.000000 1.000E+00 1.000E+00
   1  741840  1     1.262E+25 0.000E+00 0.000E+00 0.000E+00 1.000E+00 0.000E+00
   1      0.000E+00 0.000E+00 0.000E+00 1.656E+00  30.642000 1.000E+00 1.000E+00
   1  741850  1     6.489E+06 0.000E+00 0.000E+00 0.000E+00 0.000E+00 0.000E+00
   1      1.000E+00 0.000E+00 0.000E+00 1.269E-01   0.000000 1.000E+00 1.000E+00
   1  741851  1     1.000E+02 0.000E+00 0.000E+00 0.000E+00 0.000E+00 1.000E+00
   1      0.000E+00 0.000E+00 0.000E+00 1.977E-01   0.000000 1.000E+00 1.000E+00
   1  741860  1     1.862E+25 0.000E+00 0.000E+00 0.000E+00 5.000E-01 0.000E+00
   1      5.000E-01 0.000E+00 0.000E+00 8.073E-01  28.426000 1.000E+00 1.000E+00
   1  741861  1     3.000E-03 0.000E+00 0.000E+00 0.000E+00 0.000E+00 1.000E+00
   1      0.000E+00 0.000E+00 0.000E+00 3.543E+00   0.000000 1.000E+00 1.000E+00
   1  741870  1     8.586E+04 0.000E+00 0.000E+00 0.000E+00 0.000E+00 0.000E+00
   1      1.000E+00 0.000E+00 0.000E+00 7.434E-01   0.000000 1.000E+00 1.000E+00
   1  741880  1     6.029E+06 0.000E+00 0.000E+00 0.000E+00 0.000E+00 0.000E+00
   1      1.000E+00 0.000E+00 0.000E+00 1.015E-01   0.000000 1.000E+00 1.000E+00
   1  741890  1     6.420E+02 0.000E+00 0.000E+00 0.000E+00 0.000E+00 0.000E+00
   1      1.000E+00 0.000E+00 0.000E+00 1.665E+00   0.000000 1.000E+00 1.000E+00
   1  741900  1     1.800E+03 0.000E+00 0.000E+00 0.000E+00 0.000E+00 0.000E+00
   1      1.000E+00 0.000E+00 0.000E+00 6.168E-01   0.000000 1.000E+00 1.000E+00
   1  741901  1     3.100E-03 0.000E+00 0.000E+00 0.000E+00 0.000E+00 1.000E+00
   1      0.000E+00 0.000E+00 0.000E+00 2.381E+00   0.000000 1.000E+00 1.000E+00
   1  741910  1     2.000E+01 0.000E+00 0.000E+00 0.000E+00 0.000E+00 0.000E+00
   1      1.000E+00 0.000E+00 0.000E+00 2.159E+00   0.000000 1.000E+00 1.000E+00
   1  741920  1     1.000E+01 0.000E+00 0.000E+00 0.000E+00 0.000E+00 0.000E+00
   1      1.000E+00 0.000E+00 0.000E+00 1.373E+00   0.000000 1.000E+00 1.000E+00
   1  751600  1     8.600E-04 0.000E+00 0.000E+00 0.000E+00 9.000E-02 0.000E+00
   1      0.000E+00 0.000E+00 0.000E+00 1.770E+00   0.000000 1.000E+00 1.000E+00
   1  751610  1     3.700E-04 0.000E+00 0.000E+00 0.000E+00 0.000E+00 0.000E+00
   1      0.000E+00 0.000E+00 0.000E+00 7.519E-03   0.000000 1.000E+00 1.000E+00
   1  751611  1     1.560E-02 0.000E+00 0.000E+00 0.000E+00 9.520E-01 0.000E+00
   1      0.000E+00 0.000E+00 0.000E+00 6.182E+00   0.000000 1.000E+00 1.000E+00
   1  751620  1     1.070E-01 0.000E+00 6.000E-02 0.000E+00 9.400E-01 0.000E+00
   1      0.000E+00 0.000E+00 0.000E+00 6.336E+00   0.000000 1.000E+00 1.000E+00
   1  751621  1     7.700E-02 0.000E+00 9.000E-02 0.000E+00 9.100E-01 0.000E+00
   1      0.000E+00 0.000E+00 0.000E+00 6.423E+00   0.000000 1.000E+00 1.000E+00
   1  751630  1     3.900E-01 0.000E+00 6.800E-01 0.000E+00 3.200E-01 0.000E+00
   1      0.000E+00 0.000E+00 0.000E+00 5.961E+00   0.000000 1.000E+00 1.000E+00
   1  751631  1     2.140E-01 0.000E+00 3.400E-01 0.000E+00 6.600E-01 0.000E+00
   1      0.000E+00 0.000E+00 0.000E+00 6.048E+00   0.000000 1.000E+00 1.000E+00
   1  751640  1     1.000E-09 0.000E+00 0.000E+00 0.000E+00 1.000E+00 0.000E+00
   1      0.000E+00 0.000E+00 0.000E+00 5.505E+00   0.000000 1.000E+00 1.000E+00
   1  751641  1     5.300E-01 0.000E+00 4.200E-01 0.000E+00 5.800E-01 0.000E+00
   1      0.000E+00 0.000E+00 0.000E+00 6.528E+00   0.000000 1.000E+00 1.000E+00
   1  751650  1     1.000E+00 0.000E+00 5.000E-01 0.000E+00 5.000E-01 0.000E+00
   1      0.000E+00 0.000E+00 0.000E+00 5.559E+00   0.000000 1.000E+00 1.000E+00
   1  751651  1     2.100E+00 0.000E+00 8.700E-01 0.000E+00 1.300E-01 0.000E+00
   1      0.000E+00 0.000E+00 0.000E+00 5.520E+00   0.000000 1.000E+00 1.000E+00
   1  751660  1     2.000E+00 0.000E+00 5.000E-01 0.000E+00 5.000E-01 0.000E+00
   1      0.000E+00 0.000E+00 0.000E+00 6.100E+00   0.000000 1.000E+00 1.000E+00
   1  751661  1     2.500E+00 0.000E+00 9.500E-01 0.000E+00 5.000E-02 0.000E+00
   1      0.000E+00 0.000E+00 0.000E+00 6.806E+00   0.000000 1.000E+00 1.000E+00
   1  751670  1     3.400E+00 0.000E+00 0.000E+00 0.000E+00 1.000E+00 0.000E+00
   1      0.000E+00 0.000E+00 0.000E+00 5.275E+00   0.000000 1.000E+00 1.000E+00
   1  751671  1     5.900E+00 0.000E+00 9.900E-01 0.000E+00 1.000E-02 0.000E+00
   1      0.000E+00 0.000E+00 0.000E+00 4.924E+00   0.000000 1.000E+00 1.000E+00
   1  751680  1     4.400E+00 0.000E+00 9.999E-01 0.000E+00 5.000E-05 0.000E+00
   1      0.000E+00 0.000E+00 0.000E+00 6.067E+00   0.000000 1.000E+00 1.000E+00
   1  751690  1     8.100E+00 0.000E+00 9.999E-01 0.000E+00 5.000E-05 0.000E+00
   1      0.000E+00 0.000E+00 0.000E+00 4.355E+00   0.000000 1.000E+00 1.000E+00
   1  751691  1     1.510E+01 0.000E+00 9.980E-01 0.000E+00 2.000E-03 0.000E+00
   1      0.000E+00 0.000E+00 0.000E+00 4.463E+00   0.000000 1.000E+00 1.000E+00
   1  751700  1     9.200E+00 0.000E+00 9.999E-01 0.000E+00 1.000E-04 0.000E+00
   1      0.000E+00 0.000E+00 0.000E+00 5.583E+00   0.000000 1.000E+00 1.000E+00
   1  751710  1     1.520E+01 0.000E+00 1.000E+00 0.000E+00 0.000E+00 0.000E+00
   1      0.000E+00 0.000E+00 0.000E+00 3.891E+00   0.000000 1.000E+00 1.000E+00
   1  751720  1     1.500E+01 0.000E+00 1.000E+00 0.000E+00 0.000E+00 0.000E+00
   1      0.000E+00 0.000E+00 0.000E+00 5.051E+00   0.000000 1.000E+00 1.000E+00
   1  751721  1     5.500E+01 0.000E+00 1.000E+00 0.000E+00 0.000E+00 0.000E+00
   1      0.000E+00 0.000E+00 0.000E+00 5.051E+00   0.000000 1.000E+00 1.000E+00
   1  751730  1     1.200E+02 0.000E+00 1.000E+00 0.000E+00 0.000E+00 0.000E+00
   1      0.000E+00 0.000E+00 0.000E+00 3.449E+00   0.000000 1.000E+00 1.000E+00
   1  751740  1     1.440E+02 0.000E+00 1.000E+00 0.000E+00 0.000E+00 0.000E+00
   1      0.000E+00 0.000E+00 0.000E+00 4.369E+00   0.000000 1.000E+00 1.000E+00
   1  751750  1     3.534E+02 0.000E+00 1.000E+00 0.000E+00 0.000E+00 0.000E+00
   1      0.000E+00 0.000E+00 0.000E+00 2.897E+00   0.000000 1.000E+00 1.000E+00
   1  751760  1     3.180E+02 0.000E+00 1.000E+00 0.000E+00 0.000E+00 0.000E+00
   1      0.000E+00 0.000E+00 0.000E+00 2.139E+00   0.000000 1.000E+00 1.000E+00
   1  751770  1     8.400E+02 0.000E+00 1.000E+00 0.000E+00 0.000E+00 0.000E+00
   1      0.000E+00 0.000E+00 0.000E+00 2.289E+00   0.000000 1.000E+00 1.000E+00
   1  751780  1     7.920E+02 0.000E+00 1.000E+00 0.000E+00 0.000E+00 0.000E+00
   1      0.000E+00 0.000E+00 0.000E+00 3.175E+00   0.000000 1.000E+00 1.000E+00
   1  751790  1     1.170E+03 0.000E+00 1.000E+00 2.400E-01 0.000E+00 0.000E+00
   1      0.000E+00 0.000E+00 0.000E+00 1.776E+00   0.000000 1.000E+00 1.000E+00
   1  751800  1     1.464E+02 0.000E+00 1.000E+00 0.000E+00 0.000E+00 0.000E+00
   1      0.000E+00 0.000E+00 0.000E+00 1.281E+00   0.000000 1.000E+00 1.000E+00
   1  751810  1     7.164E+04 0.000E+00 1.000E+00 0.000E+00 0.000E+00 0.000E+00
   1      0.000E+00 0.000E+00 0.000E+00 9.146E-01   0.000000 1.000E+00 1.000E+00
   1  751820  1     2.304E+05 0.000E+00 1.000E+00 0.000E+00 0.000E+00 0.000E+00
   1      0.000E+00 0.000E+00 0.000E+00 1.983E+00   0.000000 1.000E+00 1.000E+00
   1  751821  1     4.572E+04 0.000E+00 1.000E+00 0.000E+00 0.000E+00 0.000E+00
   1      0.000E+00 0.000E+00 0.000E+00 1.282E+00   0.000000 1.000E+00 1.000E+00
   1  751830  1     6.048E+06 0.000E+00 1.000E+00 0.000E+00 0.000E+00 0.000E+00
   1      0.000E+00 0.000E+00 0.000E+00 2.703E-01   0.000000 1.000E+00 1.000E+00
   1  751831  1     1.030E-03 0.000E+00 0.000E+00 0.000E+00 0.000E+00 1.000E+00
   1      0.000E+00 0.000E+00 0.000E+00 1.906E+00   0.000000 1.000E+00 1.000E+00
   1  751840  1     3.059E+06 0.000E+00 1.000E+00 0.000E+00 0.000E+00 0.000E+00
   1      0.000E+00 0.000E+00 0.000E+00 9.604E-01   0.000000 1.000E+00 1.000E+00
   1  751841  1     1.452E+07 0.000E+00 2.520E-01 0.000E+00 0.000E+00 7.480E-01
   1      0.000E+00 0.000E+00 0.000E+00 5.306E-01   0.000000 1.000E+00 1.000E+00
   1  751850  6     0.000E+00 0.000E+00 0.000E+00 0.000E+00 0.000E+00 0.000E+00
   1      0.000E+00 0.000E+00 0.000E+00 0.000E+00  37.400000 1.000E+00 1.000E+00
   1  751860  1     3.240E+05 0.000E+00 6.870E-02 0.000E+00 0.000E+00 0.000E+00
   1      9.313E-01 0.000E+00 0.000E+00 3.582E-01   0.000000 1.000E+00 1.000E+00
   1  751861  1     5.996E+12 0.000E+00 0.000E+00 0.000E+00 0.000E+00 1.000E+00
   1      0.000E+00 0.000E+00 0.000E+00 1.496E-01   0.000000 1.000E+00 1.000E+00
   1  751870  1     1.366E+18 0.000E+00 0.000E+00 0.000E+00 0.000E+00 0.000E+00
   1      1.000E+00 0.000E+00 0.000E+00 6.177E-04  62.600000 1.000E+00 1.000E+00
   1  751880  1     6.122E+04 0.000E+00 0.000E+00 0.000E+00 0.000E+00 0.000E+00
   1      1.000E+00 0.000E+00 0.000E+00 8.412E-01   0.000000 1.000E+00 1.000E+00
   1  751881  1     1.115E+03 0.000E+00 0.000E+00 0.000E+00 0.000E+00 1.000E+00
   1      0.000E+00 0.000E+00 0.000E+00 1.721E-01   0.000000 1.000E+00 1.000E+00
   1  751890  1     8.748E+04 1.028E-01 0.000E+00 0.000E+00 0.000E+00 0.000E+00
   1      1.000E+00 0.000E+00 0.000E+00 3.865E-01   0.000000 1.000E+00 1.000E+00
   1  751900  1     1.860E+02 0.000E+00 0.000E+00 0.000E+00 0.000E+00 0.000E+00
   1      1.000E+00 0.000E+00 0.000E+00 2.038E+00   0.000000 1.000E+00 1.000E+00
   1  751901  1     1.152E+04 1.000E+00 0.000E+00 0.000E+00 0.000E+00 4.560E-01
   1      5.440E-01 0.000E+00 0.000E+00 6.909E-01   0.000000 1.000E+00 1.000E+00
   1  751910  1     5.820E+02 0.000E+00 0.000E+00 0.000E+00 0.000E+00 0.000E+00
   1      1.000E+00 0.000E+00 0.000E+00 7.292E-01   0.000000 1.000E+00 1.000E+00
   1  751920  1     6.200E+00 0.000E+00 0.000E+00 0.000E+00 0.000E+00 0.000E+00
   1      1.000E+00 0.000E+00 0.000E+00 1.797E+00   0.000000 1.000E+00 1.000E+00
   1  751930  1     3.000E+01 0.000E+00 0.000E+00 0.000E+00 0.000E+00 0.000E+00
   1      1.000E+00 0.000E+00 0.000E+00 2.062E+00   0.000000 1.000E+00 1.000E+00
   1  751940  1     2.000E+00 0.000E+00 0.000E+00 0.000E+00 0.000E+00 0.000E+00
   1      1.000E+00 0.000E+00 0.000E+00 3.255E+00   0.000000 1.000E+00 1.000E+00
   1  761620  1     2.050E-03 0.000E+00 0.000E+00 0.000E+00 1.000E+00 0.000E+00
   1      0.000E+00 0.000E+00 0.000E+00 6.770E+00   0.000000 1.000E+00 1.000E+00
   1  761630  1     5.500E-03 0.000E+00 0.000E+00 0.000E+00 1.000E+00 0.000E+00
   1      0.000E+00 0.000E+00 0.000E+00 6.685E+00   0.000000 1.000E+00 1.000E+00
   1  761640  1     2.100E-02 0.000E+00 2.000E-02 1.000E+00 9.800E-01 0.000E+00
   1      0.000E+00 0.000E+00 0.000E+00 6.438E+00   0.000000 1.000E+00 1.000E+00
   1  761650  1     7.100E-02 0.000E+00 4.000E-01 5.000E-01 6.000E-01 0.000E+00
   1      0.000E+00 0.000E+00 0.000E+00 6.197E+00   0.000000 1.000E+00 1.000E+00
   1  761660  1     2.160E-01 0.000E+00 2.800E-01 0.000E+00 7.200E-01 0.000E+00
   1      0.000E+00 0.000E+00 0.000E+00 5.617E+00   0.000000 1.000E+00 1.000E+00
   1  761670  1     8.100E-01 0.000E+00 4.300E-01 1.000E+00 5.700E-01 0.000E+00
   1      0.000E+00 0.000E+00 0.000E+00 5.765E+00   0.000000 1.000E+00 1.000E+00
   1  761680  1     2.060E+00 0.000E+00 5.100E-01 0.000E+00 4.900E-01 0.000E+00
   1      0.000E+00 0.000E+00 0.000E+00 4.823E+00   0.000000 1.000E+00 1.000E+00
   1  761690  1     3.460E+00 0.000E+00 8.900E-01 5.000E-01 1.100E-01 0.000E+00
   1      0.000E+00 0.000E+00 0.000E+00 5.129E+00   0.000000 1.000E+00 1.000E+00
   1  761700  1     7.460E+00 0.000E+00 9.140E-01 0.000E+00 8.600E-02 0.000E+00
   1      0.000E+00 0.000E+00 0.000E+00 3.517E+00   0.000000 1.000E+00 1.000E+00
   1  761710  1     8.300E+00 0.000E+00 9.820E-01 0.000E+00 1.800E-02 0.000E+00
   1      0.000E+00 0.000E+00 0.000E+00 3.138E+00   0.000000 1.000E+00 1.000E+00
   1  761720  1     1.920E+01 0.000E+00 9.890E-01 1.000E+00 1.100E-02 0.000E+00
   1      0.000E+00 0.000E+00 0.000E+00 2.881E+00   0.000000 1.000E+00 1.000E+00
   1  761730  1     2.240E+01 0.000E+00 9.960E-01 0.000E+00 4.000E-03 0.000E+00
   1      0.000E+00 0.000E+00 0.000E+00 4.081E+00   0.000000 1.000E+00 1.000E+00
   1  761740  1     4.400E+01 0.000E+00 9.998E-01 0.000E+00 2.400E-04 0.000E+00
   1      0.000E+00 0.000E+00 0.000E+00 2.452E+00   0.000000 1.000E+00 1.000E+00
   1  761750  1     8.400E+01 0.000E+00 1.000E+00 0.000E+00 0.000E+00 0.000E+00
   1      0.000E+00 0.000E+00 0.000E+00 3.455E+00   0.000000 1.000E+00 1.000E+00
   1  761760  1     2.160E+02 0.000E+00 1.000E+00 0.000E+00 0.000E+00 0.000E+00
   1      0.000E+00 0.000E+00 0.000E+00 1.977E+00   0.000000 1.000E+00 1.000E+00
   1  761770  1     1.800E+02 0.000E+00 1.000E+00 0.000E+00 0.000E+00 0.000E+00
   1      0.000E+00 0.000E+00 0.000E+00 2.879E+00   0.000000 1.000E+00 1.000E+00
   1  761780  1     3.000E+02 0.000E+00 1.000E+00 0.000E+00 0.000E+00 0.000E+00
   1      0.000E+00 0.000E+00 0.000E+00 1.405E+00   0.000000 1.000E+00 1.000E+00
   1  761790  1     3.900E+02 0.000E+00 1.000E+00 0.000E+00 0.000E+00 0.000E+00
   1      0.000E+00 0.000E+00 0.000E+00 2.377E+00   0.000000 1.000E+00 1.000E+00
   1  761800  1     1.290E+03 0.000E+00 1.000E+00 0.000E+00 0.000E+00 0.000E+00
   1      0.000E+00 0.000E+00 0.000E+00 1.606E-01   0.000000 1.000E+00 1.000E+00
   1  761810  1     6.300E+03 0.000E+00 1.000E+00 0.000E+00 0.000E+00 0.000E+00
   1      0.000E+00 0.000E+00 0.000E+00 1.974E+00   0.000000 1.000E+00 1.000E+00
   1  761811  1     1.620E+02 0.000E+00 1.000E+00 0.000E+00 0.000E+00 0.000E+00
   1      0.000E+00 0.000E+00 0.000E+00 2.007E+00   0.000000 1.000E+00 1.000E+00
   1  761820  1     7.862E+04 0.000E+00 1.000E+00 0.000E+00 0.000E+00 0.000E+00
   1      0.000E+00 0.000E+00 0.000E+00 4.781E-01   0.000000 1.000E+00 1.000E+00
   1  761830  1     4.680E+04 0.000E+00 1.000E+00 0.000E+00 0.000E+00 0.000E+00
   1      0.000E+00 0.000E+00 0.000E+00 1.434E+00   0.000000 1.000E+00 1.000E+00
   1  761831  1     3.564E+04 0.000E+00 8.500E-01 0.000E+00 0.000E+00 1.500E-01
   1      0.000E+00 0.000E+00 0.000E+00 1.341E+00   0.000000 1.000E+00 1.000E+00
   1  761840  1     1.767E+21 0.000E+00 5.000E-01 0.000E+00 5.000E-01 0.000E+00
   1      0.000E+00 0.000E+00 0.000E+00 2.207E+00   0.020000 1.000E+00 1.000E+00
   1  761850  1     8.104E+06 0.000E+00 1.000E+00 0.000E+00 0.000E+00 0.000E+00
   1      0.000E+00 0.000E+00 0.000E+00 7.374E-01   0.000000 1.000E+00 1.000E+00
   1  761860  1     6.312E+22 0.000E+00 0.000E+00 0.000E+00 1.000E+00 0.000E+00
   1      0.000E+00 0.000E+00 0.000E+00 2.823E+00   1.580000 1.000E+00 1.000E+00
   1  761870  6     0.000E+00 0.000E+00 0.000E+00 0.000E+00 0.000E+00 0.000E+00
   1      0.000E+00 0.000E+00 0.000E+00 0.000E+00   1.600000 1.000E+00 1.000E+00
   1  761880  6     0.000E+00 0.000E+00 0.000E+00 0.000E+00 0.000E+00 0.000E+00
   1      0.000E+00 0.000E+00 0.000E+00 0.000E+00  13.300000 1.000E+00 1.000E+00
   1  761890  6     0.000E+00 0.000E+00 0.000E+00 0.000E+00 0.000E+00 0.000E+00
   1      0.000E+00 0.000E+00 0.000E+00 0.000E+00  16.100000 1.000E+00 1.000E+00
   1  761891  1     2.092E+04 0.000E+00 0.000E+00 0.000E+00 0.000E+00 1.000E+00
   1      0.000E+00 0.000E+00 0.000E+00 3.089E-02   0.000000 1.000E+00 1.000E+00
   1  761900  6     0.000E+00 0.000E+00 0.000E+00 0.000E+00 0.000E+00 0.000E+00
   1      0.000E+00 0.000E+00 0.000E+00 0.000E+00  26.400000 1.000E+00 1.000E+00
   1  761901  1     5.940E+02 0.000E+00 0.000E+00 0.000E+00 0.000E+00 1.000E+00
   1      0.000E+00 0.000E+00 0.000E+00 1.705E+00   0.000000 1.000E+00 1.000E+00
   1  761910  1     1.322E+06 1.000E+00 0.000E+00 0.000E+00 0.000E+00 0.000E+00
   1      1.000E+00 0.000E+00 0.000E+00 3.752E-02   0.000000 1.000E+00 1.000E+00
   1  761911  1     4.716E+04 0.000E+00 0.000E+00 0.000E+00 0.000E+00 1.000E+00
   1      0.000E+00 0.000E+00 0.000E+00 7.438E-02   0.000000 1.000E+00 1.000E+00
   1  761920  6     0.000E+00 0.000E+00 0.000E+00 0.000E+00 0.000E+00 0.000E+00
   1      0.000E+00 0.000E+00 0.000E+00 0.000E+00  41.000000 1.000E+00 1.000E+00
   1  761921  1     5.900E+00 1.000E+00 0.000E+00 0.000E+00 0.000E+00 8.700E-01
   1      1.300E-01 0.000E+00 0.000E+00 1.823E+00   0.000000 1.000E+00 1.000E+00
   1  761930  1     1.084E+05 2.652E-03 0.000E+00 0.000E+00 0.000E+00 0.000E+00
   1      1.000E+00 0.000E+00 0.000E+00 4.386E-01   0.000000 1.000E+00 1.000E+00
   1  761940  1     1.893E+08 0.000E+00 0.000E+00 0.000E+00 0.000E+00 0.000E+00
   1      1.000E+00 0.000E+00 0.000E+00 4.838E-02   0.000000 1.000E+00 1.000E+00
   1  761950  1     3.900E+02 0.000E+00 0.000E+00 0.000E+00 0.000E+00 0.000E+00
   1      1.000E+00 0.000E+00 0.000E+00 8.575E-01   0.000000 1.000E+00 1.000E+00
   1  761960  1     2.094E+03 0.000E+00 0.000E+00 0.000E+00 0.000E+00 0.000E+00
   1      1.000E+00 0.000E+00 0.000E+00 4.496E-01   0.000000 1.000E+00 1.000E+00
   1  771640  1     1.000E-03 0.000E+00 3.333E-01 0.000E+00 3.333E-01 0.000E+00
   1      0.000E+00 0.000E+00 0.000E+00 5.773E+00   0.000000 1.000E+00 1.000E+00
   1  771641  1     9.400E-05 0.000E+00 3.333E-01 0.000E+00 3.333E-01 0.000E+00
   1      0.000E+00 0.000E+00 0.000E+00 6.013E+00   0.000000 1.000E+00 1.000E+00
   1  771650  1     1.000E-06 0.000E+00 0.000E+00 0.000E+00 5.000E-01 0.000E+00
   1      0.000E+00 0.000E+00 0.000E+00 4.183E+00   0.000000 1.000E+00 1.000E+00
   1  771660  1     1.050E-02 0.000E+00 0.000E+00 0.000E+00 9.310E-01 0.000E+00
   1      0.000E+00 0.000E+00 0.000E+00 6.261E+00   0.000000 1.000E+00 1.000E+00
   1  771661  1     1.510E-02 0.000E+00 0.000E+00 0.000E+00 9.820E-01 0.000E+00
   1      0.000E+00 0.000E+00 0.000E+00 6.617E+00   0.000000 1.000E+00 1.000E+00
   1  771670  1     3.520E-02 0.000E+00 2.000E-01 0.000E+00 4.800E-01 0.000E+00
   1      0.000E+00 0.000E+00 0.000E+00 4.720E+00   0.000000 1.000E+00 1.000E+00
   1  771671  1     3.000E-02 0.000E+00 1.960E-01 0.000E+00 8.000E-01 0.000E+00
   1      0.000E+00 0.000E+00 0.000E+00 6.510E+00   0.000000 1.000E+00 1.000E+00
   1  771680  1     1.610E-01 0.000E+00 0.000E+00 0.000E+00 1.000E+00 0.000E+00
   1      0.000E+00 0.000E+00 0.000E+00 6.475E+00   0.000000 1.000E+00 1.000E+00
   1  771681  1     1.250E-01 0.000E+00 5.000E-01 0.000E+00 5.000E-01 0.000E+00
   1      0.000E+00 0.000E+00 0.000E+00 7.003E+00   0.000000 1.000E+00 1.000E+00
   1  771690  1     3.530E-01 0.000E+00 0.000E+00 0.000E+00 4.500E-01 0.000E+00
   1      0.000E+00 0.000E+00 0.000E+00 2.763E+00   0.000000 1.000E+00 1.000E+00
   1  771691  1     3.080E-01 0.000E+00 2.800E-01 0.000E+00 7.200E-01 0.000E+00
   1      0.000E+00 0.000E+00 0.000E+00 6.147E+00   0.000000 1.000E+00 1.000E+00
   1  771700  1     9.100E-01 0.000E+00 9.480E-01 0.000E+00 5.200E-02 0.000E+00
   1      0.000E+00 0.000E+00 0.000E+00 7.015E+00   0.000000 1.000E+00 1.000E+00
   1  771701  1     4.400E-01 0.000E+00 3.200E-01 0.000E+00 3.600E-01 3.200E-01
   1      0.000E+00 0.000E+00 0.000E+00 4.747E+00   0.000000 1.000E+00 1.000E+00
   1  771710  1     3.600E+00 0.000E+00 0.000E+00 0.000E+00 1.000E+00 0.000E+00
   1      0.000E+00 0.000E+00 0.000E+00 5.855E+00   0.000000 1.000E+00 1.000E+00
   1  771711  1     1.400E+00 0.000E+00 2.100E-01 0.000E+00 5.800E-01 0.000E+00
   1      0.000E+00 0.000E+00 0.000E+00 4.783E+00   0.000000 1.000E+00 1.000E+00
   1  771720  1     4.400E+00 0.000E+00 9.800E-01 0.000E+00 2.000E-02 0.000E+00
   1      0.000E+00 0.000E+00 0.000E+00 6.466E+00   0.000000 1.000E+00 1.000E+00
   1  771721  1     2.000E+00 0.000E+00 7.700E-01 0.000E+00 2.300E-01 0.000E+00
   1      0.000E+00 0.000E+00 0.000E+00 6.436E+00   0.000000 1.000E+00 1.000E+00
   1  771730  1     9.000E+00 0.000E+00 9.300E-01 0.000E+00 7.000E-02 0.000E+00
   1      0.000E+00 0.000E+00 0.000E+00 4.836E+00   0.000000 1.000E+00 1.000E+00
   1  771731  1     2.200E+00 0.000E+00 8.800E-01 0.000E+00 1.200E-01 0.000E+00
   1      0.000E+00 0.000E+00 0.000E+00 5.063E+00   0.000000 1.000E+00 1.000E+00
   1  771740  1     7.900E+00 0.000E+00 9.950E-01 0.000E+00 5.000E-03 0.000E+00
   1      0.000E+00 0.000E+00 0.000E+00 6.082E+00   0.000000 1.000E+00 1.000E+00
   1  771741  1     4.900E+00 0.000E+00 9.750E-01 0.000E+00 2.500E-02 0.000E+00
   1      0.000E+00 0.000E+00 0.000E+00 6.203E+00   0.000000 1.000E+00 1.000E+00
   1  771750  1     9.000E+00 0.000E+00 9.915E-01 0.000E+00 8.500E-03 0.000E+00
   1      0.000E+00 0.000E+00 0.000E+00 4.459E+00   0.000000 1.000E+00 1.000E+00
   1  771760  1     8.300E+00 0.000E+00 9.690E-01 0.000E+00 3.100E-02 0.000E+00
   1      0.000E+00 0.000E+00 0.000E+00 5.483E+00   0.000000 1.000E+00 1.000E+00
   1  771770  1     3.000E+01 0.000E+00 9.994E-01 0.000E+00 6.000E-04 0.000E+00
   1      0.000E+00 0.000E+00 0.000E+00 3.936E+00   0.000000 1.000E+00 1.000E+00
   1  771780  1     1.200E+01 0.000E+00 1.000E+00 0.000E+00 0.000E+00 0.000E+00
   1      0.000E+00 0.000E+00 0.000E+00 4.863E+00   0.000000 1.000E+00 1.000E+00
   1  771790  1     7.900E+01 0.000E+00 1.000E+00 0.000E+00 0.000E+00 0.000E+00
   1      0.000E+00 0.000E+00 0.000E+00 3.295E+00   0.000000 1.000E+00 1.000E+00
   1  771800  1     9.000E+01 0.000E+00 1.000E+00 0.000E+00 0.000E+00 0.000E+00
   1      0.000E+00 0.000E+00 0.000E+00 4.254E+00   0.000000 1.000E+00 1.000E+00
   1  771810  1     2.940E+02 0.000E+00 1.000E+00 5.000E-01 0.000E+00 0.000E+00
   1      0.000E+00 0.000E+00 0.000E+00 2.702E+00   0.000000 1.000E+00 1.000E+00
   1  771820  1     9.000E+02 0.000E+00 1.000E+00 0.000E+00 0.000E+00 0.000E+00
   1      0.000E+00 0.000E+00 0.000E+00 3.705E+00   0.000000 1.000E+00 1.000E+00
   1  771830  1     3.480E+03 0.000E+00 9.995E-01 6.700E-01 5.000E-04 0.000E+00
   1      0.000E+00 0.000E+00 0.000E+00 2.233E+00   0.000000 1.000E+00 1.000E+00
   1  771840  1     1.112E+04 0.000E+00 1.000E+00 0.000E+00 0.000E+00 0.000E+00
   1      0.000E+00 0.000E+00 0.000E+00 3.097E+00   0.000000 1.000E+00 1.000E+00
   1  771850  1     5.184E+04 0.000E+00 1.000E+00 0.000E+00 0.000E+00 0.000E+00
   1      0.000E+00 0.000E+00 0.000E+00 1.649E+00   0.000000 1.000E+00 1.000E+00
   1  771860  1     5.990E+04 0.000E+00 1.000E+00 0.000E+00 0.000E+00 0.000E+00
   1      0.000E+00 0.000E+00 0.000E+00 2.551E+00   0.000000 1.000E+00 1.000E+00
   1  771861  1     6.912E+03 0.000E+00 7.500E-01 0.000E+00 0.000E+00 2.500E-01
   1      0.000E+00 0.000E+00 0.000E+00 1.914E+00   0.000000 1.000E+00 1.000E+00
   1  771870  1     3.780E+04 0.000E+00 1.000E+00 0.000E+00 0.000E+00 0.000E+00
   1      0.000E+00 0.000E+00 0.000E+00 3.653E-01   0.000000 1.000E+00 1.000E+00
   1  771871  1     3.030E-02 0.000E+00 0.000E+00 0.000E+00 0.000E+00 1.000E+00
   1      0.000E+00 0.000E+00 0.000E+00 1.861E-01   0.000000 1.000E+00 1.000E+00
   1  771880  1     1.494E+05 0.000E+00 1.000E+00 0.000E+00 0.000E+00 0.000E+00
   1      0.000E+00 0.000E+00 0.000E+00 1.872E+00   0.000000 1.000E+00 1.000E+00
   1  771881  1     4.200E-03 0.000E+00 0.000E+00 0.000E+00 0.000E+00 1.000E+00
   1      0.000E+00 0.000E+00 0.000E+00 9.700E-01   0.000000 1.000E+00 1.000E+00
   1  771890  1     1.140E+06 0.000E+00 1.000E+00 7.500E-02 0.000E+00 0.000E+00
   1      0.000E+00 0.000E+00 0.000E+00 1.242E-01   0.000000 1.000E+00 1.000E+00
   1  771891  1     1.330E-02 0.000E+00 0.000E+00 0.000E+00 0.000E+00 1.000E+00
   1      0.000E+00 0.000E+00 0.000E+00 3.722E-01   0.000000 1.000E+00 1.000E+00
   1  771892  1     3.700E-03 0.000E+00 0.000E+00 0.000E+00 0.000E+00 0.000E+00
   1      0.000E+00 1.000E+00 0.000E+00 1.961E+00   0.000000 1.000E+00 1.000E+00
   1  771900  1     1.037E+06 0.000E+00 1.000E+00 0.000E+00 0.000E+00 0.000E+00
   1      0.000E+00 0.000E+00 0.000E+00 1.550E+00   0.000000 1.000E+00 1.000E+00
   1  771901  1     4.032E+03 0.000E+00 0.000E+00 0.000E+00 0.000E+00 1.000E+00
   1      0.000E+00 0.000E+00 0.000E+00 2.612E-02   0.000000 1.000E+00 1.000E+00
   1  771902  1     1.111E+04 0.000E+00 9.140E-01 1.000E+00 0.000E+00 8.600E-02
   1      0.000E+00 0.000E+00 0.000E+00 8.775E-02   0.000000 1.000E+00 1.000E+00
   1  771910  6     0.000E+00 0.000E+00 0.000E+00 0.000E+00 0.000E+00 0.000E+00
   1      0.000E+00 0.000E+00 0.000E+00 0.000E+00  37.300000 1.000E+00 1.000E+00
   1  771911  1     4.900E+00 0.000E+00 0.000E+00 0.000E+00 0.000E+00 1.000E+00
   1      0.000E+00 0.000E+00 0.000E+00 1.711E-01   0.000000 1.000E+00 1.000E+00
   1  771912  1     5.500E+00 0.000E+00 0.000E+00 0.000E+00 0.000E+00 0.000E+00
   1      0.000E+00 1.000E+00 0.000E+00 1.914E+00   0.000000 1.000E+00 1.000E+00
   1  771920  1     6.378E+06 0.000E+00 4.800E-02 0.000E+00 0.000E+00 0.000E+00
   1      9.520E-01 0.000E+00 0.000E+00 1.034E+00   0.000000 1.000E+00 1.000E+00
   1  771921  1     8.640E+01 0.000E+00 0.000E+00 0.000E+00 0.000E+00 9.998E-01
   1      1.750E-04 0.000E+00 0.000E+00 5.687E-02   0.000000 1.000E+00 1.000E+00
   1  771922  1     7.605E+09 0.000E+00 0.000E+00 0.000E+00 0.000E+00 1.000E+00
   1      0.000E+00 0.000E+00 0.000E+00 1.681E-01   0.000000 1.000E+00 1.000E+00
   1  771930  6     0.000E+00 0.000E+00 0.000E+00 0.000E+00 0.000E+00 0.000E+00
   1      0.000E+00 0.000E+00 0.000E+00 0.000E+00  62.700000 1.000E+00 1.000E+00
   1  771931  1     9.098E+05 0.000E+00 0.000E+00 0.000E+00 0.000E+00 1.000E+00
   1      0.000E+00 0.000E+00 0.000E+00 8.030E-02   0.000000 1.000E+00 1.000E+00
   1  771940  1     6.948E+04 0.000E+00 0.000E+00 0.000E+00 0.000E+00 0.000E+00
   1      1.000E+00 0.000E+00 0.000E+00 9.011E-01   0.000000 1.000E+00 1.000E+00
   1  771941  1     3.183E-02 0.000E+00 0.000E+00 0.000E+00 0.000E+00 1.000E+00
   1      0.000E+00 0.000E+00 0.000E+00 1.465E-01   0.000000 1.000E+00 1.000E+00
   1  771942  1     1.477E+07 0.000E+00 0.000E+00 0.000E+00 0.000E+00 0.000E+00
   1      1.000E+00 0.000E+00 0.000E+00 2.456E+00   0.000000 1.000E+00 1.000E+00
   1  771950  1     9.000E+03 0.000E+00 0.000E+00 0.000E+00 0.000E+00 0.000E+00
   1      1.000E+00 0.000E+00 0.000E+00 4.341E-01   0.000000 1.000E+00 1.000E+00
   1  771951  1     1.368E+04 3.200E-01 0.000E+00 0.000E+00 0.000E+00 5.000E-02
   1      9.500E-01 0.000E+00 0.000E+00 7.326E-01   0.000000 1.000E+00 1.000E+00
   1  771960  1     5.200E+01 0.000E+00 0.000E+00 0.000E+00 0.000E+00 0.000E+00
   1      1.000E+00 0.000E+00 0.000E+00 1.384E+00   0.000000 1.000E+00 1.000E+00
   1  771961  1     5.040E+03 0.000E+00 0.000E+00 0.000E+00 0.000E+00 3.000E-03
   1      9.970E-01 0.000E+00 0.000E+00 2.272E+00   0.000000 1.000E+00 1.000E+00
   1  771970  1     3.480E+02 0.000E+00 0.000E+00 0.000E+00 0.000E+00 0.000E+00
   1      1.000E+00 0.000E+00 0.000E+00 9.572E-01   0.000000 1.000E+00 1.000E+00
   1  771971  1     5.340E+02 1.000E+00 0.000E+00 0.000E+00 0.000E+00 2.500E-03
   1      9.975E-01 0.000E+00 0.000E+00 6.821E-01   0.000000 1.000E+00 1.000E+00
   1  771980  1     8.000E+00 0.000E+00 0.000E+00 0.000E+00 0.000E+00 0.000E+00
   1      1.000E+00 0.000E+00 0.000E+00 2.725E+00   0.000000 1.000E+00 1.000E+00
   1  771990  1     2.000E+01 0.000E+00 0.000E+00 0.000E+00 0.000E+00 0.000E+00
   1      1.000E+00 0.000E+00 0.000E+00 1.995E+00   0.000000 1.000E+00 1.000E+00
   1  781660  1     3.000E-04 0.000E+00 0.000E+00 0.000E+00 1.000E+00 0.000E+00
   1      0.000E+00 0.000E+00 0.000E+00 7.285E+00   0.000000 1.000E+00 1.000E+00
   1  781670  1     7.000E-04 0.000E+00 0.000E+00 0.000E+00 1.000E+00 0.000E+00
   1      0.000E+00 0.000E+00 0.000E+00 7.155E+00   0.000000 1.000E+00 1.000E+00
   1  781680  1     2.000E-03 0.000E+00 0.000E+00 0.000E+00 9.930E-01 0.000E+00
   1      0.000E+00 0.000E+00 0.000E+00 6.950E+00   0.000000 1.000E+00 1.000E+00
   1  781690  1     3.700E-03 0.000E+00 1.000E-02 0.000E+00 9.900E-01 0.000E+00
   1      0.000E+00 0.000E+00 0.000E+00 6.841E+00   0.000000 1.000E+00 1.000E+00
   1  781700  1     1.380E-02 0.000E+00 2.000E-02 5.000E-01 9.800E-01 0.000E+00
   1      0.000E+00 0.000E+00 0.000E+00 6.664E+00   0.000000 1.000E+00 1.000E+00
   1  781710  1     4.400E-02 0.000E+00 2.000E-02 0.000E+00 9.800E-01 0.000E+00
   1      0.000E+00 0.000E+00 0.000E+00 6.592E+00   0.000000 1.000E+00 1.000E+00
   1  781720  1     9.840E-02 0.000E+00 2.300E-01 0.000E+00 7.700E-01 0.000E+00
   1      0.000E+00 0.000E+00 0.000E+00 5.962E+00   0.000000 1.000E+00 1.000E+00
   1  781730  1     3.650E-01 0.000E+00 1.600E-01 0.000E+00 8.400E-01 0.000E+00
   1      0.000E+00 0.000E+00 0.000E+00 6.228E+00   0.000000 1.000E+00 1.000E+00
   1  781740  1     8.890E-01 0.000E+00 2.400E-01 0.000E+00 7.600E-01 0.000E+00
   1      0.000E+00 0.000E+00 0.000E+00 5.588E+00   0.000000 1.000E+00 1.000E+00
   1  781750  1     2.530E+00 0.000E+00 3.600E-01 0.000E+00 6.400E-01 0.000E+00
   1      0.000E+00 0.000E+00 0.000E+00 5.811E+00   0.000000 1.000E+00 1.000E+00
   1  781760  1     6.330E+00 0.000E+00 6.200E-01 0.000E+00 3.800E-01 0.000E+00
   1      0.000E+00 0.000E+00 0.000E+00 4.275E+00   0.000000 1.000E+00 1.000E+00
   1  781770  1     1.060E+01 0.000E+00 9.430E-01 0.000E+00 5.700E-02 0.000E+00
   1      0.000E+00 0.000E+00 0.000E+00 4.519E+00   0.000000 1.000E+00 1.000E+00
   1  781780  1     2.110E+01 0.000E+00 9.230E-01 0.000E+00 7.700E-02 0.000E+00
   1      0.000E+00 0.000E+00 0.000E+00 3.047E+00   0.000000 1.000E+00 1.000E+00
   1  781790  1     2.120E+01 0.000E+00 9.976E-01 0.000E+00 2.400E-03 0.000E+00
   1      0.000E+00 0.000E+00 0.000E+00 3.879E+00   0.000000 1.000E+00 1.000E+00
   1  781800  1     5.600E+01 0.000E+00 9.970E-01 0.000E+00 3.000E-03 0.000E+00
   1      0.000E+00 0.000E+00 0.000E+00 2.370E+00   0.000000 1.000E+00 1.000E+00
   1  781810  1     5.200E+01 0.000E+00 9.993E-01 0.000E+00 7.400E-04 0.000E+00
   1      0.000E+00 0.000E+00 0.000E+00 3.399E+00   0.000000 1.000E+00 1.000E+00
   1  781820  1     1.320E+02 0.000E+00 9.996E-01 0.000E+00 3.800E-04 0.000E+00
   1      0.000E+00 0.000E+00 0.000E+00 1.923E+00   0.000000 1.000E+00 1.000E+00
   1  781830  1     3.900E+02 0.000E+00 9.999E-01 0.000E+00 9.600E-05 0.000E+00
   1      0.000E+00 0.000E+00 0.000E+00 2.950E+00   0.000000 1.000E+00 1.000E+00
   1  781831  1     4.300E+01 0.000E+00 1.000E+00 0.000E+00 4.000E-06 0.000E+00
   1      0.000E+00 0.000E+00 0.000E+00 2.973E+00   0.000000 1.000E+00 1.000E+00
   1  781840  1     1.038E+03 0.000E+00 1.000E+00 0.000E+00 1.700E-05 0.000E+00
   1      0.000E+00 0.000E+00 0.000E+00 1.519E+00   0.000000 1.000E+00 1.000E+00
   1  781841  1     1.010E-03 0.000E+00 0.000E+00 0.000E+00 0.000E+00 1.000E+00
   1      0.000E+00 0.000E+00 0.000E+00 1.839E+00   0.000000 1.000E+00 1.000E+00
   1  781850  1     4.254E+03 0.000E+00 9.999E-01 0.000E+00 5.000E-05 0.000E+00
   1      0.000E+00 0.000E+00 0.000E+00 2.437E+00   0.000000 1.000E+00 1.000E+00
   1  781851  1     1.980E+03 0.000E+00 9.800E-01 0.000E+00 0.000E+00 2.000E-02
   1      0.000E+00 0.000E+00 0.000E+00 2.458E+00   0.000000 1.000E+00 1.000E+00
   1  781860  1     7.488E+03 0.000E+00 1.000E+00 1.000E+00 1.400E-06 0.000E+00
   1      0.000E+00 0.000E+00 0.000E+00 8.721E-01   0.000000 1.000E+00 1.000E+00
   1  781870  1     8.460E+03 0.000E+00 1.000E+00 0.000E+00 0.000E+00 0.000E+00
   1      0.000E+00 0.000E+00 0.000E+00 5.515E-01   0.000000 1.000E+00 1.000E+00
   1  781880  1     8.813E+05 0.000E+00 1.000E+00 0.000E+00 0.000E+00 0.000E+00
   1      0.000E+00 0.000E+00 0.000E+00 2.799E-01   0.000000 1.000E+00 1.000E+00
   1  781890  1     3.913E+04 0.000E+00 1.000E+00 0.000E+00 0.000E+00 0.000E+00
   1      0.000E+00 0.000E+00 0.000E+00 5.604E-01   0.000000 1.000E+00 1.000E+00
   1  781900  1     2.051E+19 0.000E+00 0.000E+00 0.000E+00 1.000E+00 0.000E+00
   1      0.000E+00 0.000E+00 0.000E+00 3.252E+00   0.010000 1.000E+00 1.000E+00
   1  781910  1     2.421E+05 0.000E+00 1.000E+00 1.022E-02 0.000E+00 0.000E+00
   1      0.000E+00 0.000E+00 0.000E+00 3.602E-01   0.000000 1.000E+00 1.000E+00
   1  781920  6     0.000E+00 0.000E+00 0.000E+00 0.000E+00 0.000E+00 0.000E+00
   1      0.000E+00 0.000E+00 0.000E+00 0.000E+00   0.790000 1.000E+00 1.000E+00
   1  781930  1     1.578E+09 0.000E+00 1.000E+00 0.000E+00 0.000E+00 0.000E+00
   1      0.000E+00 0.000E+00 0.000E+00 4.164E-02   0.000000 1.000E+00 1.000E+00
   1  781931  1     3.750E+05 0.000E+00 0.000E+00 0.000E+00 0.000E+00 1.000E+00
   1      0.000E+00 0.000E+00 0.000E+00 1.503E-01   0.000000 1.000E+00 1.000E+00
   1  781940  6     0.000E+00 0.000E+00 0.000E+00 0.000E+00 0.000E+00 0.000E+00
   1      0.000E+00 0.000E+00 0.000E+00 0.000E+00  32.900000 1.000E+00 1.000E+00
   1  781950  6     0.000E+00 0.000E+00 0.000E+00 0.000E+00 0.000E+00 0.000E+00
   1      0.000E+00 0.000E+00 0.000E+00 0.000E+00  33.800000 1.000E+00 1.000E+00
   1  781951  1     3.542E+05 0.000E+00 0.000E+00 0.000E+00 0.000E+00 1.000E+00
   1      0.000E+00 0.000E+00 0.000E+00 2.587E-01   0.000000 1.000E+00 1.000E+00
   1  781960  6     0.000E+00 0.000E+00 0.000E+00 0.000E+00 0.000E+00 0.000E+00
   1      0.000E+00 0.000E+00 0.000E+00 0.000E+00  25.300000 1.000E+00 1.000E+00
   1  781970  1     7.161E+04 0.000E+00 0.000E+00 0.000E+00 0.000E+00 0.000E+00
   1      1.000E+00 0.000E+00 0.000E+00 2.788E-01   0.000000 1.000E+00 1.000E+00
   1  781971  1     5.718E+03 1.000E+00 0.000E+00 0.000E+00 0.000E+00 9.670E-01
   1      3.300E-02 0.000E+00 0.000E+00 3.930E-01   0.000000 1.000E+00 1.000E+00
   1  781980  6     0.000E+00 0.000E+00 0.000E+00 0.000E+00 0.000E+00 0.000E+00
   1      0.000E+00 0.000E+00 0.000E+00 0.000E+00   7.200000 1.000E+00 1.000E+00
   1  781990  1     1.848E+03 0.000E+00 0.000E+00 0.000E+00 0.000E+00 0.000E+00
   1      1.000E+00 0.000E+00 0.000E+00 7.211E-01   0.000000 1.000E+00 1.000E+00
   1  781991  1     1.360E+01 0.000E+00 0.000E+00 0.000E+00 0.000E+00 1.000E+00
   1      0.000E+00 0.000E+00 0.000E+00 4.189E-01   0.000000 1.000E+00 1.000E+00
   1  782000  1     4.500E+04 0.000E+00 0.000E+00 0.000E+00 0.000E+00 0.000E+00
   1      1.000E+00 0.000E+00 0.000E+00 2.862E-01   0.000000 1.000E+00 1.000E+00
   1  782010  1     1.500E+02 0.000E+00 0.000E+00 0.000E+00 0.000E+00 0.000E+00
   1      1.000E+00 0.000E+00 0.000E+00 1.774E+00   0.000000 1.000E+00 1.000E+00
   1  782020  1     1.584E+05 0.000E+00 0.000E+00 0.000E+00 0.000E+00 0.000E+00
   1      1.000E+00 0.000E+00 0.000E+00 6.608E-01   0.000000 1.000E+00 1.000E+00
   1  791690  1     1.500E-04 0.000E+00 5.000E-01 0.000E+00 5.000E-01 0.000E+00
   1      0.000E+00 0.000E+00 0.000E+00 7.238E+00   0.000000 1.000E+00 1.000E+00
   1  791700  1     3.100E-04 0.000E+00 0.000E+00 0.000E+00 1.500E-01 0.000E+00
   1      0.000E+00 0.000E+00 0.000E+00 2.335E+00   0.000000 1.000E+00 1.000E+00
   1  791701  1     6.300E-04 0.000E+00 1.250E-01 0.000E+00 1.250E-01 0.000E+00
   1      0.000E+00 0.000E+00 0.000E+00 3.307E+00   0.000000 1.000E+00 1.000E+00
   1  791710  1     1.700E-05 0.000E+00 0.000E+00 0.000E+00 0.000E+00 0.000E+00
   1      0.000E+00 0.000E+00 0.000E+00 8.575E-03   0.000000 1.000E+00 1.000E+00
   1  791711  1     1.014E-03 0.000E+00 0.000E+00 0.000E+00 5.400E-01 0.000E+00
   1      0.000E+00 0.000E+00 0.000E+00 4.651E+00   0.000000 1.000E+00 1.000E+00
   1  791720  1     4.700E-03 0.000E+00 0.000E+00 0.000E+00 9.800E-01 0.000E+00
   1      0.000E+00 0.000E+00 0.000E+00 6.839E+00   0.000000 1.000E+00 1.000E+00
   1  791730  1     2.500E-02 0.000E+00 0.000E+00 0.000E+00 9.400E-01 0.000E+00
   1      0.000E+00 0.000E+00 0.000E+00 6.431E+00   0.000000 1.000E+00 1.000E+00
   1  791731  1     1.420E-02 0.000E+00 4.301E-02 0.000E+00 9.570E-01 0.000E+00
   1      0.000E+00 0.000E+00 0.000E+00 6.867E+00   0.000000 1.000E+00 1.000E+00
   1  791740  1     1.390E-01 0.000E+00 1.000E-01 0.000E+00 9.000E-01 0.000E+00
   1      0.000E+00 0.000E+00 0.000E+00 6.600E+00   0.000000 1.000E+00 1.000E+00
   1  791741  1     1.710E-01 0.000E+00 5.000E-01 0.000E+00 5.000E-01 0.000E+00
   1      0.000E+00 0.000E+00 0.000E+00 7.345E+00   0.000000 1.000E+00 1.000E+00
   1  791750  1     1.000E-01 0.000E+00 5.000E-01 0.000E+00 5.000E-01 0.000E+00
   1      0.000E+00 0.000E+00 0.000E+00 6.033E+00   0.000000 1.000E+00 1.000E+00
   1  791751  1     1.560E-01 0.000E+00 1.800E-01 0.000E+00 8.200E-01 0.000E+00
   1      0.000E+00 0.000E+00 0.000E+00 6.414E+00   0.000000 1.000E+00 1.000E+00
   1  791760  1     1.080E+00 0.000E+00 4.000E-01 0.000E+00 6.000E-01 0.000E+00
   1      0.000E+00 0.000E+00 0.000E+00 6.661E+00   0.000000 1.000E+00 1.000E+00
   1  791761  1     8.600E-01 0.000E+00 4.000E-01 0.000E+00 6.000E-01 0.000E+00
   1      0.000E+00 0.000E+00 0.000E+00 6.750E+00   0.000000 1.000E+00 1.000E+00
   1  791770  1     1.460E+00 0.000E+00 0.000E+00 0.000E+00 1.000E+00 0.000E+00
   1      0.000E+00 0.000E+00 0.000E+00 6.297E+00   0.000000 1.000E+00 1.000E+00
   1  791771  1     1.180E+00 0.000E+00 0.000E+00 0.000E+00 1.000E+00 0.000E+00
   1      0.000E+00 0.000E+00 0.000E+00 6.257E+00   0.000000 1.000E+00 1.000E+00
   1  791780  1     2.600E+00 0.000E+00 6.000E-01 0.000E+00 4.000E-01 0.000E+00
   1      0.000E+00 0.000E+00 0.000E+00 6.274E+00   0.000000 1.000E+00 1.000E+00
   1  791790  1     7.100E+00 0.000E+00 7.800E-01 0.000E+00 2.200E-01 0.000E+00
   1      0.000E+00 0.000E+00 0.000E+00 5.134E+00   0.000000 1.000E+00 1.000E+00
   1  791800  1     8.100E+00 0.000E+00 9.820E-01 0.000E+00 1.800E-02 0.000E+00
   1      0.000E+00 0.000E+00 0.000E+00 5.892E+00   0.000000 1.000E+00 1.000E+00
   1  791810  1     1.370E+01 0.000E+00 9.730E-01 0.000E+00 2.700E-02 0.000E+00
   1      0.000E+00 0.000E+00 0.000E+00 4.374E+00   0.000000 1.000E+00 1.000E+00
   1  791820  1     1.550E+01 0.000E+00 9.987E-01 0.000E+00 1.300E-03 0.000E+00
   1      0.000E+00 0.000E+00 0.000E+00 5.246E+00   0.000000 1.000E+00 1.000E+00
   1  791830  1     4.200E+01 0.000E+00 9.964E-01 0.000E+00 5.500E-03 0.000E+00
   1      0.000E+00 0.000E+00 0.000E+00 2.158E+00   0.000000 1.000E+00 1.000E+00
   1  791840  1     2.060E+01 0.000E+00 9.998E-01 5.000E-01 1.600E-04 0.000E+00
   1      0.000E+00 0.000E+00 0.000E+00 4.062E+00   0.000000 1.000E+00 1.000E+00
   1  791841  1     4.760E+01 0.000E+00 6.998E-01 0.000E+00 1.600E-04 3.000E-01
   1      0.000E+00 0.000E+00 0.000E+00 3.325E+00   0.000000 1.000E+00 1.000E+00
   1  791850  1     2.550E+02 0.000E+00 9.974E-01 7.460E-01 2.600E-03 0.000E+00
   1      0.000E+00 0.000E+00 0.000E+00 3.163E+00   0.000000 1.000E+00 1.000E+00
   1  791860  1     6.420E+02 0.000E+00 1.000E+00 0.000E+00 0.000E+00 0.000E+00
   1      0.000E+00 0.000E+00 0.000E+00 2.484E+00   0.000000 1.000E+00 1.000E+00
   1  791870  1     5.040E+02 0.000E+00 1.000E+00 0.000E+00 3.000E-05 0.000E+00
   1      0.000E+00 0.000E+00 0.000E+00 2.472E+00   0.000000 1.000E+00 1.000E+00
   1  791871  1     2.300E+00 0.000E+00 0.000E+00 0.000E+00 0.000E+00 1.000E+00
   1      0.000E+00 0.000E+00 0.000E+00 1.205E-01   0.000000 1.000E+00 1.000E+00
   1  791880  1     5.304E+02 0.000E+00 1.000E+00 0.000E+00 0.000E+00 0.000E+00
   1      0.000E+00 0.000E+00 0.000E+00 3.681E+00   0.000000 1.000E+00 1.000E+00
   1  791890  1     1.722E+03 0.000E+00 1.000E+00 0.000E+00 3.000E-07 0.000E+00
   1      0.000E+00 0.000E+00 0.000E+00 1.934E+00   0.000000 1.000E+00 1.000E+00
   1  791891  1     2.754E+02 0.000E+00 1.000E+00 0.000E+00 0.000E+00 0.000E+00
   1      0.000E+00 0.000E+00 0.000E+00 2.099E+00   0.000000 1.000E+00 1.000E+00
   1  791900  1     2.568E+03 0.000E+00 1.000E+00 0.000E+00 0.000E+00 0.000E+00
   1      0.000E+00 0.000E+00 0.000E+00 2.253E+00   0.000000 1.000E+00 1.000E+00
   1  791901  1     1.250E-01 0.000E+00 0.000E+00 0.000E+00 0.000E+00 1.000E+00
   1      0.000E+00 0.000E+00 0.000E+00 2.000E-01   0.000000 1.000E+00 1.000E+00
   1  791910  1     1.145E+04 0.000E+00 1.000E+00 0.000E+00 0.000E+00 0.000E+00
   1      0.000E+00 0.000E+00 0.000E+00 6.300E-01   0.000000 1.000E+00 1.000E+00
   1  791911  1     9.200E-01 0.000E+00 0.000E+00 0.000E+00 0.000E+00 1.000E+00
   1      0.000E+00 0.000E+00 0.000E+00 2.662E-01   0.000000 1.000E+00 1.000E+00
   1  791920  1     1.778E+04 0.000E+00 1.000E+00 0.000E+00 0.000E+00 0.000E+00
   1      0.000E+00 0.000E+00 0.000E+00 1.769E+00   0.000000 1.000E+00 1.000E+00
   1  791921  1     2.900E-02 0.000E+00 0.000E+00 0.000E+00 0.000E+00 1.000E+00
   1      0.000E+00 0.000E+00 0.000E+00 1.350E-01   0.000000 1.000E+00 1.000E+00
   1  791922  1     1.600E-01 0.000E+00 0.000E+00 0.000E+00 0.000E+00 0.000E+00
   1      0.000E+00 1.000E+00 0.000E+00 2.962E-01   0.000000 1.000E+00 1.000E+00
   1  791930  1     6.354E+04 0.000E+00 1.000E+00 0.000E+00 0.000E+00 0.000E+00
   1      0.000E+00 0.000E+00 0.000E+00 2.078E-01   0.000000 1.000E+00 1.000E+00
   1  791931  1     3.900E+00 0.000E+00 3.000E-04 5.000E-01 0.000E+00 9.997E-01
   1      0.000E+00 0.000E+00 0.000E+00 2.904E-01   0.000000 1.000E+00 1.000E+00
   1  791940  1     1.369E+05 0.000E+00 1.000E+00 0.000E+00 0.000E+00 0.000E+00
   1      0.000E+00 0.000E+00 0.000E+00 1.086E+00   0.000000 1.000E+00 1.000E+00
   1  791941  1     6.000E-01 0.000E+00 0.000E+00 0.000E+00 0.000E+00 1.000E+00
   1      0.000E+00 0.000E+00 0.000E+00 1.074E-01   0.000000 1.000E+00 1.000E+00
   1  791942  1     4.200E-01 0.000E+00 0.000E+00 0.000E+00 0.000E+00 0.000E+00
   1      0.000E+00 1.000E+00 0.000E+00 3.684E-01   0.000000 1.000E+00 1.000E+00
   1  791950  1     1.608E+07 0.000E+00 1.000E+00 0.000E+00 0.000E+00 0.000E+00
   1      0.000E+00 0.000E+00 0.000E+00 1.351E-01   0.000000 1.000E+00 1.000E+00
   1  791951  1     3.050E+01 0.000E+00 0.000E+00 0.000E+00 0.000E+00 1.000E+00
   1      0.000E+00 0.000E+00 0.000E+00 3.185E-01   0.000000 1.000E+00 1.000E+00
   1  791960  1     5.328E+05 0.000E+00 9.300E-01 0.000E+00 0.000E+00 0.000E+00
   1      7.000E-02 0.000E+00 0.000E+00 5.047E-01   0.000000 1.000E+00 1.000E+00
   1  791961  1     8.100E+00 0.000E+00 0.000E+00 0.000E+00 0.000E+00 1.000E+00
   1      0.000E+00 0.000E+00 0.000E+00 8.466E-02   0.000000 1.000E+00 1.000E+00
   1  791962  1     3.456E+04 0.000E+00 0.000E+00 0.000E+00 0.000E+00 0.000E+00
   1      0.000E+00 1.000E+00 0.000E+00 5.110E-01   0.000000 1.000E+00 1.000E+00
   1  791970  6     0.000E+00 0.000E+00 0.000E+00 0.000E+00 0.000E+00 0.000E+00
   1      0.000E+00 0.000E+00 0.000E+00 0.000E+00 100.000000 1.000E+00 1.000E+00
   1  791971  1     7.740E+00 0.000E+00 0.000E+00 0.000E+00 0.000E+00 1.000E+00
   1      0.000E+00 0.000E+00 0.000E+00 4.093E-01   0.000000 1.000E+00 1.000E+00
   1  791980  1     2.328E+05 0.000E+00 0.000E+00 0.000E+00 0.000E+00 0.000E+00
   1      1.000E+00 0.000E+00 0.000E+00 7.247E-01   0.000000 1.000E+00 1.000E+00
   1  791981  1     1.987E+05 0.000E+00 0.000E+00 0.000E+00 0.000E+00 1.000E+00
   1      0.000E+00 0.000E+00 0.000E+00 7.899E-01   0.000000 1.000E+00 1.000E+00
   1  791990  1     2.712E+05 0.000E+00 0.000E+00 0.000E+00 0.000E+00 0.000E+00
   1      1.000E+00 0.000E+00 0.000E+00 2.412E-01   0.000000 1.000E+00 1.000E+00
   1  792000  1     2.904E+03 0.000E+00 0.000E+00 0.000E+00 0.000E+00 0.000E+00
   1      1.000E+00 0.000E+00 0.000E+00 1.004E+00   0.000000 1.000E+00 1.000E+00
   1  792001  1     6.732E+04 0.000E+00 0.000E+00 0.000E+00 0.000E+00 1.800E-01
   1      8.200E-01 0.000E+00 0.000E+00 1.919E+00   0.000000 1.000E+00 1.000E+00
   1  792010  1     1.560E+03 0.000E+00 0.000E+00 0.000E+00 0.000E+00 0.000E+00
   1      1.000E+00 0.000E+00 0.000E+00 4.582E-01   0.000000 1.000E+00 1.000E+00
   1  792020  1     2.840E+01 0.000E+00 0.000E+00 0.000E+00 0.000E+00 0.000E+00
   1      1.000E+00 0.000E+00 0.000E+00 1.247E+00   0.000000 1.000E+00 1.000E+00
   1  792030  1     6.000E+01 0.000E+00 0.000E+00 0.000E+00 0.000E+00 0.000E+00
   1      1.000E+00 0.000E+00 0.000E+00 7.854E-01   0.000000 1.000E+00 1.000E+00
   1  792040  1     3.980E+01 0.000E+00 0.000E+00 0.000E+00 0.000E+00 0.000E+00
   1      1.000E+00 0.000E+00 0.000E+00 2.627E+00   0.000000 1.000E+00 1.000E+00
   1  792050  1     3.100E+01 0.000E+00 0.000E+00 0.000E+00 0.000E+00 0.000E+00
   1      1.000E+00 0.000E+00 0.000E+00 2.358E+00   0.000000 1.000E+00 1.000E+00
   1  801710  1     8.000E-05 0.000E+00 1.000E-04 0.000E+00 9.999E-01 0.000E+00
   1      0.000E+00 0.000E+00 0.000E+00 7.615E+00   0.000000 1.000E+00 1.000E+00
   1  801720  1     4.200E-04 0.000E+00 0.000E+00 0.000E+00 1.000E+00 0.000E+00
   1      0.000E+00 0.000E+00 0.000E+00 7.525E+00   0.000000 1.000E+00 1.000E+00
   1  801730  1     1.100E-03 0.000E+00 0.000E+00 0.000E+00 1.000E+00 0.000E+00
   1      0.000E+00 0.000E+00 0.000E+00 7.385E+00   0.000000 1.000E+00 1.000E+00
   1  801740  1     1.900E-03 0.000E+00 0.000E+00 0.000E+00 9.970E-01 0.000E+00
   1      0.000E+00 0.000E+00 0.000E+00 7.212E+00   0.000000 1.000E+00 1.000E+00
   1  801750  1     1.070E-02 0.000E+00 0.000E+00 0.000E+00 9.900E-01 0.000E+00
   1      0.000E+00 0.000E+00 0.000E+00 6.973E+00   0.000000 1.000E+00 1.000E+00
   1  801760  1     2.040E-02 0.000E+00 1.000E-01 0.000E+00 9.000E-01 0.000E+00
   1      0.000E+00 0.000E+00 0.000E+00 6.658E+00   0.000000 1.000E+00 1.000E+00
   1  801770  1     1.273E-01 0.000E+00 1.500E-01 0.000E+00 8.500E-01 0.000E+00
   1      0.000E+00 0.000E+00 0.000E+00 6.602E+00   0.000000 1.000E+00 1.000E+00
   1  801780  1     2.690E-01 0.000E+00 3.000E-01 0.000E+00 7.000E-01 0.000E+00
   1      0.000E+00 0.000E+00 0.000E+00 5.807E+00   0.000000 1.000E+00 1.000E+00
   1  801790  1     1.090E+00 0.000E+00 1.500E-03 0.000E+00 5.300E-01 0.000E+00
   1      0.000E+00 0.000E+00 0.000E+00 5.879E+00   0.000000 1.000E+00 1.000E+00
   1  801800  1     2.580E+00 0.000E+00 5.200E-01 0.000E+00 4.800E-01 0.000E+00
   1      0.000E+00 0.000E+00 0.000E+00 4.859E+00   0.000000 1.000E+00 1.000E+00
   1  801810  1     3.600E+00 0.000E+00 1.100E-07 0.000E+00 3.100E-01 0.000E+00
   1      0.000E+00 0.000E+00 0.000E+00 5.265E+00   0.000000 1.000E+00 1.000E+00
   1  801820  1     1.083E+01 0.000E+00 1.000E-07 0.000E+00 1.380E-01 0.000E+00
   1      0.000E+00 0.000E+00 0.000E+00 3.543E+00   0.000000 1.000E+00 1.000E+00
   1  801830  1     9.400E+00 0.000E+00 2.600E-06 0.000E+00 1.170E-01 0.000E+00
   1      0.000E+00 0.000E+00 0.000E+00 4.466E+00   0.000000 1.000E+00 1.000E+00
   1  801831  1     5.000E+00 0.000E+00 1.000E+00 0.000E+00 0.000E+00 0.000E+00
   1      0.000E+00 0.000E+00 0.000E+00 4.418E+00   0.000000 1.000E+00 1.000E+00
   1  801840  1     3.060E+01 0.000E+00 9.889E-01 1.000E+00 1.110E-02 0.000E+00
   1      0.000E+00 0.000E+00 0.000E+00 2.635E+00   0.000000 1.000E+00 1.000E+00
   1  801850  1     4.910E+01 0.000E+00 9.400E-01 0.000E+00 6.000E-02 0.000E+00
   1      0.000E+00 0.000E+00 0.000E+00 3.913E+00   0.000000 1.000E+00 1.000E+00
   1  801851  1     2.160E+01 0.000E+00 4.599E-01 0.000E+00 2.999E-04 5.398E-01
   1      0.000E+00 0.000E+00 0.000E+00 1.834E+00   0.000000 1.000E+00 1.000E+00
   1  801860  1     8.280E+01 0.000E+00 1.000E+00 0.000E+00 1.600E-04 0.000E+00
   1      0.000E+00 0.000E+00 0.000E+00 5.832E-01   0.000000 1.000E+00 1.000E+00
   1  801870  1     1.140E+02 0.000E+00 1.000E+00 0.000E+00 1.200E-06 0.000E+00
   1      0.000E+00 0.000E+00 0.000E+00 3.258E+00   0.000000 1.000E+00 1.000E+00
   1  801871  1     1.440E+02 0.000E+00 1.000E+00 1.000E+00 2.500E-06 0.000E+00
   1      0.000E+00 0.000E+00 0.000E+00 3.198E+00   0.000000 1.000E+00 1.000E+00
   1  801880  1     1.950E+02 0.000E+00 1.000E+00 0.000E+00 0.000E+00 0.000E+00
   1      0.000E+00 0.000E+00 0.000E+00 2.162E-01   0.000000 1.000E+00 1.000E+00
   1  801890  1     4.560E+02 0.000E+00 1.000E+00 0.000E+00 3.000E-07 0.000E+00
   1      0.000E+00 0.000E+00 0.000E+00 2.635E+00   0.000000 1.000E+00 1.000E+00
   1  801891  1     5.160E+02 0.000E+00 1.000E+00 1.000E+00 3.000E-07 0.000E+00
   1      0.000E+00 0.000E+00 0.000E+00 2.537E+00   0.000000 1.000E+00 1.000E+00
   1  801900  1     1.200E+03 0.000E+00 1.000E+00 0.000E+00 0.000E+00 0.000E+00
   1      0.000E+00 0.000E+00 0.000E+00 2.724E-01   0.000000 1.000E+00 1.000E+00
   1  801910  1     2.940E+03 0.000E+00 1.000E+00 0.000E+00 5.000E-08 0.000E+00
   1      0.000E+00 0.000E+00 0.000E+00 2.145E+00   0.000000 1.000E+00 1.000E+00
   1  801911  1     3.048E+03 0.000E+00 1.000E+00 4.400E-01 5.000E-08 0.000E+00
   1      0.000E+00 0.000E+00 0.000E+00 2.152E+00   0.000000 1.000E+00 1.000E+00
   1  801920  1     1.746E+04 0.000E+00 1.000E+00 0.000E+00 0.000E+00 0.000E+00
   1      0.000E+00 0.000E+00 0.000E+00 3.252E-01   0.000000 1.000E+00 1.000E+00
   1  801930  1     1.368E+04 0.000E+00 1.000E+00 3.360E-02 0.000E+00 0.000E+00
   1      0.000E+00 0.000E+00 0.000E+00 1.556E+00   0.000000 1.000E+00 1.000E+00
   1  801931  1     4.248E+04 0.000E+00 9.280E-01 5.600E-01 0.000E+00 7.200E-02
   1      0.000E+00 0.000E+00 0.000E+00 1.446E+00   0.000000 1.000E+00 1.000E+00
   1  801940  1     1.401E+10 0.000E+00 1.000E+00 0.000E+00 0.000E+00 0.000E+00
   1      0.000E+00 0.000E+00 0.000E+00 2.202E-02   0.000000 1.000E+00 1.000E+00
   1  801950  1     3.791E+04 0.000E+00 1.000E+00 2.142E-02 0.000E+00 0.000E+00
   1      0.000E+00 0.000E+00 0.000E+00 2.595E-01   0.000000 1.000E+00 1.000E+00
   1  801951  1     1.498E+05 0.000E+00 4.580E-01 5.000E-01 0.000E+00 5.420E-01
   1      0.000E+00 0.000E+00 0.000E+00 5.799E-01   0.000000 1.000E+00 1.000E+00
   1  801960  1     7.889E+25 0.000E+00 1.000E+00 0.000E+00 0.000E+00 0.000E+00
   1      0.000E+00 0.000E+00 0.000E+00 8.207E-01   0.150000 1.000E+00 1.000E+00
   1  801970  1     2.326E+05 0.000E+00 1.000E+00 0.000E+00 0.000E+00 0.000E+00
   1      0.000E+00 0.000E+00 0.000E+00 1.427E-01   0.000000 1.000E+00 1.000E+00
   1  801971  1     8.604E+04 0.000E+00 8.600E-02 1.000E+00 0.000E+00 9.140E-01
   1      0.000E+00 0.000E+00 0.000E+00 2.785E-01   0.000000 1.000E+00 1.000E+00
   1  801980  6     0.000E+00 0.000E+00 0.000E+00 0.000E+00 0.000E+00 0.000E+00
   1      0.000E+00 0.000E+00 0.000E+00 0.000E+00   9.970000 1.000E+00 1.000E+00
   1  801990  6     0.000E+00 0.000E+00 0.000E+00 0.000E+00 0.000E+00 0.000E+00
   1      0.000E+00 0.000E+00 0.000E+00 0.000E+00  16.870000 1.000E+00 1.000E+00
   1  801991  1     2.526E+03 0.000E+00 0.000E+00 0.000E+00 0.000E+00 1.000E+00
   1      0.000E+00 0.000E+00 0.000E+00 5.323E-01   0.000000 1.000E+00 1.000E+00
   1  802000  6     0.000E+00 0.000E+00 0.000E+00 0.000E+00 0.000E+00 0.000E+00
   1      0.000E+00 0.000E+00 0.000E+00 0.000E+00  23.100000 1.000E+00 1.000E+00
   1  802010  6     0.000E+00 0.000E+00 0.000E+00 0.000E+00 0.000E+00 0.000E+00
   1      0.000E+00 0.000E+00 0.000E+00 0.000E+00  13.180000 1.000E+00 1.000E+00
   1  802020  6     0.000E+00 0.000E+00 0.000E+00 0.000E+00 0.000E+00 0.000E+00
   1      0.000E+00 0.000E+00 0.000E+00 0.000E+00  29.860000 1.000E+00 1.000E+00
   1  802030  1     4.026E+06 0.000E+00 0.000E+00 0.000E+00 0.000E+00 0.000E+00
   1      1.000E+00 0.000E+00 0.000E+00 3.363E-01   0.000000 1.000E+00 1.000E+00
   1  802040  6     0.000E+00 0.000E+00 0.000E+00 0.000E+00 0.000E+00 0.000E+00
   1      0.000E+00 0.000E+00 0.000E+00 0.000E+00   6.870000 1.000E+00 1.000E+00
   1  802050  1     3.120E+02 0.000E+00 0.000E+00 0.000E+00 0.000E+00 0.000E+00
   1      1.000E+00 0.000E+00 0.000E+00 5.431E-01   0.000000 1.000E+00 1.000E+00
   1  802051  1     1.090E-03 0.000E+00 0.000E+00 0.000E+00 0.000E+00 1.000E+00
   1      0.000E+00 0.000E+00 0.000E+00 1.556E+00   0.000000 1.000E+00 1.000E+00
   1  802060  1     4.992E+02 0.000E+00 0.000E+00 0.000E+00 0.000E+00 0.000E+00
   1      1.000E+00 0.000E+00 0.000E+00 5.270E-01   0.000000 1.000E+00 1.000E+00
   1  802070  1     1.740E+02 4.580E-01 0.000E+00 0.000E+00 0.000E+00 0.000E+00
   1      1.000E+00 0.000E+00 0.000E+00 2.798E+00   0.000000 1.000E+00 1.000E+00
   1  802080  1     2.520E+03 0.000E+00 0.000E+00 0.000E+00 0.000E+00 0.000E+00
   1      1.000E+00 0.000E+00 0.000E+00 2.433E+00   0.000000 1.000E+00 1.000E+00
   1  802090  1     3.700E+01 0.000E+00 0.000E+00 0.000E+00 0.000E+00 0.000E+00
   1      1.000E+00 0.000E+00 0.000E+00 3.525E+00   0.000000 1.000E+00 1.000E+00
   1  802100  1     6.000E+02 0.000E+00 0.000E+00 0.000E+00 0.000E+00 0.000E+00
   1      1.000E+00 0.000E+00 0.000E+00 2.757E+00   0.000000 1.000E+00 1.000E+00
   1  811760  1     1.000E-02 0.000E+00 0.000E+00 0.000E+00 1.000E+00 0.000E+00
   1      0.000E+00 0.000E+00 0.000E+00 7.405E+00   0.000000 1.000E+00 1.000E+00
   1  811770  1     1.800E-02 0.000E+00 0.000E+00 0.000E+00 7.300E-01 0.000E+00
   1      0.000E+00 0.000E+00 0.000E+00 5.473E+00   0.000000 1.000E+00 1.000E+00
   1  811780  1     2.550E-01 0.000E+00 4.700E-01 0.000E+00 5.300E-01 0.000E+00
   1      0.000E+00 0.000E+00 0.000E+00 7.226E+00   0.000000 1.000E+00 1.000E+00
   1  811790  1     2.700E-01 0.000E+00 3.000E-01 0.000E+00 7.000E-01 0.000E+00
   1      0.000E+00 0.000E+00 0.000E+00 6.285E+00   0.000000 1.000E+00 1.000E+00
   1  811791  1     1.600E-03 0.000E+00 0.000E+00 0.000E+00 1.000E+00 0.000E+00
   1      0.000E+00 0.000E+00 0.000E+00 7.575E+00   0.000000 1.000E+00 1.000E+00
   1  811800  1     1.500E+00 0.000E+00 1.000E-06 0.000E+00 7.000E-02 0.000E+00
   1      0.000E+00 0.000E+00 0.000E+00 7.189E+00   0.000000 1.000E+00 1.000E+00
   1  811810  1     3.200E+00 0.000E+00 5.000E-01 0.000E+00 5.000E-01 0.000E+00
   1      0.000E+00 0.000E+00 0.000E+00 5.782E+00   0.000000 1.000E+00 1.000E+00
   1  811811  1     1.700E-03 0.000E+00 3.333E-01 0.000E+00 3.333E-01 3.333E-01
   1      0.000E+00 0.000E+00 0.000E+00 4.540E+00   0.000000 1.000E+00 1.000E+00
   1  811820  1     2.000E+00 0.000E+00 9.600E-01 0.000E+00 4.000E-02 0.000E+00
   1      0.000E+00 0.000E+00 0.000E+00 6.807E+00   0.000000 1.000E+00 1.000E+00
   1  811821  1     2.900E+00 0.000E+00 0.000E+00 0.000E+00 1.000E+00 0.000E+00
   1      0.000E+00 0.000E+00 0.000E+00 6.655E+00   0.000000 1.000E+00 1.000E+00
   1  811830  1     6.900E+00 0.000E+00 9.800E-01 0.000E+00 2.000E-02 0.000E+00
   1      0.000E+00 0.000E+00 0.000E+00 4.831E+00   0.000000 1.000E+00 1.000E+00
   1  811831  1     6.000E-02 0.000E+00 4.925E-01 1.000E+00 1.500E-02 4.925E-01
   1      0.000E+00 0.000E+00 0.000E+00 2.915E+00   0.000000 1.000E+00 1.000E+00
   1  811840  1     9.700E+00 0.000E+00 9.790E-01 0.000E+00 2.100E-02 0.000E+00
   1      0.000E+00 0.000E+00 0.000E+00 6.305E+00   0.000000 1.000E+00 1.000E+00
   1  811841  1     1.000E+01 0.000E+00 5.000E-01 0.000E+00 0.000E+00 5.000E-01
   1      0.000E+00 0.000E+00 0.000E+00 3.236E+00   0.000000 1.000E+00 1.000E+00
   1  811850  1     1.950E+01 0.000E+00 5.000E-01 0.000E+00 5.000E-01 0.000E+00
   1      0.000E+00 0.000E+00 0.000E+00 4.982E+00   0.000000 1.000E+00 1.000E+00
   1  811851  1     1.830E+00 0.000E+00 0.000E+00 0.000E+00 9.990E-04 9.990E-01
   1      0.000E+00 0.000E+00 0.000E+00 4.585E-01   0.000000 1.000E+00 1.000E+00
   1  811860  1     4.000E+01 0.000E+00 1.000E+00 0.000E+00 0.000E+00 0.000E+00
   1      0.000E+00 0.000E+00 0.000E+00 5.566E+00   0.000000 1.000E+00 1.000E+00
   1  811861  1     2.900E+00 0.000E+00 0.000E+00 0.000E+00 0.000E+00 1.000E+00
   1      0.000E+00 0.000E+00 0.000E+00 3.730E-01   0.000000 1.000E+00 1.000E+00
   1  811862  1     2.900E+00 0.000E+00 0.000E+00 0.000E+00 0.000E+00 0.000E+00
   1      0.000E+00 1.000E+00 0.000E+00 3.700E-01   0.000000 1.000E+00 1.000E+00
   1  811870  1     5.100E+01 0.000E+00 1.000E+00 0.000E+00 0.000E+00 0.000E+00
   1      0.000E+00 0.000E+00 0.000E+00 3.783E+00   0.000000 1.000E+00 1.000E+00
   1  811871  1     1.560E+01 0.000E+00 4.992E-01 1.000E+00 1.500E-03 4.992E-01
   1      0.000E+00 0.000E+00 0.000E+00 2.164E+00   0.000000 1.000E+00 1.000E+00
   1  811880  1     7.100E+01 0.000E+00 1.000E+00 0.000E+00 0.000E+00 0.000E+00
   1      0.000E+00 0.000E+00 0.000E+00 4.020E+00   0.000000 1.000E+00 1.000E+00
   1  811881  1     7.100E+01 0.000E+00 1.000E+00 0.000E+00 0.000E+00 0.000E+00
   1      0.000E+00 0.000E+00 0.000E+00 5.301E+00   0.000000 1.000E+00 1.000E+00
   1  811882  1     4.100E-02 0.000E+00 0.000E+00 0.000E+00 0.000E+00 0.000E+00
   1      0.000E+00 1.000E+00 0.000E+00 8.000E-02   0.000000 1.000E+00 1.000E+00
   1  811890  1     1.380E+02 0.000E+00 1.000E+00 0.000E+00 0.000E+00 0.000E+00
   1      0.000E+00 0.000E+00 0.000E+00 3.352E+00   0.000000 1.000E+00 1.000E+00
   1  811891  1     8.400E+01 0.000E+00 9.600E-01 1.000E+00 0.000E+00 4.000E-02
   1      0.000E+00 0.000E+00 0.000E+00 3.329E+00   0.000000 1.000E+00 1.000E+00
   1  811900  1     1.560E+02 0.000E+00 1.000E+00 0.000E+00 0.000E+00 0.000E+00
   1      0.000E+00 0.000E+00 0.000E+00 4.693E+00   0.000000 1.000E+00 1.000E+00
   1  811901  1     2.220E+02 0.000E+00 1.000E+00 0.000E+00 0.000E+00 0.000E+00
   1      0.000E+00 0.000E+00 0.000E+00 4.780E+00   0.000000 1.000E+00 1.000E+00
   1  811910  1     1.200E+03 0.000E+00 1.000E+00 0.000E+00 0.000E+00 0.000E+00
   1      0.000E+00 0.000E+00 0.000E+00 2.875E+00   0.000000 1.000E+00 1.000E+00
   1  811911  1     3.132E+02 0.000E+00 1.000E+00 1.000E+00 0.000E+00 0.000E+00
   1      0.000E+00 0.000E+00 0.000E+00 2.987E+00   0.000000 1.000E+00 1.000E+00
   1  811920  1     5.760E+02 0.000E+00 1.000E+00 0.000E+00 0.000E+00 0.000E+00
   1      0.000E+00 0.000E+00 0.000E+00 4.094E+00   0.000000 1.000E+00 1.000E+00
   1  811921  1     6.480E+02 0.000E+00 1.000E+00 0.000E+00 0.000E+00 0.000E+00
   1      0.000E+00 0.000E+00 0.000E+00 4.201E+00   0.000000 1.000E+00 1.000E+00
   1  811930  1     1.308E+03 0.000E+00 1.000E+00 0.000E+00 0.000E+00 0.000E+00
   1      0.000E+00 0.000E+00 0.000E+00 6.502E-01   0.000000 1.000E+00 1.000E+00
   1  811931  1     1.266E+02 0.000E+00 2.500E-01 0.000E+00 0.000E+00 7.500E-01
   1      0.000E+00 0.000E+00 0.000E+00 4.726E-01   0.000000 1.000E+00 1.000E+00
   1  811940  1     1.980E+03 0.000E+00 1.000E+00 0.000E+00 1.000E-09 0.000E+00
   1      0.000E+00 0.000E+00 0.000E+00 3.575E+00   0.000000 1.000E+00 1.000E+00
   1  811941  1     1.968E+03 0.000E+00 1.000E+00 0.000E+00 0.000E+00 0.000E+00
   1      0.000E+00 0.000E+00 0.000E+00 3.775E+00   0.000000 1.000E+00 1.000E+00
   1  811950  1     4.176E+03 0.000E+00 1.000E+00 0.000E+00 0.000E+00 0.000E+00
   1      0.000E+00 0.000E+00 0.000E+00 1.897E+00   0.000000 1.000E+00 1.000E+00
   1  811951  1     3.600E+00 0.000E+00 0.000E+00 0.000E+00 0.000E+00 1.000E+00
   1      0.000E+00 0.000E+00 0.000E+00 4.826E-01   0.000000 1.000E+00 1.000E+00
   1  811960  1     6.624E+03 0.000E+00 1.000E+00 0.000E+00 0.000E+00 0.000E+00
   1      0.000E+00 0.000E+00 0.000E+00 1.646E+00   0.000000 1.000E+00 1.000E+00
   1  811961  1     5.076E+03 0.000E+00 9.550E-01 0.000E+00 0.000E+00 4.500E-02
   1      0.000E+00 0.000E+00 0.000E+00 3.025E+00   0.000000 1.000E+00 1.000E+00
   1  811970  1     1.022E+04 0.000E+00 1.000E+00 0.000E+00 0.000E+00 0.000E+00
   1      0.000E+00 0.000E+00 0.000E+00 5.029E-01   0.000000 1.000E+00 1.000E+00
   1  811971  1     5.400E-01 0.000E+00 0.000E+00 0.000E+00 0.000E+00 1.000E+00
   1      0.000E+00 0.000E+00 0.000E+00 6.043E-01   0.000000 1.000E+00 1.000E+00
   1  811980  1     1.908E+04 0.000E+00 1.000E+00 0.000E+00 0.000E+00 0.000E+00
   1      0.000E+00 0.000E+00 0.000E+00 2.016E+00   0.000000 1.000E+00 1.000E+00
   1  811981  1     6.732E+03 0.000E+00 5.590E-01 0.000E+00 0.000E+00 4.410E-01
   1      0.000E+00 0.000E+00 0.000E+00 1.378E+00   0.000000 1.000E+00 1.000E+00
   1  811982  1     3.210E-02 0.000E+00 0.000E+00 0.000E+00 0.000E+00 0.000E+00
   1      0.000E+00 1.000E+00 0.000E+00 1.988E-01   0.000000 1.000E+00 1.000E+00
   1  811990  1     2.671E+04 0.000E+00 1.000E+00 0.000E+00 0.000E+00 0.000E+00
   1      0.000E+00 0.000E+00 0.000E+00 3.038E-01   0.000000 1.000E+00 1.000E+00
   1  811991  1     2.840E-02 0.000E+00 0.000E+00 0.000E+00 0.000E+00 1.000E+00
   1      0.000E+00 0.000E+00 0.000E+00 7.517E-01   0.000000 1.000E+00 1.000E+00
   1  812000  1     9.396E+04 0.000E+00 1.000E+00 0.000E+00 0.000E+00 0.000E+00
   1      0.000E+00 0.000E+00 0.000E+00 1.352E+00   0.000000 1.000E+00 1.000E+00
   1  812001  1     3.430E-02 0.000E+00 0.000E+00 0.000E+00 0.000E+00 1.000E+00
   1      0.000E+00 0.000E+00 0.000E+00 7.536E-01   0.000000 1.000E+00 1.000E+00
   1  812010  1     2.628E+05 0.000E+00 1.000E+00 0.000E+00 0.000E+00 0.000E+00
   1      0.000E+00 0.000E+00 0.000E+00 1.303E-01   0.000000 1.000E+00 1.000E+00
   1  812011  1     2.035E-03 0.000E+00 0.000E+00 0.000E+00 0.000E+00 1.000E+00
   1      0.000E+00 0.000E+00 0.000E+00 9.195E-01   0.000000 1.000E+00 1.000E+00
   1  812020  1     1.058E+06 0.000E+00 1.000E+00 0.000E+00 0.000E+00 0.000E+00
   1      0.000E+00 0.000E+00 0.000E+00 4.891E-01   0.000000 1.000E+00 1.000E+00
   1  812030  6     0.000E+00 0.000E+00 0.000E+00 0.000E+00 0.000E+00 0.000E+00
   1      0.000E+00 0.000E+00 0.000E+00 0.000E+00  29.524000 1.000E+00 1.000E+00
   1  812040  1     1.195E+08 0.000E+00 2.920E-02 0.000E+00 0.000E+00 0.000E+00
   1      9.708E-01 0.000E+00 0.000E+00 2.303E-01   0.000000 1.000E+00 1.000E+00
   1  812050  6     0.000E+00 0.000E+00 0.000E+00 0.000E+00 0.000E+00 0.000E+00
   1      0.000E+00 0.000E+00 0.000E+00 0.000E+00  70.476000 1.000E+00 1.000E+00
   1  812060  1     2.521E+02 0.000E+00 0.000E+00 0.000E+00 0.000E+00 0.000E+00
   1      1.000E+00 0.000E+00 0.000E+00 5.329E-01   0.000000 1.000E+00 1.000E+00
   1  812061  1     2.256E+02 0.000E+00 0.000E+00 0.000E+00 0.000E+00 1.000E+00
   1      0.000E+00 0.000E+00 0.000E+00 2.643E+00   0.000000 1.000E+00 1.000E+00
   1  812070  1     2.864E+02 0.000E+00 0.000E+00 0.000E+00 0.000E+00 0.000E+00
   1      1.000E+00 0.000E+00 0.000E+00 4.972E-01   0.000000 1.000E+00 1.000E+00
   1  812071  1     1.330E+00 0.000E+00 0.000E+00 0.000E+00 0.000E+00 1.000E+00
   1      0.000E+00 0.000E+00 0.000E+00 1.341E+00   0.000000 1.000E+00 1.000E+00
   1  812080  1     1.835E+02 0.000E+00 0.000E+00 0.000E+00 0.000E+00 0.000E+00
   1      1.000E+00 0.000E+00 0.000E+00 3.975E+00   0.000000 1.000E+00 1.000E+00
   1  812090  1     1.297E+02 0.000E+00 0.000E+00 0.000E+00 0.000E+00 0.000E+00
   1      1.000E+00 0.000E+00 0.000E+00 2.825E+00   0.000000 1.000E+00 1.000E+00
   1  812100  1     7.800E+01 0.000E+00 0.000E+00 0.000E+00 0.000E+00 0.000E+00
   1      1.000E+00 0.000E+00 0.000E+00 3.689E+00   0.000000 1.000E+00 1.000E+00
   1  812110  1     6.000E+01 0.000E+00 0.000E+00 0.000E+00 0.000E+00 0.000E+00
   1      1.000E+00 0.000E+00 0.000E+00 2.941E+00   0.000000 1.000E+00 1.000E+00
   1  812120  1     3.000E+01 0.000E+00 0.000E+00 0.000E+00 0.000E+00 0.000E+00
   1      1.000E+00 0.000E+00 0.000E+00 3.932E+00   0.000000 1.000E+00 1.000E+00
   1  821780  1     2.300E-04 0.000E+00 0.000E+00 0.000E+00 1.000E+00 0.000E+00
   1      0.000E+00 0.000E+00 0.000E+00 7.790E+00   0.000000 1.000E+00 1.000E+00
   1  821790  1     3.000E-03 0.000E+00 0.000E+00 0.000E+00 1.000E+00 0.000E+00
   1      0.000E+00 0.000E+00 0.000E+00 7.565E+00   0.000000 1.000E+00 1.000E+00
   1  821800  1     5.000E-03 0.000E+00 0.000E+00 0.000E+00 1.000E+00 0.000E+00
   1      0.000E+00 0.000E+00 0.000E+00 7.415E+00   0.000000 1.000E+00 1.000E+00
   1  821810  1     4.500E-02 0.000E+00 2.000E-02 5.000E-01 9.800E-01 0.000E+00
   1      0.000E+00 0.000E+00 0.000E+00 7.194E+00   0.000000 1.000E+00 1.000E+00
   1  821820  1     6.000E-02 0.000E+00 2.000E-02 0.000E+00 9.800E-01 0.000E+00
   1      0.000E+00 0.000E+00 0.000E+00 7.012E+00   0.000000 1.000E+00 1.000E+00
   1  821830  1     5.350E-01 0.000E+00 1.000E-01 0.000E+00 9.000E-01 0.000E+00
   1      0.000E+00 0.000E+00 0.000E+00 6.836E+00   0.000000 1.000E+00 1.000E+00
   1  821831  1     4.150E-01 0.000E+00 0.000E+00 0.000E+00 1.000E+00 0.000E+00
   1      0.000E+00 0.000E+00 0.000E+00 7.022E+00   0.000000 1.000E+00 1.000E+00
   1  821840  1     4.900E-01 0.000E+00 2.000E-01 0.000E+00 8.000E-01 0.000E+00
   1      0.000E+00 0.000E+00 0.000E+00 6.199E+00   0.000000 1.000E+00 1.000E+00
   1  821850  1     6.300E+00 0.000E+00 5.000E-01 0.000E+00 5.000E-01 0.000E+00
   1      0.000E+00 0.000E+00 0.000E+00 6.087E+00   0.000000 1.000E+00 1.000E+00
   1  821851  1     4.070E+00 0.000E+00 5.000E-01 1.000E+00 5.000E-01 0.000E+00
   1      0.000E+00 0.000E+00 0.000E+00 5.986E+00   0.000000 1.000E+00 1.000E+00
   1  821860  1     4.820E+00 0.000E+00 6.000E-01 0.000E+00 4.000E-01 0.000E+00
   1      0.000E+00 0.000E+00 0.000E+00 4.792E+00   0.000000 1.000E+00 1.000E+00
   1  821870  1     1.520E+01 0.000E+00 9.300E-01 0.000E+00 7.000E-02 0.000E+00
   1      0.000E+00 0.000E+00 0.000E+00 5.075E+00   0.000000 1.000E+00 1.000E+00
   1  821871  1     1.830E+01 0.000E+00 8.800E-01 1.000E+00 1.200E-01 0.000E+00
   1      0.000E+00 0.000E+00 0.000E+00 4.930E+00   0.000000 1.000E+00 1.000E+00
   1  821880  1     2.550E+01 0.000E+00 9.070E-01 0.000E+00 9.300E-02 0.000E+00
   1      0.000E+00 0.000E+00 0.000E+00 3.310E+00   0.000000 1.000E+00 1.000E+00
   1  821890  1     5.100E+01 0.000E+00 9.960E-01 0.000E+00 4.024E-03 0.000E+00
   1      0.000E+00 0.000E+00 0.000E+00 4.487E+00   0.000000 1.000E+00 1.000E+00
   1  821891  1     6.000E+01 0.000E+00 5.000E-01 1.000E+00 0.000E+00 5.000E-01
   1      0.000E+00 0.000E+00 0.000E+00 2.188E+00   0.000000 1.000E+00 1.000E+00
   1  821900  1     7.100E+01 0.000E+00 9.960E-01 0.000E+00 4.000E-03 0.000E+00
   1      0.000E+00 0.000E+00 0.000E+00 2.621E+00   0.000000 1.000E+00 1.000E+00
   1  821910  1     7.980E+01 0.000E+00 9.999E-01 1.020E-02 1.300E-04 0.000E+00
   1      0.000E+00 0.000E+00 0.000E+00 4.019E+00   0.000000 1.000E+00 1.000E+00
   1  821911  1     1.308E+02 0.000E+00 9.998E-01 1.000E+00 2.000E-04 0.000E+00
   1      0.000E+00 0.000E+00 0.000E+00 3.823E+00   0.000000 1.000E+00 1.000E+00
   1  821920  1     2.100E+02 0.000E+00 9.999E-01 0.000E+00 5.900E-05 0.000E+00
   1      0.000E+00 0.000E+00 0.000E+00 2.210E+00   0.000000 1.000E+00 1.000E+00
   1  821930  1     3.000E+02 0.000E+00 1.000E+00 0.000E+00 0.000E+00 0.000E+00
   1      0.000E+00 0.000E+00 0.000E+00 3.420E+00   0.000000 1.000E+00 1.000E+00
   1  821931  1     3.480E+02 0.000E+00 1.000E+00 4.700E-02 0.000E+00 0.000E+00
   1      0.000E+00 0.000E+00 0.000E+00 3.495E+00   0.000000 1.000E+00 1.000E+00
   1  821940  1     7.200E+02 0.000E+00 1.000E+00 0.000E+00 7.300E-08 0.000E+00
   1      0.000E+00 0.000E+00 0.000E+00 1.105E+00   0.000000 1.000E+00 1.000E+00
   1  821950  1     9.000E+02 0.000E+00 1.000E+00 0.000E+00 0.000E+00 0.000E+00
   1      0.000E+00 0.000E+00 0.000E+00 2.961E+00   0.000000 1.000E+00 1.000E+00
   1  821951  1     9.000E+02 0.000E+00 1.000E+00 4.400E-01 0.000E+00 0.000E+00
   1      0.000E+00 0.000E+00 0.000E+00 2.954E+00   0.000000 1.000E+00 1.000E+00
   1  821960  1     2.220E+03 0.000E+00 1.000E+00 0.000E+00 3.000E-07 0.000E+00
   1      0.000E+00 0.000E+00 0.000E+00 1.424E+00   0.000000 1.000E+00 1.000E+00
   1  821970  1     4.800E+02 0.000E+00 1.000E+00 0.000E+00 0.000E+00 0.000E+00
   1      0.000E+00 0.000E+00 0.000E+00 1.488E+00   0.000000 1.000E+00 1.000E+00
   1  821971  1     2.580E+03 0.000E+00 8.100E-01 5.000E-01 3.000E-06 1.900E-01
   1      0.000E+00 0.000E+00 0.000E+00 2.009E+00   0.000000 1.000E+00 1.000E+00
   1  821980  1     8.640E+03 0.000E+00 1.000E+00 0.000E+00 0.000E+00 0.000E+00
   1      0.000E+00 0.000E+00 0.000E+00 5.082E-01   0.000000 1.000E+00 1.000E+00
   1  821990  1     5.400E+03 0.000E+00 1.000E+00 0.000E+00 0.000E+00 0.000E+00
   1      0.000E+00 0.000E+00 0.000E+00 1.066E+00   0.000000 1.000E+00 1.000E+00
   1  821991  1     7.320E+02 0.000E+00 7.000E-02 1.000E+00 0.000E+00 9.300E-01
   1      0.000E+00 0.000E+00 0.000E+00 5.166E-01   0.000000 1.000E+00 1.000E+00
   1  822000  1     7.740E+04 0.000E+00 1.000E+00 0.000E+00 0.000E+00 0.000E+00
   1      0.000E+00 0.000E+00 0.000E+00 2.986E-01   0.000000 1.000E+00 1.000E+00
   1  822010  1     3.384E+04 0.000E+00 1.000E+00 0.000E+00 0.000E+00 0.000E+00
   1      0.000E+00 0.000E+00 0.000E+00 8.263E-01   0.000000 1.000E+00 1.000E+00
   1  822011  1     6.100E+01 0.000E+00 0.000E+00 0.000E+00 0.000E+00 1.000E+00
   1      0.000E+00 0.000E+00 0.000E+00 6.283E-01   0.000000 1.000E+00 1.000E+00
   1  822020  1     1.673E+12 0.000E+00 1.000E+00 0.000E+00 0.000E+00 0.000E+00
   1      0.000E+00 0.000E+00 0.000E+00 7.925E-02   0.000000 1.000E+00 1.000E+00
   1  822021  1     1.285E+04 0.000E+00 9.100E-02 0.000E+00 0.000E+00 9.090E-01
   1      0.000E+00 0.000E+00 0.000E+00 2.114E+00   0.000000 1.000E+00 1.000E+00
   1  822030  1     1.869E+05 0.000E+00 1.000E+00 0.000E+00 0.000E+00 0.000E+00
   1      0.000E+00 0.000E+00 0.000E+00 3.587E-01   0.000000 1.000E+00 1.000E+00
   1  822031  1     6.290E+00 0.000E+00 0.000E+00 0.000E+00 0.000E+00 1.000E+00
   1      0.000E+00 0.000E+00 0.000E+00 8.253E-01   0.000000 1.000E+00 1.000E+00
   1  822032  1     4.800E-01 0.000E+00 0.000E+00 0.000E+00 0.000E+00 0.000E+00
   1      0.000E+00 1.000E+00 0.000E+00 2.123E+00   0.000000 1.000E+00 1.000E+00
   1  822040  1     4.418E+24 0.000E+00 0.000E+00 0.000E+00 1.000E+00 0.000E+00
   1      0.000E+00 0.000E+00 0.000E+00 1.972E+00   1.400000 1.000E+00 1.000E+00
   1  822041  1     4.050E+03 0.000E+00 0.000E+00 0.000E+00 0.000E+00 1.000E+00
   1      0.000E+00 0.000E+00 0.000E+00 2.184E+00   0.000000 1.000E+00 1.000E+00
   1  822050  1     4.828E+14 0.000E+00 1.000E+00 0.000E+00 0.000E+00 0.000E+00
   1      0.000E+00 0.000E+00 0.000E+00 6.825E-02   0.000000 1.000E+00 1.000E+00
   1  822051  1     5.100E-03 0.000E+00 0.000E+00 0.000E+00 0.000E+00 1.000E+00
   1      0.000E+00 0.000E+00 0.000E+00 1.014E+00   0.000000 1.000E+00 1.000E+00
   1  822060  6     0.000E+00 0.000E+00 0.000E+00 0.000E+00 0.000E+00 0.000E+00
   1      0.000E+00 0.000E+00 0.000E+00 0.000E+00  24.100000 1.000E+00 1.000E+00
   1  822070  6     0.000E+00 0.000E+00 0.000E+00 0.000E+00 0.000E+00 0.000E+00
   1      0.000E+00 0.000E+00 0.000E+00 0.000E+00  22.100000 1.000E+00 1.000E+00
   1  822071  1     8.060E-01 0.000E+00 0.000E+00 0.000E+00 0.000E+00 1.000E+00
   1      0.000E+00 0.000E+00 0.000E+00 1.633E+00   0.000000 1.000E+00 1.000E+00
   1  822080  6     0.000E+00 0.000E+00 0.000E+00 0.000E+00 0.000E+00 0.000E+00
   1      0.000E+00 0.000E+00 0.000E+00 0.000E+00  52.400000 1.000E+00 1.000E+00
   1  822090  1     1.180E+04 0.000E+00 0.000E+00 0.000E+00 0.000E+00 0.000E+00
   1      1.000E+00 0.000E+00 0.000E+00 1.972E-01   0.000000 1.000E+00 1.000E+00
   1  822100  1     7.015E+08 0.000E+00 0.000E+00 0.000E+00 1.900E-08 0.000E+00
   1      1.000E+00 0.000E+00 0.000E+00 3.909E-02   0.000000 1.000E+00 1.000E+00
   1  822110  1     2.166E+03 0.000E+00 0.000E+00 0.000E+00 0.000E+00 0.000E+00
   1      1.000E+00 0.000E+00 0.000E+00 5.145E-01   0.000000 1.000E+00 1.000E+00
   1  822120  1     3.830E+04 0.000E+00 0.000E+00 0.000E+00 0.000E+00 0.000E+00
   1      1.000E+00 0.000E+00 0.000E+00 3.147E-01   0.000000 1.000E+00 1.000E+00
   1  822130  1     6.120E+02 0.000E+00 0.000E+00 0.000E+00 0.000E+00 0.000E+00
   1      1.000E+00 0.000E+00 0.000E+00 1.365E+00   0.000000 1.000E+00 1.000E+00
   1  822140  1     1.615E+03 0.000E+00 0.000E+00 0.000E+00 0.000E+00 0.000E+00
   1      1.000E+00 0.000E+00 0.000E+00 5.328E-01   0.000000 1.000E+00 1.000E+00
   1  822150  1     3.600E+01 0.000E+00 0.000E+00 0.000E+00 0.000E+00 0.000E+00
   1      1.000E+00 0.000E+00 0.000E+00 1.887E+00   0.000000 1.000E+00 1.000E+00
   1  831840  1     6.600E-03 0.000E+00 0.000E+00 0.000E+00 1.000E+00 0.000E+00
   1      0.000E+00 0.000E+00 0.000E+00 8.025E+00   0.000000 1.000E+00 1.000E+00
   1  831841  1     1.300E-02 0.000E+00 0.000E+00 0.000E+00 1.000E+00 0.000E+00
   1      0.000E+00 0.000E+00 0.000E+00 8.175E+00   0.000000 1.000E+00 1.000E+00
   1  831850  1     2.000E-03 0.000E+00 0.000E+00 0.000E+00 1.500E-01 0.000E+00
   1      0.000E+00 0.000E+00 0.000E+00 2.412E+00   0.000000 1.000E+00 1.000E+00
   1  831860  1     1.480E-02 0.000E+00 0.000E+00 0.000E+00 1.000E+00 0.000E+00
   1      0.000E+00 0.000E+00 0.000E+00 7.755E+00   0.000000 1.000E+00 1.000E+00
   1  831861  1     9.800E-03 0.000E+00 0.000E+00 0.000E+00 1.000E+00 0.000E+00
   1      0.000E+00 0.000E+00 0.000E+00 7.905E+00   0.000000 1.000E+00 1.000E+00
   1  831870  1     3.200E-02 0.000E+00 5.000E-01 1.000E+00 5.000E-01 0.000E+00
   1      0.000E+00 0.000E+00 0.000E+00 6.439E+00   0.000000 1.000E+00 1.000E+00
   1  831871  1     3.200E-04 0.000E+00 5.000E-01 0.000E+00 5.000E-01 0.000E+00
   1      0.000E+00 0.000E+00 0.000E+00 6.849E+00   0.000000 1.000E+00 1.000E+00
   1  831880  1     4.400E-02 0.000E+00 5.000E-01 0.000E+00 5.000E-01 0.000E+00
   1      0.000E+00 0.000E+00 0.000E+00 7.171E+00   0.000000 1.000E+00 1.000E+00
   1  831881  1     2.200E-01 0.000E+00 5.000E-01 0.000E+00 5.000E-01 0.000E+00
   1      0.000E+00 0.000E+00 0.000E+00 7.296E+00   0.000000 1.000E+00 1.000E+00
   1  831890  1     6.740E-01 0.000E+00 5.000E-01 1.000E+00 5.000E-01 0.000E+00
   1      0.000E+00 0.000E+00 0.000E+00 6.016E+00   0.000000 1.000E+00 1.000E+00
   1  831891  1     5.000E-03 0.000E+00 5.000E-01 0.000E+00 5.000E-01 0.000E+00
   1      0.000E+00 0.000E+00 0.000E+00 6.398E+00   0.000000 1.000E+00 1.000E+00
   1  831900  1     6.300E+00 0.000E+00 2.300E-01 0.000E+00 7.700E-01 0.000E+00
   1      0.000E+00 0.000E+00 0.000E+00 6.745E+00   0.000000 1.000E+00 1.000E+00
   1  831901  1     6.200E+00 0.000E+00 3.000E-01 0.000E+00 7.000E-01 0.000E+00
   1      0.000E+00 0.000E+00 0.000E+00 6.570E+00   0.000000 1.000E+00 1.000E+00
   1  831910  1     1.230E+01 0.000E+00 4.000E-01 1.000E+00 6.000E-01 0.000E+00
   1      0.000E+00 0.000E+00 0.000E+00 5.737E+00   0.000000 1.000E+00 1.000E+00
   1  831911  1     1.240E-01 0.000E+00 2.500E-01 0.000E+00 7.500E-01 0.000E+00
   1      0.000E+00 0.000E+00 0.000E+00 6.476E+00   0.000000 1.000E+00 1.000E+00
   1  831920  1     3.460E+01 0.000E+00 8.800E-01 0.000E+00 1.200E-01 0.000E+00
   1      0.000E+00 0.000E+00 0.000E+00 6.049E+00   0.000000 1.000E+00 1.000E+00
   1  831921  1     3.960E+01 0.000E+00 9.000E-01 0.000E+00 1.000E-01 0.000E+00
   1      0.000E+00 0.000E+00 0.000E+00 6.045E+00   0.000000 1.000E+00 1.000E+00
   1  831930  1     6.700E+01 0.000E+00 9.650E-01 1.000E+00 3.500E-02 0.000E+00
   1      0.000E+00 0.000E+00 0.000E+00 4.192E+00   0.000000 1.000E+00 1.000E+00
   1  831931  1     3.200E+00 0.000E+00 1.000E-01 0.000E+00 9.000E-01 0.000E+00
   1      0.000E+00 0.000E+00 0.000E+00 6.393E+00   0.000000 1.000E+00 1.000E+00
   1  831940  1     9.500E+01 0.000E+00 9.954E-01 0.000E+00 4.600E-03 0.000E+00
   1      0.000E+00 0.000E+00 0.000E+00 5.481E+00   0.000000 1.000E+00 1.000E+00
   1  831941  1     1.250E+02 0.000E+00 1.000E+00 0.000E+00 0.000E+00 0.000E+00
   1      0.000E+00 0.000E+00 0.000E+00 5.552E+00   0.000000 1.000E+00 1.000E+00
   1  831942  1     1.150E+02 0.000E+00 9.980E-01 0.000E+00 2.000E-03 0.000E+00
   1      0.000E+00 0.000E+00 0.000E+00 5.633E+00   0.000000 1.000E+00 1.000E+00
   1  831950  1     1.830E+02 0.000E+00 9.997E-01 1.000E+00 3.000E-04 0.000E+00
   1      0.000E+00 0.000E+00 0.000E+00 3.659E+00   0.000000 1.000E+00 1.000E+00
   1  831951  1     8.700E+01 0.000E+00 6.700E-01 0.000E+00 3.300E-01 0.000E+00
   1      0.000E+00 0.000E+00 0.000E+00 4.776E+00   0.000000 1.000E+00 1.000E+00
   1  831960  1     3.060E+02 0.000E+00 1.000E+00 0.000E+00 1.150E-05 0.000E+00
   1      0.000E+00 0.000E+00 0.000E+00 4.901E+00   0.000000 1.000E+00 1.000E+00
   1  831961  1     6.000E-01 0.000E+00 5.000E-01 0.000E+00 0.000E+00 5.000E-01
   1      0.000E+00 0.000E+00 0.000E+00 2.590E+00   0.000000 1.000E+00 1.000E+00
   1  831962  1     2.400E+02 0.000E+00 7.420E-01 0.000E+00 3.800E-06 0.000E+00
   1      0.000E+00 2.580E-01 0.000E+00 3.797E+00   0.000000 1.000E+00 1.000E+00
   1  831970  1     5.580E+02 0.000E+00 1.000E+00 1.000E+00 1.000E-06 0.000E+00
   1      0.000E+00 0.000E+00 0.000E+00 3.161E+00   0.000000 1.000E+00 1.000E+00
   1  831971  1     3.024E+02 0.000E+00 4.487E-01 0.000E+00 5.484E-01 2.991E-03
   1      0.000E+00 0.000E+00 0.000E+00 4.675E+00   0.000000 1.000E+00 1.000E+00
   1  831980  1     6.180E+02 0.000E+00 1.000E+00 0.000E+00 0.000E+00 0.000E+00
   1      0.000E+00 0.000E+00 0.000E+00 4.454E+00   0.000000 1.000E+00 1.000E+00
   1  831981  1     6.960E+02 0.000E+00 1.000E+00 0.000E+00 0.000E+00 0.000E+00
   1      0.000E+00 0.000E+00 0.000E+00 4.641E+00   0.000000 1.000E+00 1.000E+00
   1  831982  1     7.700E+00 0.000E+00 0.000E+00 0.000E+00 0.000E+00 0.000E+00
   1      0.000E+00 1.000E+00 0.000E+00 2.500E-01   0.000000 1.000E+00 1.000E+00
   1  831990  1     1.620E+03 0.000E+00 1.000E+00 4.610E-01 0.000E+00 0.000E+00
   1      0.000E+00 0.000E+00 0.000E+00 2.821E+00   0.000000 1.000E+00 1.000E+00
   1  831991  1     1.482E+03 0.000E+00 9.799E-01 0.000E+00 1.000E-04 2.000E-02
   1      0.000E+00 0.000E+00 0.000E+00 3.344E+00   0.000000 1.000E+00 1.000E+00
   1  832000  1     2.184E+03 0.000E+00 1.000E+00 0.000E+00 0.000E+00 0.000E+00
   1      0.000E+00 0.000E+00 0.000E+00 3.915E+00   0.000000 1.000E+00 1.000E+00
   1  832001  1     1.860E+03 0.000E+00 9.000E-01 0.000E+00 0.000E+00 1.000E-01
   1      0.000E+00 0.000E+00 0.000E+00 3.594E+00   0.000000 1.000E+00 1.000E+00
   1  832002  1     4.000E-01 0.000E+00 0.000E+00 0.000E+00 0.000E+00 1.000E+00
   1      0.000E+00 0.000E+00 0.000E+00 4.282E-01   0.000000 1.000E+00 1.000E+00
   1  832010  1     6.480E+03 0.000E+00 1.000E+00 4.470E-01 1.000E-06 0.000E+00
   1      0.000E+00 0.000E+00 0.000E+00 2.374E+00   0.000000 1.000E+00 1.000E+00
   1  832011  1     3.348E+03 0.000E+00 9.320E-01 0.000E+00 3.000E-05 6.800E-02
   1      0.000E+00 0.000E+00 0.000E+00 5.499E-01   0.000000 1.000E+00 1.000E+00
   1  832020  1     6.156E+03 0.000E+00 1.000E+00 0.000E+00 0.000E+00 0.000E+00
   1      0.000E+00 0.000E+00 0.000E+00 2.610E+00   0.000000 1.000E+00 1.000E+00
   1  832030  1     4.234E+04 0.000E+00 1.000E+00 2.000E-01 1.000E-07 0.000E+00
   1      0.000E+00 0.000E+00 0.000E+00 2.055E+00   0.000000 1.000E+00 1.000E+00
   1  832031  1     3.030E-01 0.000E+00 0.000E+00 0.000E+00 0.000E+00 1.000E+00
   1      0.000E+00 0.000E+00 0.000E+00 1.098E+00   0.000000 1.000E+00 1.000E+00
   1  832040  1     4.039E+04 0.000E+00 1.000E+00 8.900E-02 0.000E+00 0.000E+00
   1      0.000E+00 0.000E+00 0.000E+00 2.832E+00   0.000000 1.000E+00 1.000E+00
   1  832041  1     1.300E-02 0.000E+00 0.000E+00 0.000E+00 0.000E+00 1.000E+00
   1      0.000E+00 0.000E+00 0.000E+00 8.055E-01   0.000000 1.000E+00 1.000E+00
   1  832042  1     1.070E-03 0.000E+00 0.000E+00 0.000E+00 0.000E+00 0.000E+00
   1      0.000E+00 1.000E+00 0.000E+00 2.028E+00   0.000000 1.000E+00 1.000E+00
   1  832050  1     1.323E+06 0.000E+00 1.000E+00 1.400E-01 0.000E+00 0.000E+00
   1      0.000E+00 0.000E+00 0.000E+00 1.581E+00   0.000000 1.000E+00 1.000E+00
   1  832060  1     5.394E+05 0.000E+00 1.000E+00 0.000E+00 0.000E+00 0.000E+00
   1      0.000E+00 0.000E+00 0.000E+00 3.399E+00   0.000000 1.000E+00 1.000E+00
   1  832070  1     1.038E+09 0.000E+00 1.000E+00 8.410E-01 0.000E+00 0.000E+00
   1      0.000E+00 0.000E+00 0.000E+00 2.744E-01   0.000000 1.000E+00 1.000E+00
   1  832080  1     1.161E+13 0.000E+00 1.000E+00 0.000E+00 0.000E+00 0.000E+00
   1      0.000E+00 0.000E+00 0.000E+00 2.666E+00   0.000000 1.000E+00 1.000E+00
   1  832081  1     2.580E-03 0.000E+00 0.000E+00 0.000E+00 0.000E+00 1.000E+00
   1      0.000E+00 0.000E+00 0.000E+00 1.571E+00   0.000000 1.000E+00 1.000E+00
   1  832090  1     5.996E+26 0.000E+00 0.000E+00 0.000E+00 1.000E+00 0.000E+00
   1      0.000E+00 0.000E+00 0.000E+00 3.137E+00 100.000000 1.000E+00 1.000E+00
   1  832100  1     4.330E+05 0.000E+00 0.000E+00 0.000E+00 1.400E-06 0.000E+00
   1      1.000E+00 0.000E+00 0.000E+00 3.173E-01   0.000000 1.000E+00 1.000E+00
   1  832101  1     9.467E+13 0.000E+00 0.000E+00 0.000E+00 1.000E+00 0.000E+00
   1      0.000E+00 0.000E+00 0.000E+00 5.317E+00   0.000000 1.000E+00 1.000E+00
   1  832110  1     1.290E+02 0.000E+00 0.000E+00 0.000E+00 9.972E-01 0.000E+00
   1      2.760E-03 0.000E+00 0.000E+00 6.732E+00   0.000000 1.000E+00 1.000E+00
   1  832120  1     3.632E+03 0.000E+00 0.000E+00 0.000E+00 3.593E-01 0.000E+00
   1      6.407E-01 0.000E+00 0.000E+00 2.824E+00   0.000000 1.000E+00 1.000E+00
   1  832121  1     1.500E+03 0.000E+00 0.000E+00 0.000E+00 6.680E-01 0.000E+00
   1      3.200E-02 0.000E+00 0.000E+00 7.617E+00   0.000000 1.000E+00 1.000E+00
   1  832122  1     5.400E+02 1.000E+00 0.000E+00 0.000E+00 0.000E+00 0.000E+00
   1      1.000E+00 0.000E+00 0.000E+00 1.262E+00   0.000000 1.000E+00 1.000E+00
   1  832130  1     2.735E+03 0.000E+00 0.000E+00 0.000E+00 2.090E-02 0.000E+00
   1      9.791E-01 0.000E+00 0.000E+00 6.953E-01   0.000000 1.000E+00 1.000E+00
   1  832140  1     1.188E+03 0.000E+00 0.000E+00 0.000E+00 2.100E-04 0.000E+00
   1      9.998E-01 0.000E+00 0.000E+00 2.129E+00   0.000000 1.000E+00 1.000E+00
   1  832150  1     4.560E+02 0.000E+00 0.000E+00 0.000E+00 0.000E+00 0.000E+00
   1      1.000E+00 0.000E+00 0.000E+00 9.195E-01   0.000000 1.000E+00 1.000E+00
   1  832151  1     3.690E+01 0.000E+00 0.000E+00 0.000E+00 0.000E+00 5.000E-01
   1      5.000E-01 0.000E+00 0.000E+00 1.853E+00   0.000000 1.000E+00 1.000E+00
   1  832160  1     1.302E+02 0.000E+00 0.000E+00 0.000E+00 0.000E+00 0.000E+00
   1      1.000E+00 0.000E+00 0.000E+00 2.727E+00   0.000000 1.000E+00 1.000E+00
   1  832170  1     9.850E+01 0.000E+00 0.000E+00 0.000E+00 0.000E+00 0.000E+00
   1      1.000E+00 0.000E+00 0.000E+00 1.946E+00   0.000000 1.000E+00 1.000E+00
   1  832180  1     3.300E+01 0.000E+00 0.000E+00 0.000E+00 0.000E+00 0.000E+00
   1      1.000E+00 0.000E+00 0.000E+00 3.321E+00   0.000000 1.000E+00 1.000E+00
   1  841880  1     4.300E-04 0.000E+00 5.000E-01 0.000E+00 5.000E-01 0.000E+00
   1      0.000E+00 0.000E+00 0.000E+00 6.262E+00   0.000000 1.000E+00 1.000E+00
   1  841890  1     5.000E-03 0.000E+00 5.000E-01 1.000E+00 5.000E-01 0.000E+00
   1      0.000E+00 0.000E+00 0.000E+00 6.656E+00   0.000000 1.000E+00 1.000E+00
   1  841900  1     2.450E-03 0.000E+00 0.000E+00 0.000E+00 1.000E+00 0.000E+00
   1      0.000E+00 0.000E+00 0.000E+00 7.680E+00   0.000000 1.000E+00 1.000E+00
   1  841910  1     2.200E-02 0.000E+00 0.000E+00 0.000E+00 1.000E+00 0.000E+00
   1      0.000E+00 0.000E+00 0.000E+00 7.501E+00   0.000000 1.000E+00 1.000E+00
   1  841911  1     9.800E-02 0.000E+00 0.000E+00 0.000E+00 1.000E+00 0.000E+00
   1      0.000E+00 0.000E+00 0.000E+00 7.524E+00   0.000000 1.000E+00 1.000E+00
   1  841920  1     3.320E-02 0.000E+00 0.000E+00 0.000E+00 9.950E-01 0.000E+00
   1      0.000E+00 0.000E+00 0.000E+00 7.267E+00   0.000000 1.000E+00 1.000E+00
   1  841930  1     3.700E-01 0.000E+00 0.000E+00 0.000E+00 1.000E+00 0.000E+00
   1      0.000E+00 0.000E+00 0.000E+00 7.092E+00   0.000000 1.000E+00 1.000E+00
   1  841931  1     2.450E-01 0.000E+00 0.000E+00 0.000E+00 1.000E+00 0.000E+00
   1      0.000E+00 0.000E+00 0.000E+00 7.145E+00   0.000000 1.000E+00 1.000E+00
   1  841940  1     3.920E-01 0.000E+00 0.000E+00 0.000E+00 1.000E+00 0.000E+00
   1      0.000E+00 0.000E+00 0.000E+00 6.987E+00   0.000000 1.000E+00 1.000E+00
   1  841950  1     4.640E+00 0.000E+00 2.500E-01 1.000E+00 7.500E-01 0.000E+00
   1      0.000E+00 0.000E+00 0.000E+00 6.159E+00   0.000000 1.000E+00 1.000E+00
   1  841951  1     1.920E+00 0.000E+00 9.999E-02 0.000E+00 8.999E-01 9.999E-05
   1      0.000E+00 0.000E+00 0.000E+00 6.620E+00   0.000000 1.000E+00 1.000E+00
   1  841960  1     5.560E+00 0.000E+00 6.000E-02 0.000E+00 9.400E-01 0.000E+00
   1      0.000E+00 0.000E+00 0.000E+00 6.439E+00   0.000000 1.000E+00 1.000E+00
   1  841970  1     5.360E+01 0.000E+00 5.600E-01 1.000E+00 4.400E-01 0.000E+00
   1      0.000E+00 0.000E+00 0.000E+00 5.046E+00   0.000000 1.000E+00 1.000E+00
   1  841971  1     2.580E+01 0.000E+00 1.599E-01 0.000E+00 8.400E-01 1.000E-04
   1      0.000E+00 0.000E+00 0.000E+00 6.163E+00   0.000000 1.000E+00 1.000E+00
   1  841980  1     1.062E+02 0.000E+00 4.300E-01 0.000E+00 5.700E-01 0.000E+00
   1      0.000E+00 0.000E+00 0.000E+00 4.714E+00   0.000000 1.000E+00 1.000E+00
   1  841990  1     3.288E+02 0.000E+00 9.250E-01 1.000E+00 7.500E-02 0.000E+00
   1      0.000E+00 0.000E+00 0.000E+00 3.487E+00   0.000000 1.000E+00 1.000E+00
   1  841991  1     2.502E+02 0.000E+00 7.350E-01 0.000E+00 2.400E-01 2.500E-02
   1      0.000E+00 0.000E+00 0.000E+00 4.380E+00   0.000000 1.000E+00 1.000E+00
   1  842000  1     6.900E+02 0.000E+00 8.890E-01 1.000E+00 1.110E-01 0.000E+00
   1      0.000E+00 0.000E+00 0.000E+00 2.629E+00   0.000000 1.000E+00 1.000E+00
   1  842010  1     9.180E+02 0.000E+00 9.840E-01 1.000E+00 1.600E-02 0.000E+00
   1      0.000E+00 0.000E+00 0.000E+00 2.746E+00   0.000000 1.000E+00 1.000E+00
   1  842011  1     5.340E+02 0.000E+00 4.104E-01 0.000E+00 2.903E-02 5.606E-01
   1      0.000E+00 0.000E+00 0.000E+00 1.863E+00   0.000000 1.000E+00 1.000E+00
   1  842020  1     2.682E+03 0.000E+00 9.808E-01 0.000E+00 1.920E-02 0.000E+00
   1      0.000E+00 0.000E+00 0.000E+00 1.946E+00   0.000000 1.000E+00 1.000E+00
   1  842030  1     2.202E+03 0.000E+00 9.989E-01 0.000E+00 1.100E-03 0.000E+00
   1      0.000E+00 0.000E+00 0.000E+00 1.523E+00   0.000000 1.000E+00 1.000E+00
   1  842031  1     4.500E+01 0.000E+00 0.000E+00 0.000E+00 4.000E-04 9.996E-01
   1      0.000E+00 0.000E+00 0.000E+00 6.435E-01   0.000000 1.000E+00 1.000E+00
   1  842040  1     1.271E+04 0.000E+00 9.934E-01 5.000E-01 6.600E-03 0.000E+00
   1      0.000E+00 0.000E+00 0.000E+00 1.315E+00   0.000000 1.000E+00 1.000E+00
   1  842050  1     6.264E+03 0.000E+00 9.996E-01 0.000E+00 4.000E-04 0.000E+00
   1      0.000E+00 0.000E+00 0.000E+00 1.514E+00   0.000000 1.000E+00 1.000E+00
   1  842051  1     5.740E-02 0.000E+00 0.000E+00 0.000E+00 0.000E+00 1.000E+00
   1      0.000E+00 0.000E+00 0.000E+00 1.461E+00   0.000000 1.000E+00 1.000E+00
   1  842060  1     7.603E+05 0.000E+00 9.455E-01 0.000E+00 5.450E-02 0.000E+00
   1      0.000E+00 0.000E+00 0.000E+00 1.454E+00   0.000000 1.000E+00 1.000E+00
   1  842070  1     2.088E+04 0.000E+00 9.998E-01 0.000E+00 2.100E-04 0.000E+00
   1      0.000E+00 0.000E+00 0.000E+00 1.316E+00   0.000000 1.000E+00 1.000E+00
   1  842071  1     2.790E+00 0.000E+00 0.000E+00 0.000E+00 0.000E+00 1.000E+00
   1      0.000E+00 0.000E+00 0.000E+00 1.360E+00   0.000000 1.000E+00 1.000E+00
   1  842080  1     9.246E+07 0.000E+00 1.810E-05 0.000E+00 1.000E+00 0.000E+00
   1      0.000E+00 0.000E+00 0.000E+00 5.215E+00   0.000000 1.000E+00 1.000E+00
   1  842090  1     3.629E+09 0.000E+00 4.540E-03 0.000E+00 9.955E-01 0.000E+00
   1      0.000E+00 0.000E+00 0.000E+00 4.963E+00   0.000000 1.000E+00 1.000E+00
   1  842100  1     1.196E+07 0.000E+00 0.000E+00 0.000E+00 1.000E+00 0.000E+00
   1      0.000E+00 0.000E+00 0.000E+00 5.408E+00   0.000000 1.000E+00 1.000E+00
   1  842110  1     5.160E-01 0.000E+00 0.000E+00 0.000E+00 1.000E+00 0.000E+00
   1      0.000E+00 0.000E+00 0.000E+00 7.595E+00   0.000000 1.000E+00 1.000E+00
   1  842111  1     2.550E+01 0.000E+00 0.000E+00 0.000E+00 1.000E+00 0.000E+00
   1      0.000E+00 0.000E+00 0.000E+00 9.050E+00   0.000000 1.000E+00 1.000E+00
   1  842120  1     3.000E-07 0.000E+00 0.000E+00 0.000E+00 1.000E+00 0.000E+00
   1      0.000E+00 0.000E+00 0.000E+00 8.955E+00   0.000000 1.000E+00 1.000E+00
   1  842121  1     4.510E+01 0.000E+00 0.000E+00 0.000E+00 1.000E+00 0.000E+00
   1      0.000E+00 0.000E+00 0.000E+00 1.188E+01   0.000000 1.000E+00 1.000E+00
   1  842130  1     3.700E-06 0.000E+00 0.000E+00 0.000E+00 1.000E+00 0.000E+00
   1      0.000E+00 0.000E+00 0.000E+00 8.537E+00   0.000000 1.000E+00 1.000E+00
   1  842140  1     1.623E-04 0.000E+00 0.000E+00 0.000E+00 1.000E+00 0.000E+00
   1      0.000E+00 0.000E+00 0.000E+00 7.834E+00   0.000000 1.000E+00 1.000E+00
   1  842150  1     1.781E-03 0.000E+00 0.000E+00 0.000E+00 1.000E+00 0.000E+00
   1      2.300E-06 0.000E+00 0.000E+00 7.526E+00   0.000000 1.000E+00 1.000E+00
   1  842160  1     1.480E-01 0.000E+00 0.000E+00 0.000E+00 1.000E+00 0.000E+00
   1      0.000E+00 0.000E+00 0.000E+00 6.907E+00   0.000000 1.000E+00 1.000E+00
   1  842170  1     1.470E+00 0.000E+00 0.000E+00 0.000E+00 9.500E-01 0.000E+00
   1      5.000E-02 0.000E+00 0.000E+00 6.377E+00   0.000000 1.000E+00 1.000E+00
   1  842180  1     1.843E+02 0.000E+00 0.000E+00 0.000E+00 9.998E-01 0.000E+00
   1      2.200E-04 0.000E+00 0.000E+00 6.113E+00   0.000000 1.000E+00 1.000E+00
   1  842190  1     1.200E+02 0.000E+00 0.000E+00 0.000E+00 5.000E-01 0.000E+00
   1      5.000E-01 0.000E+00 0.000E+00 3.749E+00   0.000000 1.000E+00 1.000E+00
   1  842200  1     4.000E+01 0.000E+00 0.000E+00 0.000E+00 0.000E+00 0.000E+00
   1      1.000E+00 0.000E+00 0.000E+00 7.467E-01   0.000000 1.000E+00 1.000E+00
   1  851930  1     4.000E-02 0.000E+00 0.000E+00 0.000E+00 1.000E+00 0.000E+00
   1      0.000E+00 0.000E+00 0.000E+00 7.485E+00   0.000000 1.000E+00 1.000E+00
   1  851940  1     4.000E-02 0.000E+00 0.000E+00 0.000E+00 1.000E+00 0.000E+00
   1      0.000E+00 0.000E+00 0.000E+00 7.285E+00   0.000000 1.000E+00 1.000E+00
   1  851941  1     2.500E-01 0.000E+00 0.000E+00 0.000E+00 1.000E+00 0.000E+00
   1      0.000E+00 0.000E+00 0.000E+00 7.285E+00   0.000000 1.000E+00 1.000E+00
   1  851950  1     3.280E-01 0.000E+00 0.000E+00 0.000E+00 1.000E+00 0.000E+00
   1      0.000E+00 0.000E+00 0.000E+00 7.339E+00   0.000000 1.000E+00 1.000E+00
   1  851951  1     1.470E-01 0.000E+00 2.500E-01 0.000E+00 7.500E-01 0.000E+00
   1      0.000E+00 0.000E+00 0.000E+00 6.587E+00   0.000000 1.000E+00 1.000E+00
   1  851960  1     2.530E-01 0.000E+00 4.000E-02 0.000E+00 9.600E-01 0.000E+00
   1      0.000E+00 0.000E+00 0.000E+00 7.172E+00   0.000000 1.000E+00 1.000E+00
   1  851961  1     2.000E-02 0.000E+00 0.000E+00 0.000E+00 0.000E+00 1.000E+00
   1      0.000E+00 0.000E+00 0.000E+00 2.000E-01   0.000000 1.000E+00 1.000E+00
   1  851970  1     3.500E-01 0.000E+00 4.000E-02 1.000E+00 9.600E-01 0.000E+00
   1      0.000E+00 0.000E+00 0.000E+00 7.005E+00   0.000000 1.000E+00 1.000E+00
   1  851971  1     3.700E+00 0.000E+00 0.000E+00 0.000E+00 1.000E+00 4.000E-05
   1      0.000E+00 0.000E+00 0.000E+00 6.850E+00   0.000000 1.000E+00 1.000E+00
   1  851980  1     4.200E+00 0.000E+00 6.000E-02 0.000E+00 9.400E-01 0.000E+00
   1      0.000E+00 0.000E+00 0.000E+00 6.834E+00   0.000000 1.000E+00 1.000E+00
   1  851981  1     1.000E+00 0.000E+00 1.400E-01 0.000E+00 8.600E-01 0.000E+00
   1      0.000E+00 0.000E+00 0.000E+00 6.868E+00   0.000000 1.000E+00 1.000E+00
   1  851990  1     7.200E+00 0.000E+00 1.100E-01 1.000E+00 8.900E-01 0.000E+00
   1      0.000E+00 0.000E+00 0.000E+00 6.479E+00   0.000000 1.000E+00 1.000E+00
   1  852000  1     4.320E+01 0.000E+00 4.300E-01 0.000E+00 5.700E-01 0.000E+00
   1      0.000E+00 0.000E+00 0.000E+00 6.043E+00   0.000000 1.000E+00 1.000E+00
   1  852001  1     4.700E+01 0.000E+00 2.850E-01 0.000E+00 4.300E-01 2.850E-01
   1      0.000E+00 0.000E+00 0.000E+00 4.380E+00   0.000000 1.000E+00 1.000E+00
   1  852002  1     3.500E+00 0.000E+00 4.545E-02 0.000E+00 1.061E-01 0.000E+00
   1      0.000E+00 8.485E-01 0.000E+00 1.155E+00   0.000000 1.000E+00 1.000E+00
   1  852010  1     8.500E+01 0.000E+00 2.900E-01 1.000E+00 7.100E-01 0.000E+00
   1      0.000E+00 0.000E+00 0.000E+00 5.624E+00   0.000000 1.000E+00 1.000E+00
   1  852020  1     1.840E+02 0.000E+00 8.200E-01 0.000E+00 1.800E-01 0.000E+00
   1      0.000E+00 0.000E+00 0.000E+00 5.152E+00   0.000000 1.000E+00 1.000E+00
   1  852021  1     1.820E+02 0.000E+00 4.565E-01 0.000E+00 8.700E-02 4.565E-01
   1      0.000E+00 0.000E+00 0.000E+00 2.921E+00   0.000000 1.000E+00 1.000E+00
   1  852022  1     4.600E-01 0.000E+00 2.500E-03 0.000E+00 9.600E-04 0.000E+00
   1      0.000E+00 9.965E-01 0.000E+00 4.080E-01   0.000000 1.000E+00 1.000E+00
   1  852030  1     4.440E+02 0.000E+00 6.900E-01 5.000E-01 3.100E-01 0.000E+00
   1      0.000E+00 0.000E+00 0.000E+00 4.144E+00   0.000000 1.000E+00 1.000E+00
   1  852040  1     5.520E+02 0.000E+00 9.620E-01 0.000E+00 3.800E-02 0.000E+00
   1      0.000E+00 0.000E+00 0.000E+00 4.373E+00   0.000000 1.000E+00 1.000E+00
   1  852041  1     1.080E-01 0.000E+00 0.000E+00 0.000E+00 0.000E+00 1.000E+00
   1      0.000E+00 0.000E+00 0.000E+00 5.873E-01   0.000000 1.000E+00 1.000E+00
   1  852050  1     1.614E+03 0.000E+00 9.000E-01 5.000E-01 1.000E-01 0.000E+00
   1      0.000E+00 0.000E+00 0.000E+00 2.886E+00   0.000000 1.000E+00 1.000E+00
   1  852060  1     1.800E+03 0.000E+00 9.911E-01 0.000E+00 8.900E-03 0.000E+00
   1      0.000E+00 0.000E+00 0.000E+00 2.658E+00   0.000000 1.000E+00 1.000E+00
   1  852070  1     6.480E+03 0.000E+00 9.140E-01 0.000E+00 8.600E-02 0.000E+00
   1      0.000E+00 0.000E+00 0.000E+00 2.883E+00   0.000000 1.000E+00 1.000E+00
   1  852080  1     5.868E+03 0.000E+00 9.945E-01 0.000E+00 5.500E-03 0.000E+00
   1      0.000E+00 0.000E+00 0.000E+00 3.332E+00   0.000000 1.000E+00 1.000E+00
   1  852090  1     1.948E+04 0.000E+00 9.590E-01 0.000E+00 4.100E-02 0.000E+00
   1      0.000E+00 0.000E+00 0.000E+00 2.465E+00   0.000000 1.000E+00 1.000E+00
   1  852100  1     2.916E+04 0.000E+00 9.983E-01 0.000E+00 1.750E-03 0.000E+00
   1      0.000E+00 0.000E+00 0.000E+00 3.043E+00   0.000000 1.000E+00 1.000E+00
   1  852110  1     2.598E+04 0.000E+00 5.822E-01 0.000E+00 4.178E-01 0.000E+00
   1      0.000E+00 0.000E+00 0.000E+00 2.542E+00   0.000000 1.000E+00 1.000E+00
   1  852120  1     3.140E-01 0.000E+00 0.000E+00 0.000E+00 1.000E+00 0.000E+00
   1      0.000E+00 0.000E+00 0.000E+00 7.798E+00   0.000000 1.000E+00 1.000E+00
   1  852121  1     1.190E-01 0.000E+00 0.000E+00 0.000E+00 1.000E+00 0.000E+00
   1      0.000E+00 0.000E+00 0.000E+00 8.027E+00   0.000000 1.000E+00 1.000E+00
   1  852130  1     1.250E-07 0.000E+00 0.000E+00 0.000E+00 1.000E+00 0.000E+00
   1      0.000E+00 0.000E+00 0.000E+00 9.254E+00   0.000000 1.000E+00 1.000E+00
   1  852140  1     5.580E-07 0.000E+00 0.000E+00 0.000E+00 1.000E+00 0.000E+00
   1      0.000E+00 0.000E+00 0.000E+00 8.983E+00   0.000000 1.000E+00 1.000E+00
   1  852150  1     1.000E-04 0.000E+00 0.000E+00 0.000E+00 1.000E+00 0.000E+00
   1      0.000E+00 0.000E+00 0.000E+00 8.179E+00   0.000000 1.000E+00 1.000E+00
   1  852160  1     3.000E-04 0.000E+00 0.000E+00 0.000E+00 1.000E+00 0.000E+00
   1      0.000E+00 0.000E+00 0.000E+00 7.966E+00   0.000000 1.000E+00 1.000E+00
   1  852170  1     3.230E-02 0.000E+00 0.000E+00 0.000E+00 9.999E-01 0.000E+00
   1      6.700E-05 0.000E+00 0.000E+00 7.200E+00   0.000000 1.000E+00 1.000E+00
   1  852180  1     1.400E+00 0.000E+00 0.000E+00 0.000E+00 9.990E-01 0.000E+00
   1      1.000E-03 0.000E+00 0.000E+00 6.820E+00   0.000000 1.000E+00 1.000E+00
   1  852190  1     5.600E+01 0.000E+00 0.000E+00 0.000E+00 9.700E-01 0.000E+00
   1      3.000E-02 0.000E+00 0.000E+00 6.150E+00   0.000000 1.000E+00 1.000E+00
   1  852200  1     2.226E+02 0.000E+00 0.000E+00 0.000E+00 8.000E-02 0.000E+00
   1      9.200E-01 0.000E+00 0.000E+00 2.060E+00   0.000000 1.000E+00 1.000E+00
   1  852210  1     1.380E+02 0.000E+00 0.000E+00 0.000E+00 0.000E+00 0.000E+00
   1      1.000E+00 0.000E+00 0.000E+00 1.559E+00   0.000000 1.000E+00 1.000E+00
   1  852220  1     5.400E+01 0.000E+00 0.000E+00 0.000E+00 0.000E+00 0.000E+00
   1      1.000E+00 0.000E+00 0.000E+00 2.951E+00   0.000000 1.000E+00 1.000E+00
   1  852230  1     5.000E+01 0.000E+00 0.000E+00 0.000E+00 0.000E+00 0.000E+00
   1      1.000E+00 0.000E+00 0.000E+00 2.107E+00   0.000000 1.000E+00 1.000E+00
   1  861950  1     6.000E-03 0.000E+00 0.000E+00 0.000E+00 1.000E+00 0.000E+00
   1      0.000E+00 0.000E+00 0.000E+00 7.699E+00   0.000000 1.000E+00 1.000E+00
   1  861951  1     6.000E-03 0.000E+00 0.000E+00 0.000E+00 1.000E+00 0.000E+00
   1      0.000E+00 0.000E+00 0.000E+00 7.715E+00   0.000000 1.000E+00 1.000E+00
   1  861960  1     4.400E-03 0.000E+00 0.000E+00 0.000E+00 9.980E-01 0.000E+00
   1      0.000E+00 0.000E+00 0.000E+00 7.603E+00   0.000000 1.000E+00 1.000E+00
   1  861970  1     6.600E-02 0.000E+00 0.000E+00 0.000E+00 1.000E+00 0.000E+00
   1      0.000E+00 0.000E+00 0.000E+00 7.411E+00   0.000000 1.000E+00 1.000E+00
   1  861971  1     2.100E-02 0.000E+00 0.000E+00 0.000E+00 1.000E+00 0.000E+00
   1      0.000E+00 0.000E+00 0.000E+00 7.510E+00   0.000000 1.000E+00 1.000E+00
   1  861980  1     6.500E-02 0.000E+00 0.000E+00 0.000E+00 9.940E-01 0.000E+00
   1      0.000E+00 0.000E+00 0.000E+00 7.310E+00   0.000000 1.000E+00 1.000E+00
   1  861990  1     6.200E-01 0.000E+00 6.000E-02 0.000E+00 9.400E-01 0.000E+00
   1      0.000E+00 0.000E+00 0.000E+00 6.990E+00   0.000000 1.000E+00 1.000E+00
   1  861991  1     3.200E-01 0.000E+00 3.000E-02 0.000E+00 9.700E-01 0.000E+00
   1      0.000E+00 0.000E+00 0.000E+00 7.128E+00   0.000000 1.000E+00 1.000E+00
   1  862000  1     1.030E+00 0.000E+00 2.000E-02 0.000E+00 9.800E-01 0.000E+00
   1      0.000E+00 0.000E+00 0.000E+00 6.969E+00   0.000000 1.000E+00 1.000E+00
   1  862010  1     7.000E+00 0.000E+00 2.000E-01 0.000E+00 8.000E-01 0.000E+00
   1      0.000E+00 0.000E+00 0.000E+00 6.388E+00   0.000000 1.000E+00 1.000E+00
   1  862011  1     3.800E+00 0.000E+00 1.000E-01 0.000E+00 8.999E-01 1.000E-04
   1      0.000E+00 0.000E+00 0.000E+00 6.690E+00   0.000000 1.000E+00 1.000E+00
   1  862020  1     9.940E+00 0.000E+00 1.400E-01 0.000E+00 8.600E-01 0.000E+00
   1      0.000E+00 0.000E+00 0.000E+00 6.228E+00   0.000000 1.000E+00 1.000E+00
   1  862030  1     4.350E+01 0.000E+00 3.400E-01 0.000E+00 6.600E-01 0.000E+00
   1      0.000E+00 0.000E+00 0.000E+00 5.737E+00   0.000000 1.000E+00 1.000E+00
   1  862031  1     2.670E+01 0.000E+00 2.000E-01 0.000E+00 8.000E-01 0.000E+00
   1      0.000E+00 0.000E+00 0.000E+00 6.194E+00   0.000000 1.000E+00 1.000E+00
   1  862040  1     7.440E+01 0.000E+00 2.700E-01 5.000E-01 7.300E-01 0.000E+00
   1      0.000E+00 0.000E+00 0.000E+00 5.425E+00   0.000000 1.000E+00 1.000E+00
   1  862050  1     1.680E+02 0.000E+00 7.540E-01 0.000E+00 2.460E-01 0.000E+00
   1      0.000E+00 0.000E+00 0.000E+00 4.217E+00   0.000000 1.000E+00 1.000E+00
   1  862060  1     3.402E+02 0.000E+00 3.800E-01 0.000E+00 6.200E-01 0.000E+00
   1      0.000E+00 0.000E+00 0.000E+00 4.795E+00   0.000000 1.000E+00 1.000E+00
   1  862070  1     5.550E+02 0.000E+00 7.900E-01 0.000E+00 2.100E-01 0.000E+00
   1      0.000E+00 0.000E+00 0.000E+00 3.742E+00   0.000000 1.000E+00 1.000E+00
   1  862080  1     1.461E+03 0.000E+00 3.800E-01 0.000E+00 6.200E-01 0.000E+00
   1      0.000E+00 0.000E+00 0.000E+00 4.602E+00   0.000000 1.000E+00 1.000E+00
   1  862090  1     1.728E+03 0.000E+00 8.300E-01 0.000E+00 1.700E-01 0.000E+00
   1      0.000E+00 0.000E+00 0.000E+00 2.136E+00   0.000000 1.000E+00 1.000E+00
   1  862100  1     8.640E+03 0.000E+00 4.000E-02 0.000E+00 9.600E-01 0.000E+00
   1      0.000E+00 0.000E+00 0.000E+00 5.979E+00   0.000000 1.000E+00 1.000E+00
   1  862110  1     5.256E+04 0.000E+00 7.260E-01 0.000E+00 2.740E-01 0.000E+00
   1      0.000E+00 0.000E+00 0.000E+00 3.034E+00   0.000000 1.000E+00 1.000E+00
   1  862120  1     1.434E+03 0.000E+00 0.000E+00 0.000E+00 1.000E+00 0.000E+00
   1      0.000E+00 0.000E+00 0.000E+00 6.384E+00   0.000000 1.000E+00 1.000E+00
   1  862130  1     2.500E-02 0.000E+00 0.000E+00 0.000E+00 1.000E+00 0.000E+00
   1      0.000E+00 0.000E+00 0.000E+00 8.238E+00   0.000000 1.000E+00 1.000E+00
   1  862140  1     2.700E-07 0.000E+00 0.000E+00 0.000E+00 1.000E+00 0.000E+00
   1      0.000E+00 0.000E+00 0.000E+00 9.208E+00   0.000000 1.000E+00 1.000E+00
   1  862150  1     2.300E-06 0.000E+00 0.000E+00 0.000E+00 1.000E+00 0.000E+00
   1      0.000E+00 0.000E+00 0.000E+00 8.839E+00   0.000000 1.000E+00 1.000E+00
   1  862160  1     4.500E-05 0.000E+00 0.000E+00 0.000E+00 1.000E+00 0.000E+00
   1      0.000E+00 0.000E+00 0.000E+00 8.200E+00   0.000000 1.000E+00 1.000E+00
   1  862170  1     5.400E-04 0.000E+00 0.000E+00 0.000E+00 1.000E+00 0.000E+00
   1      0.000E+00 0.000E+00 0.000E+00 7.888E+00   0.000000 1.000E+00 1.000E+00
   1  862180  1     3.600E-02 0.000E+00 0.000E+00 0.000E+00 1.000E+00 0.000E+00
   1      0.000E+00 0.000E+00 0.000E+00 7.263E+00   0.000000 1.000E+00 1.000E+00
   1  862190  1     3.980E+00 0.000E+00 0.000E+00 0.000E+00 1.000E+00 0.000E+00
   1      0.000E+00 0.000E+00 0.000E+00 6.948E+00   0.000000 1.000E+00 1.000E+00
   1  862200  1     5.580E+01 0.000E+00 0.000E+00 0.000E+00 1.000E+00 0.000E+00
   1      0.000E+00 0.000E+00 0.000E+00 6.405E+00   0.000000 1.000E+00 1.000E+00
   1  862210  1     1.500E+03 0.000E+00 0.000E+00 0.000E+00 2.000E-01 0.000E+00
   1      7.800E-01 0.000E+00 0.000E+00 1.614E+00   0.000000 1.000E+00 1.000E+00
   1  862220  1     3.303E+05 0.000E+00 0.000E+00 0.000E+00 1.000E+00 0.000E+00
   1      0.000E+00 0.000E+00 0.000E+00 5.590E+00   0.000000 1.000E+00 1.000E+00
   1  862230  1     1.452E+03 0.000E+00 0.000E+00 0.000E+00 0.000E+00 0.000E+00
   1      1.000E+00 0.000E+00 0.000E+00 9.551E-01   0.000000 1.000E+00 1.000E+00
   1  862240  1     6.420E+03 0.000E+00 0.000E+00 0.000E+00 0.000E+00 0.000E+00
   1      1.000E+00 0.000E+00 0.000E+00 5.200E-01   0.000000 1.000E+00 1.000E+00
   1  862250  1     2.796E+02 0.000E+00 0.000E+00 0.000E+00 0.000E+00 0.000E+00
   1      1.000E+00 0.000E+00 0.000E+00 1.787E+00   0.000000 1.000E+00 1.000E+00
   1  862260  1     4.440E+02 0.000E+00 0.000E+00 0.000E+00 0.000E+00 0.000E+00
   1      1.000E+00 0.000E+00 0.000E+00 9.333E-01   0.000000 1.000E+00 1.000E+00
   1  862270  1     2.080E+01 0.000E+00 0.000E+00 0.000E+00 0.000E+00 0.000E+00
   1      1.000E+00 0.000E+00 0.000E+00 2.220E+00   0.000000 1.000E+00 1.000E+00
   1  862280  1     6.500E+01 0.000E+00 0.000E+00 0.000E+00 0.000E+00 0.000E+00
   1      1.000E+00 0.000E+00 0.000E+00 1.400E+00   0.000000 1.000E+00 1.000E+00
   1  871990  1     1.600E-02 0.000E+00 0.000E+00 0.000E+00 1.000E+00 0.000E+00
   1      0.000E+00 0.000E+00 0.000E+00 7.811E+00   0.000000 1.000E+00 1.000E+00
   1  872000  1     2.400E-02 0.000E+00 0.000E+00 0.000E+00 1.000E+00 0.000E+00
   1      0.000E+00 0.000E+00 0.000E+00 7.615E+00   0.000000 1.000E+00 1.000E+00
   1  872001  1     6.500E-01 0.000E+00 0.000E+00 0.000E+00 1.000E+00 0.000E+00
   1      0.000E+00 0.000E+00 0.000E+00 7.615E+00   0.000000 1.000E+00 1.000E+00
   1  872010  1     6.900E-02 0.000E+00 0.000E+00 0.000E+00 1.000E+00 0.000E+00
   1      0.000E+00 0.000E+00 0.000E+00 7.511E+00   0.000000 1.000E+00 1.000E+00
   1  872020  1     2.900E-01 0.000E+00 3.000E-02 0.000E+00 9.700E-01 0.000E+00
   1      0.000E+00 0.000E+00 0.000E+00 7.352E+00   0.000000 1.000E+00 1.000E+00
   1  872021  1     3.400E-01 0.000E+00 3.000E-02 0.000E+00 9.700E-01 0.000E+00
   1      0.000E+00 0.000E+00 0.000E+00 7.358E+00   0.000000 1.000E+00 1.000E+00
   1  872030  1     5.500E-01 0.000E+00 5.000E-02 5.000E-01 9.500E-01 0.000E+00
   1      0.000E+00 0.000E+00 0.000E+00 7.121E+00   0.000000 1.000E+00 1.000E+00
   1  872040  1     1.700E+00 0.000E+00 4.000E-02 0.000E+00 9.600E-01 0.000E+00
   1      0.000E+00 0.000E+00 0.000E+00 7.113E+00   0.000000 1.000E+00 1.000E+00
   1  872041  1     2.600E+00 0.000E+00 1.000E-01 0.000E+00 9.000E-01 0.000E+00
   1      0.000E+00 0.000E+00 0.000E+00 6.977E+00   0.000000 1.000E+00 1.000E+00
   1  872042  1     1.700E+00 0.000E+00 0.000E+00 0.000E+00 7.400E-01 0.000E+00
   1      0.000E+00 2.600E-01 0.000E+00 5.368E+00   0.000000 1.000E+00 1.000E+00
   1  872050  1     3.920E+00 0.000E+00 1.000E-02 0.000E+00 9.900E-01 0.000E+00
   1      0.000E+00 0.000E+00 0.000E+00 7.026E+00   0.000000 1.000E+00 1.000E+00
   1  872060  1     1.600E+01 0.000E+00 5.800E-01 0.000E+00 4.200E-01 0.000E+00
   1      0.000E+00 0.000E+00 0.000E+00 5.952E+00   0.000000 1.000E+00 1.000E+00
   1  872061  1     1.590E+01 0.000E+00 2.900E-01 0.000E+00 4.200E-01 2.900E-01
   1      0.000E+00 0.000E+00 0.000E+00 4.522E+00   0.000000 1.000E+00 1.000E+00
   1  872062  1     7.000E-01 0.000E+00 0.000E+00 0.000E+00 1.200E-01 0.000E+00
   1      0.000E+00 8.800E-01 0.000E+00 1.314E+00   0.000000 1.000E+00 1.000E+00
   1  872070  1     1.480E+01 0.000E+00 5.000E-02 0.000E+00 9.500E-01 0.000E+00
   1      0.000E+00 0.000E+00 0.000E+00 6.746E+00   0.000000 1.000E+00 1.000E+00
   1  872080  1     5.910E+01 0.000E+00 1.000E-01 0.000E+00 9.000E-01 0.000E+00
   1      0.000E+00 0.000E+00 0.000E+00 6.567E+00   0.000000 1.000E+00 1.000E+00
   1  872090  1     5.000E+01 0.000E+00 1.100E-01 0.000E+00 8.900E-01 0.000E+00
   1      0.000E+00 0.000E+00 0.000E+00 6.411E+00   0.000000 1.000E+00 1.000E+00
   1  872100  1     1.908E+02 0.000E+00 4.000E-01 0.000E+00 6.000E-01 0.000E+00
   1      0.000E+00 0.000E+00 0.000E+00 5.657E+00   0.000000 1.000E+00 1.000E+00
   1  872110  1     1.860E+02 0.000E+00 2.000E-01 0.000E+00 8.000E-01 0.000E+00
   1      0.000E+00 0.000E+00 0.000E+00 5.941E+00   0.000000 1.000E+00 1.000E+00
   1  872120  1     1.200E+03 0.000E+00 5.700E-01 0.000E+00 4.300E-01 0.000E+00
   1      0.000E+00 0.000E+00 0.000E+00 4.753E+00   0.000000 1.000E+00 1.000E+00
   1  872130  1     3.460E+01 0.000E+00 5.500E-03 0.000E+00 9.945E-01 0.000E+00
   1      0.000E+00 0.000E+00 0.000E+00 6.875E+00   0.000000 1.000E+00 1.000E+00
   1  872140  1     5.000E-03 0.000E+00 0.000E+00 0.000E+00 1.000E+00 0.000E+00
   1      0.000E+00 0.000E+00 0.000E+00 8.581E+00   0.000000 1.000E+00 1.000E+00
   1  872141  1     3.350E-03 0.000E+00 0.000E+00 0.000E+00 1.000E+00 0.000E+00
   1      0.000E+00 0.000E+00 0.000E+00 8.664E+00   0.000000 1.000E+00 1.000E+00
   1  872150  1     8.600E-08 0.000E+00 0.000E+00 0.000E+00 1.000E+00 0.000E+00
   1      0.000E+00 0.000E+00 0.000E+00 9.538E+00   0.000000 1.000E+00 1.000E+00
   1  872160  1     7.000E-07 0.000E+00 0.000E+00 0.000E+00 1.000E+00 0.000E+00
   1      0.000E+00 0.000E+00 0.000E+00 9.175E+00   0.000000 1.000E+00 1.000E+00
   1  872170  1     1.900E-05 0.000E+00 0.000E+00 0.000E+00 1.000E+00 0.000E+00
   1      0.000E+00 0.000E+00 0.000E+00 8.472E+00   0.000000 1.000E+00 1.000E+00
   1  872180  1     1.000E-03 0.000E+00 0.000E+00 0.000E+00 1.000E+00 0.000E+00
   1      0.000E+00 0.000E+00 0.000E+00 8.033E+00   0.000000 1.000E+00 1.000E+00
   1  872181  1     2.200E-02 0.000E+00 0.000E+00 0.000E+00 1.000E+00 0.000E+00
   1      0.000E+00 0.000E+00 0.000E+00 8.100E+00   0.000000 1.000E+00 1.000E+00
   1  872190  1     2.000E-02 0.000E+00 0.000E+00 0.000E+00 1.000E+00 0.000E+00
   1      0.000E+00 0.000E+00 0.000E+00 7.447E+00   0.000000 1.000E+00 1.000E+00
   1  872200  1     2.740E+01 0.000E+00 0.000E+00 0.000E+00 9.965E-01 0.000E+00
   1      3.500E-03 0.000E+00 0.000E+00 6.695E+00   0.000000 1.000E+00 1.000E+00
   1  872210  1     2.874E+02 0.000E+00 0.000E+00 0.000E+00 1.000E+00 0.000E+00
   1      4.800E-05 0.000E+00 0.000E+00 6.463E+00   0.000000 1.000E+00 1.000E+00
   1  872220  1     8.520E+02 0.000E+00 0.000E+00 0.000E+00 0.000E+00 0.000E+00
   1      1.000E+00 0.000E+00 0.000E+00 8.924E-01   0.000000 1.000E+00 1.000E+00
   1  872230  1     1.320E+03 0.000E+00 0.000E+00 0.000E+00 2.000E-04 0.000E+00
   1      9.998E-01 0.000E+00 0.000E+00 4.343E-01   0.000000 1.000E+00 1.000E+00
   1  872240  1     1.998E+02 0.000E+00 0.000E+00 0.000E+00 0.000E+00 0.000E+00
   1      1.000E+00 0.000E+00 0.000E+00 1.412E+00   0.000000 1.000E+00 1.000E+00
   1  872250  1     2.400E+02 0.000E+00 0.000E+00 0.000E+00 0.000E+00 0.000E+00
   1      1.000E+00 0.000E+00 0.000E+00 1.211E+00   0.000000 1.000E+00 1.000E+00
   1  872260  1     4.900E+01 0.000E+00 0.000E+00 0.000E+00 0.000E+00 0.000E+00
   1      1.000E+00 0.000E+00 0.000E+00 1.657E+00   0.000000 1.000E+00 1.000E+00
   1  872270  1     1.482E+02 0.000E+00 0.000E+00 0.000E+00 0.000E+00 0.000E+00
   1      1.000E+00 0.000E+00 0.000E+00 1.202E+00   0.000000 1.000E+00 1.000E+00
   1  872280  1     3.800E+01 0.000E+00 0.000E+00 0.000E+00 0.000E+00 0.000E+00
   1      1.000E+00 0.000E+00 0.000E+00 2.103E+00   0.000000 1.000E+00 1.000E+00
   1  872290  1     5.020E+01 0.000E+00 0.000E+00 0.000E+00 0.000E+00 0.000E+00
   1      1.000E+00 0.000E+00 0.000E+00 2.171E+00   0.000000 1.000E+00 1.000E+00
   1  872300  1     1.910E+01 0.000E+00 0.000E+00 0.000E+00 0.000E+00 0.000E+00
   1      1.000E+00 0.000E+00 0.000E+00 3.388E+00   0.000000 1.000E+00 1.000E+00
   1  872310  1     1.760E+01 0.000E+00 0.000E+00 0.000E+00 0.000E+00 0.000E+00
   1      1.000E+00 0.000E+00 0.000E+00 1.781E+00   0.000000 1.000E+00 1.000E+00
   1  872320  1     5.000E+00 0.000E+00 0.000E+00 0.000E+00 0.000E+00 0.000E+00
   1      1.000E+00 0.000E+00 0.000E+00 3.807E+00   0.000000 1.000E+00 1.000E+00
   1  882020  1     2.600E-03 0.000E+00 0.000E+00 0.000E+00 1.000E+00 0.000E+00
   1      0.000E+00 0.000E+00 0.000E+00 8.016E+00   0.000000 1.000E+00 1.000E+00
   1  882030  1     3.100E-02 0.000E+00 0.000E+00 0.000E+00 1.000E+00 0.000E+00
   1      0.000E+00 0.000E+00 0.000E+00 7.742E+00   0.000000 1.000E+00 1.000E+00
   1  882031  1     2.400E-02 0.000E+00 0.000E+00 0.000E+00 1.000E+00 0.000E+00
   1      0.000E+00 0.000E+00 0.000E+00 7.765E+00   0.000000 1.000E+00 1.000E+00
   1  882040  1     6.000E-02 0.000E+00 3.000E-03 0.000E+00 9.970E-01 0.000E+00
   1      0.000E+00 0.000E+00 0.000E+00 7.623E+00   0.000000 1.000E+00 1.000E+00
   1  882050  1     2.200E-01 0.000E+00 5.000E-01 0.000E+00 5.000E-01 0.000E+00
   1      0.000E+00 0.000E+00 0.000E+00 6.126E+00   0.000000 1.000E+00 1.000E+00
   1  882051  1     1.800E-01 0.000E+00 0.000E+00 0.000E+00 5.000E-01 5.000E-01
   1      0.000E+00 0.000E+00 0.000E+00 3.893E+00   0.000000 1.000E+00 1.000E+00
   1  882060  1     2.400E-01 0.000E+00 0.000E+00 0.000E+00 1.000E+00 0.000E+00
   1      0.000E+00 0.000E+00 0.000E+00 7.415E+00   0.000000 1.000E+00 1.000E+00
   1  882070  1     1.300E+00 0.000E+00 1.000E-01 0.000E+00 9.000E-01 0.000E+00
   1      0.000E+00 0.000E+00 0.000E+00 6.973E+00   0.000000 1.000E+00 1.000E+00
   1  882071  1     5.700E-02 0.000E+00 5.500E-03 0.000E+00 1.445E-01 8.500E-01
   1      0.000E+00 0.000E+00 0.000E+00 1.581E+00   0.000000 1.000E+00 1.000E+00
   1  882080  1     1.300E+00 0.000E+00 5.000E-02 0.000E+00 9.500E-01 0.000E+00
   1      0.000E+00 0.000E+00 0.000E+00 7.056E+00   0.000000 1.000E+00 1.000E+00
   1  882090  1     4.600E+00 0.000E+00 1.000E-01 0.000E+00 9.000E-01 0.000E+00
   1      0.000E+00 0.000E+00 0.000E+00 6.796E+00   0.000000 1.000E+00 1.000E+00
   1  882100  1     3.700E+00 0.000E+00 4.000E-02 0.000E+00 9.600E-01 0.000E+00
   1      0.000E+00 0.000E+00 0.000E+00 6.968E+00   0.000000 1.000E+00 1.000E+00
   1  882110  1     1.300E+01 0.000E+00 7.000E-02 0.000E+00 9.300E-01 0.000E+00
   1      0.000E+00 0.000E+00 0.000E+00 6.782E+00   0.000000 1.000E+00 1.000E+00
   1  882120  1     1.300E+01 0.000E+00 1.500E-01 0.000E+00 8.500E-01 0.000E+00
   1      0.000E+00 0.000E+00 0.000E+00 6.312E+00   0.000000 1.000E+00 1.000E+00
   1  882130  1     1.644E+02 0.000E+00 2.000E-01 0.000E+00 8.000E-01 0.000E+00
   1      0.000E+00 0.000E+00 0.000E+00 6.011E+00   0.000000 1.000E+00 1.000E+00
   1  882131  1     2.150E-03 0.000E+00 0.000E+00 0.000E+00 1.000E-02 9.900E-01
   1      0.000E+00 0.000E+00 0.000E+00 1.819E+00   0.000000 1.000E+00 1.000E+00
   1  882140  1     2.460E+00 0.000E+00 5.900E-04 1.000E+00 9.994E-01 0.000E+00
   1      0.000E+00 0.000E+00 0.000E+00 7.270E+00   0.000000 1.000E+00 1.000E+00
   1  882150  1     1.590E-03 0.000E+00 0.000E+00 0.000E+00 1.000E+00 0.000E+00
   1      0.000E+00 0.000E+00 0.000E+00 8.834E+00   0.000000 1.000E+00 1.000E+00
   1  882160  1     1.820E-07 0.000E+00 1.000E-10 0.000E+00 1.000E+00 0.000E+00
   1      0.000E+00 0.000E+00 0.000E+00 9.526E+00   0.000000 1.000E+00 1.000E+00
   1  882170  1     1.600E-06 0.000E+00 0.000E+00 0.000E+00 1.000E+00 0.000E+00
   1      0.000E+00 0.000E+00 0.000E+00 9.161E+00   0.000000 1.000E+00 1.000E+00
   1  882180  1     2.560E-05 0.000E+00 0.000E+00 0.000E+00 1.000E+00 0.000E+00
   1      0.000E+00 0.000E+00 0.000E+00 8.546E+00   0.000000 1.000E+00 1.000E+00
   1  882190  1     1.000E-02 0.000E+00 0.000E+00 0.000E+00 1.000E+00 0.000E+00
   1      0.000E+00 0.000E+00 0.000E+00 8.173E+00   0.000000 1.000E+00 1.000E+00
   1  882200  1     1.800E-02 0.000E+00 0.000E+00 0.000E+00 1.000E+00 0.000E+00
   1      0.000E+00 0.000E+00 0.000E+00 7.591E+00   0.000000 1.000E+00 1.000E+00
   1  882210  1     2.800E+01 0.000E+00 0.000E+00 0.000E+00 1.000E+00 0.000E+00
   1      0.000E+00 0.000E+00 0.000E+00 6.880E+00   0.000000 1.000E+00 1.000E+00
   1  882220  1     3.617E+01 0.000E+00 0.000E+00 0.000E+00 1.000E+00 0.000E+00
   1      0.000E+00 0.000E+00 0.000E+00 6.677E+00   0.000000 1.000E+00 1.000E+00
   1  882230  1     9.876E+05 0.000E+00 0.000E+00 0.000E+00 1.000E+00 0.000E+00
   1      0.000E+00 0.000E+00 0.000E+00 6.020E+00   0.000000 1.000E+00 1.000E+00
   1  882240  1     3.137E+05 0.000E+00 0.000E+00 0.000E+00 1.000E+00 0.000E+00
   1      0.000E+00 0.000E+00 0.000E+00 5.789E+00   0.000000 1.000E+00 1.000E+00
   1  882250  1     1.280E+06 0.000E+00 0.000E+00 0.000E+00 0.000E+00 0.000E+00
   1      1.000E+00 0.000E+00 0.000E+00 1.171E-01   0.000000 1.000E+00 1.000E+00
   1  882260  1     5.049E+10 0.000E+00 0.000E+00 0.000E+00 1.000E+00 0.000E+00
   1      0.000E+00 0.000E+00 0.000E+00 4.870E+00   0.000000 1.000E+00 1.000E+00
   1  882270  1     2.532E+03 0.000E+00 0.000E+00 0.000E+00 0.000E+00 0.000E+00
   1      1.000E+00 0.000E+00 0.000E+00 8.854E-01   0.000000 1.000E+00 1.000E+00
   1  882280  1     1.815E+08 0.000E+00 0.000E+00 0.000E+00 0.000E+00 0.000E+00
   1      1.000E+00 0.000E+00 0.000E+00 1.664E-02   0.000000 1.000E+00 1.000E+00
   1  882290  1     2.400E+02 0.000E+00 0.000E+00 0.000E+00 0.000E+00 0.000E+00
   1      1.000E+00 0.000E+00 0.000E+00 6.134E-01   0.000000 1.000E+00 1.000E+00
   1  882300  1     5.580E+03 0.000E+00 0.000E+00 0.000E+00 0.000E+00 0.000E+00
   1      1.000E+00 0.000E+00 0.000E+00 4.720E-01   0.000000 1.000E+00 1.000E+00
   1  882310  1     1.030E+02 0.000E+00 0.000E+00 0.000E+00 0.000E+00 0.000E+00
   1      1.000E+00 0.000E+00 0.000E+00 1.653E+00   0.000000 1.000E+00 1.000E+00
   1  882320  1     2.500E+02 0.000E+00 0.000E+00 0.000E+00 0.000E+00 0.000E+00
   1      1.000E+00 0.000E+00 0.000E+00 1.000E+00   0.000000 1.000E+00 1.000E+00
   1  882330  1     3.000E+01 0.000E+00 0.000E+00 0.000E+00 0.000E+00 0.000E+00
   1      1.000E+00 0.000E+00 0.000E+00 2.180E+00   0.000000 1.000E+00 1.000E+00
   1  882340  1     3.000E+01 0.000E+00 0.000E+00 0.000E+00 0.000E+00 0.000E+00
   1      1.000E+00 0.000E+00 0.000E+00 1.420E+00   0.000000 1.000E+00 1.000E+00
   1  892060  1     2.500E-02 0.000E+00 2.000E-03 0.000E+00 9.980E-01 0.000E+00
   1      0.000E+00 0.000E+00 0.000E+00 7.942E+00   0.000000 1.000E+00 1.000E+00
   1  892061  1     1.500E-02 0.000E+00 0.000E+00 0.000E+00 1.000E+00 0.000E+00
   1      0.000E+00 0.000E+00 0.000E+00 8.025E+00   0.000000 1.000E+00 1.000E+00
   1  892062  1     4.100E-02 0.000E+00 0.000E+00 0.000E+00 1.000E+00 0.000E+00
   1      0.000E+00 0.000E+00 0.000E+00 7.895E+00   0.000000 1.000E+00 1.000E+00
   1  892070  1     2.700E-02 0.000E+00 0.000E+00 0.000E+00 1.000E+00 0.000E+00
   1      0.000E+00 0.000E+00 0.000E+00 7.845E+00   0.000000 1.000E+00 1.000E+00
   1  892080  1     9.500E-02 0.000E+00 0.000E+00 0.000E+00 9.900E-01 0.000E+00
   1      0.000E+00 0.000E+00 0.000E+00 7.644E+00   0.000000 1.000E+00 1.000E+00
   1  892081  1     2.800E-02 0.000E+00 1.000E-02 0.000E+00 8.900E-01 1.000E-01
   1      0.000E+00 0.000E+00 0.000E+00 7.152E+00   0.000000 1.000E+00 1.000E+00
   1  892090  1     9.800E-02 0.000E+00 0.000E+00 0.000E+00 1.000E+00 0.000E+00
   1      0.000E+00 0.000E+00 0.000E+00 7.725E+00   0.000000 1.000E+00 1.000E+00
   1  892100  1     3.500E-01 0.000E+00 9.000E-02 0.000E+00 9.100E-01 0.000E+00
   1      0.000E+00 0.000E+00 0.000E+00 7.250E+00   0.000000 1.000E+00 1.000E+00
   1  892110  1     2.100E-01 0.000E+00 0.000E+00 0.000E+00 1.000E+00 0.000E+00
   1      0.000E+00 0.000E+00 0.000E+00 7.622E+00   0.000000 1.000E+00 1.000E+00
   1  892120  1     9.200E-01 0.000E+00 3.000E-02 0.000E+00 9.700E-01 0.000E+00
   1      0.000E+00 0.000E+00 0.000E+00 7.449E+00   0.000000 1.000E+00 1.000E+00
   1  892130  1     8.000E-01 0.000E+00 0.000E+00 0.000E+00 1.000E+00 0.000E+00
   1      0.000E+00 0.000E+00 0.000E+00 7.505E+00   0.000000 1.000E+00 1.000E+00
   1  892140  1     8.200E+00 0.000E+00 1.100E-01 0.000E+00 8.900E-01 0.000E+00
   1      0.000E+00 0.000E+00 0.000E+00 7.006E+00   0.000000 1.000E+00 1.000E+00
   1  892150  1     1.700E-01 0.000E+00 0.000E+00 0.000E+00 9.991E-01 0.000E+00
   1      0.000E+00 0.000E+00 0.000E+00 7.738E+00   0.000000 1.000E+00 1.000E+00
   1  892160  1     4.400E-04 0.000E+00 0.000E+00 0.000E+00 1.000E+00 0.000E+00
   1      0.000E+00 0.000E+00 0.000E+00 9.228E+00   0.000000 1.000E+00 1.000E+00
   1  892161  1     3.300E-04 0.000E+00 0.000E+00 0.000E+00 1.000E+00 0.000E+00
   1      0.000E+00 0.000E+00 0.000E+00 9.204E+00   0.000000 1.000E+00 1.000E+00
   1  892170  1     6.900E-08 0.000E+00 0.000E+00 0.000E+00 1.000E+00 0.000E+00
   1      0.000E+00 0.000E+00 0.000E+00 9.832E+00   0.000000 1.000E+00 1.000E+00
   1  892180  1     1.080E-06 0.000E+00 0.000E+00 0.000E+00 1.000E+00 0.000E+00
   1      0.000E+00 0.000E+00 0.000E+00 9.378E+00   0.000000 1.000E+00 1.000E+00
   1  892190  1     1.180E-05 0.000E+00 0.000E+00 0.000E+00 1.000E+00 0.000E+00
   1      0.000E+00 0.000E+00 0.000E+00 8.826E+00   0.000000 1.000E+00 1.000E+00
   1  892200  1     2.640E-02 0.000E+00 0.000E+00 0.000E+00 1.000E+00 0.000E+00
   1      0.000E+00 0.000E+00 0.000E+00 8.192E+00   0.000000 1.000E+00 1.000E+00
   1  892210  1     5.200E-02 0.000E+00 0.000E+00 0.000E+00 1.000E+00 0.000E+00
   1      0.000E+00 0.000E+00 0.000E+00 7.737E+00   0.000000 1.000E+00 1.000E+00
   1  892220  1     5.000E+00 0.000E+00 1.000E-02 0.000E+00 9.900E-01 0.000E+00
   1      0.000E+00 0.000E+00 0.000E+00 7.081E+00   0.000000 1.000E+00 1.000E+00
   1  892221  1     6.300E+01 0.000E+00 1.400E-02 0.000E+00 8.860E-01 1.000E-01
   1      0.000E+00 0.000E+00 0.000E+00 6.506E+00   0.000000 1.000E+00 1.000E+00
   1  892230  1     1.260E+02 0.000E+00 1.000E-02 0.000E+00 9.900E-01 0.000E+00
   1      0.000E+00 0.000E+00 0.000E+00 6.716E+00   0.000000 1.000E+00 1.000E+00
   1  892240  1     1.001E+04 0.000E+00 9.090E-01 0.000E+00 9.100E-02 0.000E+00
   1      0.000E+00 0.000E+00 0.000E+00 8.337E-01   0.000000 1.000E+00 1.000E+00
   1  892250  1     8.640E+05 0.000E+00 0.000E+00 0.000E+00 1.000E+00 0.000E+00
   1      0.000E+00 0.000E+00 0.000E+00 5.928E+00   0.000000 1.000E+00 1.000E+00
   1  892260  1     1.057E+05 0.000E+00 1.700E-01 0.000E+00 6.000E-05 0.000E+00
   1      8.299E-01 0.000E+00 0.000E+00 6.325E-01   0.000000 1.000E+00 1.000E+00
   1  892270  1     6.871E+08 0.000E+00 0.000E+00 0.000E+00 1.380E-02 0.000E+00
   1      9.862E-01 0.000E+00 0.000E+00 8.427E-02   0.000000 1.000E+00 1.000E+00
   1  892280  1     2.214E+04 0.000E+00 0.000E+00 0.000E+00 5.500E-08 0.000E+00
   1      1.000E+00 0.000E+00 0.000E+00 1.302E+00   0.000000 1.000E+00 1.000E+00
   1  892290  1     3.762E+03 5.000E-01 0.000E+00 0.000E+00 0.000E+00 0.000E+00
   1      1.000E+00 0.000E+00 0.000E+00 7.757E-01   0.000000 1.000E+00 1.000E+00
   1  892300  1     1.220E+02 0.000E+00 0.000E+00 0.000E+00 0.000E+00 0.000E+00
   1      1.000E+00 0.000E+00 0.000E+00 1.416E+00   0.000000 1.000E+00 1.000E+00
   1  892310  1     4.500E+02 0.000E+00 0.000E+00 0.000E+00 0.000E+00 0.000E+00
   1      1.000E+00 0.000E+00 0.000E+00 9.841E-01   0.000000 1.000E+00 1.000E+00
   1  892320  1     1.190E+02 0.000E+00 0.000E+00 0.000E+00 0.000E+00 0.000E+00
   1      1.000E+00 0.000E+00 0.000E+00 2.133E+00   0.000000 1.000E+00 1.000E+00
   1  892330  1     1.450E+02 0.000E+00 0.000E+00 0.000E+00 0.000E+00 0.000E+00
   1      1.000E+00 0.000E+00 0.000E+00 1.419E+00   0.000000 1.000E+00 1.000E+00
   1  892340  1     4.400E+01 0.000E+00 0.000E+00 0.000E+00 0.000E+00 0.000E+00
   1      1.000E+00 0.000E+00 0.000E+00 2.991E+00   0.000000 1.000E+00 1.000E+00
   1  892350  1     4.000E+01 0.000E+00 0.000E+00 0.000E+00 0.000E+00 0.000E+00
   1      1.000E+00 0.000E+00 0.000E+00 2.307E+00   0.000000 1.000E+00 1.000E+00
   1  892360  1     1.200E+02 0.000E+00 0.000E+00 0.000E+00 0.000E+00 0.000E+00
   1      1.000E+00 0.000E+00 0.000E+00 3.373E+00   0.000000 1.000E+00 1.000E+00
   1  902090  1     7.000E-03 0.000E+00 5.000E-01 0.000E+00 5.000E-01 0.000E+00
   1      0.000E+00 0.000E+00 0.000E+00 6.671E+00   0.000000 1.000E+00 1.000E+00
   1  902100  1     9.000E-03 0.000E+00 0.000E+00 0.000E+00 1.000E+00 0.000E+00
   1      0.000E+00 0.000E+00 0.000E+00 8.053E+00   0.000000 1.000E+00 1.000E+00
   1  902110  1     4.800E-02 0.000E+00 5.000E-03 0.000E+00 9.950E-01 0.000E+00
   1      0.000E+00 0.000E+00 0.000E+00 7.928E+00   0.000000 1.000E+00 1.000E+00
   1  902120  1     3.600E-02 0.000E+00 3.000E-03 0.000E+00 9.970E-01 0.000E+00
   1      0.000E+00 0.000E+00 0.000E+00 7.938E+00   0.000000 1.000E+00 1.000E+00
   1  902130  1     1.400E-01 0.000E+00 0.000E+00 0.000E+00 1.000E+00 0.000E+00
   1      0.000E+00 0.000E+00 0.000E+00 7.840E+00   0.000000 1.000E+00 1.000E+00
   1  902140  1     1.000E-01 0.000E+00 1.000E-03 0.000E+00 9.990E-01 0.000E+00
   1      0.000E+00 0.000E+00 0.000E+00 7.821E+00   0.000000 1.000E+00 1.000E+00
   1  902150  1     1.200E+00 0.000E+00 0.000E+00 0.000E+00 1.000E+00 0.000E+00
   1      0.000E+00 0.000E+00 0.000E+00 7.666E+00   0.000000 1.000E+00 1.000E+00
   1  902160  1     2.680E-02 0.000E+00 6.000E-05 0.000E+00 9.999E-01 0.000E+00
   1      0.000E+00 0.000E+00 0.000E+00 8.070E+00   0.000000 1.000E+00 1.000E+00
   1  902170  1     2.510E-04 0.000E+00 0.000E+00 0.000E+00 1.000E+00 0.000E+00
   1      0.000E+00 0.000E+00 0.000E+00 9.397E+00   0.000000 1.000E+00 1.000E+00
   1  902180  1     1.170E-07 0.000E+00 0.000E+00 0.000E+00 1.000E+00 0.000E+00
   1      0.000E+00 0.000E+00 0.000E+00 9.847E+00   0.000000 1.000E+00 1.000E+00
   1  902190  1     1.050E-06 0.000E+00 0.000E+00 0.000E+00 1.000E+00 0.000E+00
   1      0.000E+00 0.000E+00 0.000E+00 9.514E+00   0.000000 1.000E+00 1.000E+00
   1  902200  1     9.700E-06 0.000E+00 2.000E-09 0.000E+00 1.000E+00 0.000E+00
   1      0.000E+00 0.000E+00 0.000E+00 8.953E+00   0.000000 1.000E+00 1.000E+00
   1  902210  1     1.680E-03 0.000E+00 0.000E+00 0.000E+00 1.000E+00 0.000E+00
   1      0.000E+00 0.000E+00 0.000E+00 8.626E+00   0.000000 1.000E+00 1.000E+00
   1  902220  1     2.800E-03 0.000E+00 0.000E+00 0.000E+00 1.000E+00 0.000E+00
   1      0.000E+00 0.000E+00 0.000E+00 8.117E+00   0.000000 1.000E+00 1.000E+00
   1  902230  1     6.000E-01 0.000E+00 0.000E+00 0.000E+00 1.000E+00 0.000E+00
   1      0.000E+00 0.000E+00 0.000E+00 7.575E+00   0.000000 1.000E+00 1.000E+00
   1  902240  1     1.050E+00 0.000E+00 0.000E+00 0.000E+00 1.000E+00 0.000E+00
   1      0.000E+00 0.000E+00 0.000E+00 7.260E+00   0.000000 1.000E+00 1.000E+00
   1  902250  1     5.232E+02 0.000E+00 1.000E-01 0.000E+00 9.000E-01 0.000E+00
   1      0.000E+00 0.000E+00 0.000E+00 6.239E+00   0.000000 1.000E+00 1.000E+00
   1  902260  1     1.834E+03 0.000E+00 0.000E+00 0.000E+00 1.000E+00 0.000E+00
   1      0.000E+00 0.000E+00 0.000E+00 6.449E+00   0.000000 1.000E+00 1.000E+00
   1  902270  1     1.617E+06 0.000E+00 0.000E+00 0.000E+00 1.000E+00 0.000E+00
   1      0.000E+00 0.000E+00 0.000E+00 6.172E+00   0.000000 1.000E+00 1.000E+00
   1  902280  1     6.036E+07 0.000E+00 0.000E+00 0.000E+00 1.000E+00 0.000E+00
   1      0.000E+00 0.000E+00 0.000E+00 5.522E+00   0.000000 1.000E+00 1.000E+00
   1  902290  1     2.316E+11 0.000E+00 0.000E+00 0.000E+00 1.000E+00 0.000E+00
   1      0.000E+00 0.000E+00 0.000E+00 5.153E+00   0.000000 1.000E+00 1.000E+00
   1  902291  1     2.520E+05 0.000E+00 0.000E+00 0.000E+00 0.000E+00 1.000E+00
   1      0.000E+00 0.000E+00 0.000E+00 3.500E-06   0.000000 1.000E+00 1.000E+00
   1  902300  1     2.379E+12 0.000E+00 0.000E+00 0.000E+00 1.000E+00 0.000E+00
   1      0.000E+00 0.000E+00 0.000E+00 4.761E+00   0.000000 1.000E+00 1.000E+00
   1  902310  1     9.188E+04 0.000E+00 0.000E+00 0.000E+00 0.000E+00 0.000E+00
   1      1.000E+00 0.000E+00 0.000E+00 1.641E-01   0.000000 1.000E+00 1.000E+00
   1  902320  1     4.434E+17 0.000E+00 0.000E+00 0.000E+00 1.000E+00 0.000E+00
   1      0.000E+00 0.000E+00 0.000E+00 4.092E+00 100.000000 1.000E+00 1.000E+00
   1  902330  1     1.329E+03 0.000E+00 0.000E+00 0.000E+00 0.000E+00 0.000E+00
   1      1.000E+00 0.000E+00 0.000E+00 4.365E-01   0.000000 1.000E+00 1.000E+00
   1  902340  1     2.082E+06 1.000E+00 0.000E+00 0.000E+00 0.000E+00 0.000E+00
   1      1.000E+00 0.000E+00 0.000E+00 6.676E-02   0.000000 1.000E+00 1.000E+00
   1  902350  1     4.140E+02 0.000E+00 0.000E+00 0.000E+00 0.000E+00 0.000E+00
   1      1.000E+00 0.000E+00 0.000E+00 1.280E+00   0.000000 1.000E+00 1.000E+00
   1  902360  1     2.250E+03 0.000E+00 0.000E+00 0.000E+00 0.000E+00 0.000E+00
   1      1.000E+00 0.000E+00 0.000E+00 7.333E-01   0.000000 1.000E+00 1.000E+00
   1  902370  1     2.880E+02 0.000E+00 0.000E+00 0.000E+00 0.000E+00 0.000E+00
   1      1.000E+00 0.000E+00 0.000E+00 1.707E+00   0.000000 1.000E+00 1.000E+00
   1  902380  1     5.640E+02 0.000E+00 0.000E+00 0.000E+00 0.000E+00 0.000E+00
   1      1.000E+00 0.000E+00 0.000E+00 1.240E+00   0.000000 1.000E+00 1.000E+00
   1  912120  1     8.000E-03 0.000E+00 0.000E+00 0.000E+00 1.000E+00 0.000E+00
   1      0.000E+00 0.000E+00 0.000E+00 8.170E+00   0.000000 1.000E+00 1.000E+00
   1  912130  1     7.000E-03 0.000E+00 0.000E+00 0.000E+00 1.000E+00 0.000E+00
   1      0.000E+00 0.000E+00 0.000E+00 8.395E+00   0.000000 1.000E+00 1.000E+00
   1  912140  1     1.700E-02 0.000E+00 0.000E+00 0.000E+00 1.000E+00 0.000E+00
   1      0.000E+00 0.000E+00 0.000E+00 8.275E+00   0.000000 1.000E+00 1.000E+00
   1  912150  1     1.400E-02 0.000E+00 0.000E+00 0.000E+00 1.000E+00 0.000E+00
   1      0.000E+00 0.000E+00 0.000E+00 8.245E+00   0.000000 1.000E+00 1.000E+00
   1  912160  1     1.050E-01 0.000E+00 2.000E-02 0.000E+00 9.800E-01 0.000E+00
   1      0.000E+00 0.000E+00 0.000E+00 8.033E+00   0.000000 1.000E+00 1.000E+00
   1  912170  1     4.900E-03 0.000E+00 0.000E+00 0.000E+00 1.000E+00 0.000E+00
   1      0.000E+00 0.000E+00 0.000E+00 8.497E+00   0.000000 1.000E+00 1.000E+00
   1  912171  1     1.600E-03 0.000E+00 0.000E+00 0.000E+00 1.000E+00 0.000E+00
   1      0.000E+00 0.000E+00 0.000E+00 1.035E+01   0.000000 1.000E+00 1.000E+00
   1  912180  1     1.200E-04 0.000E+00 0.000E+00 0.000E+00 1.000E+00 0.000E+00
   1      0.000E+00 0.000E+00 0.000E+00 9.766E+00   0.000000 1.000E+00 1.000E+00
   1  912190  1     5.300E-08 0.000E+00 0.000E+00 0.000E+00 1.000E+00 0.000E+00
   1      0.000E+00 0.000E+00 0.000E+00 1.008E+01   0.000000 1.000E+00 1.000E+00
   1  912200  1     7.800E-07 0.000E+00 3.000E-09 0.000E+00 1.000E+00 0.000E+00
   1      0.000E+00 0.000E+00 0.000E+00 9.832E+00   0.000000 1.000E+00 1.000E+00
   1  912210  1     5.900E-06 0.000E+00 0.000E+00 0.000E+00 1.000E+00 0.000E+00
   1      0.000E+00 0.000E+00 0.000E+00 9.248E+00   0.000000 1.000E+00 1.000E+00
   1  912220  1     3.200E-03 0.000E+00 0.000E+00 0.000E+00 1.000E+00 0.000E+00
   1      0.000E+00 0.000E+00 0.000E+00 8.855E+00   0.000000 1.000E+00 1.000E+00
   1  912230  1     5.100E-03 0.000E+00 0.000E+00 0.000E+00 1.000E+00 0.000E+00
   1      0.000E+00 0.000E+00 0.000E+00 8.251E+00   0.000000 1.000E+00 1.000E+00
   1  912240  1     8.440E-01 0.000E+00 1.000E-03 0.000E+00 9.990E-01 0.000E+00
   1      0.000E+00 0.000E+00 0.000E+00 7.688E+00   0.000000 1.000E+00 1.000E+00
   1  912250  1     1.700E+00 0.000E+00 0.000E+00 0.000E+00 1.000E+00 0.000E+00
   1      0.000E+00 0.000E+00 0.000E+00 7.361E+00   0.000000 1.000E+00 1.000E+00
   1  912260  1     1.080E+02 0.000E+00 2.600E-01 0.000E+00 7.400E-01 0.000E+00
   1      0.000E+00 0.000E+00 0.000E+00 5.588E+00   0.000000 1.000E+00 1.000E+00
   1  912270  1     2.298E+03 0.000E+00 1.500E-01 0.000E+00 8.500E-01 0.000E+00
   1      0.000E+00 0.000E+00 0.000E+00 5.617E+00   0.000000 1.000E+00 1.000E+00
   1  912280  1     7.920E+04 0.000E+00 9.815E-01 0.000E+00 2.000E-02 0.000E+00
   1      0.000E+00 0.000E+00 0.000E+00 1.548E+00   0.000000 1.000E+00 1.000E+00
   1  912290  1     1.296E+05 0.000E+00 9.952E-01 0.000E+00 4.800E-03 0.000E+00
   1      0.000E+00 0.000E+00 0.000E+00 9.977E-02   0.000000 1.000E+00 1.000E+00
   1  912300  1     1.503E+06 0.000E+00 9.160E-01 0.000E+00 3.200E-05 0.000E+00
   1      8.400E-02 0.000E+00 0.000E+00 8.321E-01   0.000000 1.000E+00 1.000E+00
   1  912310  1     1.034E+12 0.000E+00 0.000E+00 0.000E+00 1.000E+00 0.000E+00
   1      0.000E+00 0.000E+00 0.000E+00 5.152E+00   0.000000 1.000E+00 1.000E+00
   1  912320  1     1.132E+05 0.000E+00 3.000E-05 0.000E+00 0.000E+00 0.000E+00
   1      1.000E+00 0.000E+00 0.000E+00 1.105E+00   0.000000 1.000E+00 1.000E+00
   1  912330  1     2.331E+06 0.000E+00 0.000E+00 0.000E+00 0.000E+00 0.000E+00
   1      1.000E+00 0.000E+00 0.000E+00 3.947E-01   0.000000 1.000E+00 1.000E+00
   1  912340  1     2.412E+04 0.000E+00 0.000E+00 0.000E+00 0.000E+00 0.000E+00
   1      1.000E+00 0.000E+00 0.000E+00 1.927E+00   0.000000 1.000E+00 1.000E+00
   1  912341  1     6.954E+01 0.000E+00 0.000E+00 0.000E+00 0.000E+00 1.500E-03
   1      9.985E-01 0.000E+00 0.000E+00 8.300E-01   0.000000 1.000E+00 1.000E+00
   1  912350  1     1.452E+03 1.000E+00 0.000E+00 0.000E+00 0.000E+00 0.000E+00
   1      1.000E+00 0.000E+00 0.000E+00 4.740E-01   0.000000 1.000E+00 1.000E+00
   1  912360  1     5.460E+02 0.000E+00 0.000E+00 0.000E+00 0.000E+00 0.000E+00
   1      1.000E+00 0.000E+00 0.000E+00 1.605E+00   0.000000 1.000E+00 1.000E+00
   1  912370  1     5.220E+02 0.000E+00 0.000E+00 0.000E+00 0.000E+00 0.000E+00
   1      1.000E+00 0.000E+00 0.000E+00 1.179E+00   0.000000 1.000E+00 1.000E+00
   1  912380  1     1.362E+02 0.000E+00 0.000E+00 0.000E+00 0.000E+00 0.000E+00
   1      2.600E-08 0.000E+00 0.000E+00 2.307E+00   0.000000 1.000E+00 1.000E+00
   1  912390  1     6.480E+03 0.000E+00 0.000E+00 0.000E+00 0.000E+00 0.000E+00
   1      1.000E+00 0.000E+00 0.000E+00 1.844E+00   0.000000 1.000E+00 1.000E+00
   1  912400  1     1.200E+02 0.000E+00 0.000E+00 0.000E+00 0.000E+00 0.000E+00
   1      1.000E+00 0.000E+00 0.000E+00 2.723E+00   0.000000 1.000E+00 1.000E+00
   1  922170  1     2.600E-02 0.000E+00 0.000E+00 0.000E+00 1.000E+00 0.000E+00
   1      0.000E+00 0.000E+00 0.000E+00 8.155E+00   0.000000 1.000E+00 1.000E+00
   1  922180  1     6.000E-03 0.000E+00 0.000E+00 0.000E+00 1.000E+00 0.000E+00
   1      0.000E+00 0.000E+00 0.000E+00 8.783E+00   0.000000 1.000E+00 1.000E+00
   1  922190  1     4.200E-05 0.000E+00 0.000E+00 0.000E+00 1.000E+00 0.000E+00
   1      0.000E+00 0.000E+00 0.000E+00 9.861E+00   0.000000 1.000E+00 1.000E+00
   1  922200  1     6.000E-08 0.000E+00 5.000E-01 0.000E+00 5.000E-01 0.000E+00
   1      0.000E+00 0.000E+00 0.000E+00 6.034E+00   0.000000 1.000E+00 1.000E+00
   1  922210  1     7.000E-07 0.000E+00 5.000E-01 0.000E+00 5.000E-01 0.000E+00
   1      0.000E+00 0.000E+00 0.000E+00 6.378E+00   0.000000 1.000E+00 1.000E+00
   1  922220  1     1.400E-06 0.000E+00 1.000E-08 0.000E+00 1.000E+00 0.000E+00
   1      0.000E+00 0.000E+00 0.000E+00 9.501E+00   0.000000 1.000E+00 1.000E+00
   1  922230  1     5.500E-05 0.000E+00 0.000E+00 0.000E+00 1.000E+00 0.000E+00
   1      0.000E+00 0.000E+00 0.000E+00 8.941E+00   0.000000 1.000E+00 1.000E+00
   1  922240  1     9.400E-04 0.000E+00 1.200E-06 0.000E+00 1.000E+00 0.000E+00
   1      0.000E+00 0.000E+00 0.000E+00 8.620E+00   0.000000 1.000E+00 1.000E+00
   1  922250  1     6.100E-02 0.000E+00 0.000E+00 0.000E+00 1.000E+00 0.000E+00
   1      0.000E+00 0.000E+00 0.000E+00 8.014E+00   0.000000 1.000E+00 1.000E+00
   1  922260  1     3.500E-01 0.000E+00 0.000E+00 0.000E+00 1.000E+00 0.000E+00
   1      0.000E+00 0.000E+00 0.000E+00 7.675E+00   0.000000 1.000E+00 1.000E+00
   1  922270  1     6.600E+01 0.000E+00 0.000E+00 0.000E+00 1.000E+00 0.000E+00
   1      0.000E+00 0.000E+00 0.000E+00 7.202E+00   0.000000 1.000E+00 1.000E+00
   1  922280  1     5.460E+02 0.000E+00 5.000E-02 0.000E+00 9.500E-01 0.000E+00
   1      0.000E+00 0.000E+00 0.000E+00 6.466E+00   0.000000 1.000E+00 1.000E+00
   1  922290  1     3.480E+03 0.000E+00 8.000E-01 0.000E+00 2.000E-01 0.000E+00
   1      0.000E+00 0.000E+00 0.000E+00 1.995E+00   0.000000 1.000E+00 1.000E+00
   1  922300  1     1.797E+06 0.000E+00 0.000E+00 0.000E+00 1.000E+00 0.000E+00
   1      0.000E+00 0.000E+00 0.000E+00 5.994E+00   0.000000 1.000E+00 1.000E+00
   1  922310  1     3.629E+05 0.000E+00 1.000E+00 0.000E+00 4.000E-05 0.000E+00
   1      0.000E+00 0.000E+00 0.000E+00 5.742E-02   0.000000 1.000E+00 1.000E+00
   1  922320  1     2.203E+09 0.000E+00 0.000E+00 0.000E+00 1.000E+00 0.000E+00
   1      0.000E+00 0.000E+00 0.000E+00 5.416E+00   0.000000 1.000E+00 1.000E+00
   1  922330  1     5.026E+12 0.000E+00 0.000E+00 0.000E+00 1.000E+00 0.000E+00
   1      0.000E+00 0.000E+00 0.000E+00 4.913E+00   0.000000 1.000E+00 1.000E+00
   1  922340  1     7.754E+12 0.000E+00 0.000E+00 0.000E+00 1.000E+00 0.000E+00
   1      0.000E+00 0.000E+00 0.000E+00 4.858E+00   0.005500 1.000E+00 1.000E+00
   1  922350  1     2.221E+16 0.000E+00 0.000E+00 0.000E+00 1.000E+00 0.000E+00
   1      0.000E+00 0.000E+00 0.000E+00 4.679E+00   0.720000 1.000E+00 1.000E+00
   1  922351  1     1.560E+03 0.000E+00 0.000E+00 0.000E+00 0.000E+00 1.000E+00
   1      0.000E+00 0.000E+00 0.000E+00 7.680E-05   0.000000 1.000E+00 1.000E+00
   1  922360  1     7.479E+14 0.000E+00 0.000E+00 0.000E+00 1.000E+00 0.000E+00
   1      0.000E+00 0.000E+00 0.000E+00 4.584E+00   0.000000 1.000E+00 1.000E+00
   1  922370  1     5.831E+05 0.000E+00 0.000E+00 0.000E+00 0.000E+00 0.000E+00
   1      1.000E+00 0.000E+00 0.000E+00 3.164E-01   0.000000 1.000E+00 1.000E+00
   1  922380  1     1.410E+17 0.000E+00 0.000E+00 0.000E+00 1.000E+00 0.000E+00
   1      0.000E+00 0.000E+00 0.000E+00 4.270E+00  99.274500 1.000E+00 1.000E+00
   1  922390  1     1.408E+03 0.000E+00 0.000E+00 0.000E+00 0.000E+00 0.000E+00
   1      1.000E+00 0.000E+00 0.000E+00 4.585E-01   0.000000 1.000E+00 1.000E+00
   1  922400  1     5.076E+04 0.000E+00 0.000E+00 0.000E+00 0.000E+00 0.000E+00
   1      1.000E+00 0.000E+00 0.000E+00 1.547E-01   0.000000 1.000E+00 1.000E+00
   1  922410  1     3.000E+02 0.000E+00 0.000E+00 0.000E+00 0.000E+00 0.000E+00
   1      1.000E+00 0.000E+00 0.000E+00 1.293E+00   0.000000 1.000E+00 1.000E+00
   1  922420  1     1.008E+03 0.000E+00 0.000E+00 0.000E+00 0.000E+00 0.000E+00
   1      1.000E+00 0.000E+00 0.000E+00 4.251E-01   0.000000 1.000E+00 1.000E+00
   1  932250  1     3.000E-03 0.000E+00 0.000E+00 0.000E+00 1.000E+00 0.000E+00
   1      0.000E+00 0.000E+00 0.000E+00 8.785E+00   0.000000 1.000E+00 1.000E+00
   1  932260  1     3.500E-02 0.000E+00 0.000E+00 0.000E+00 1.000E+00 0.000E+00
   1      0.000E+00 0.000E+00 0.000E+00 8.175E+00   0.000000 1.000E+00 1.000E+00
   1  932270  1     5.100E-01 0.000E+00 5.000E-04 0.000E+00 9.995E-01 0.000E+00
   1      0.000E+00 0.000E+00 0.000E+00 7.812E+00   0.000000 1.000E+00 1.000E+00
   1  932280  1     6.140E+01 0.000E+00 1.200E-04 0.000E+00 4.000E-01 0.000E+00
   1      0.000E+00 0.000E+00 0.000E+00 4.752E+00   0.000000 1.000E+00 1.000E+00
   1  932290  1     2.400E+02 0.000E+00 5.000E-01 0.000E+00 5.000E-01 0.000E+00
   1      0.000E+00 0.000E+00 0.000E+00 4.364E+00   0.000000 1.000E+00 1.000E+00
   1  932300  1     2.760E+02 0.000E+00 9.700E-01 0.000E+00 3.000E-02 0.000E+00
   1      0.000E+00 0.000E+00 0.000E+00 2.548E+00   0.000000 1.000E+00 1.000E+00
   1  932310  1     2.928E+03 0.000E+00 9.800E-01 0.000E+00 2.000E-02 0.000E+00
   1      0.000E+00 0.000E+00 0.000E+00 1.318E+00   0.000000 1.000E+00 1.000E+00
   1  932320  1     8.820E+02 0.000E+00 1.000E+00 0.000E+00 0.000E+00 0.000E+00
   1      0.000E+00 0.000E+00 0.000E+00 1.244E+00   0.000000 1.000E+00 1.000E+00
   1  932330  1     2.172E+03 0.000E+00 1.000E+00 0.000E+00 0.000E+00 0.000E+00
   1      0.000E+00 0.000E+00 0.000E+00 9.316E-02   0.000000 1.000E+00 1.000E+00
   1  932340  1     3.802E+05 0.000E+00 1.000E+00 0.000E+00 0.000E+00 0.000E+00
   1      0.000E+00 0.000E+00 0.000E+00 1.126E+00   0.000000 1.000E+00 1.000E+00
   1  932350  1     3.421E+07 0.000E+00 1.000E+00 0.000E+00 1.400E-05 0.000E+00
   1      0.000E+00 0.000E+00 0.000E+00 1.137E-02   0.000000 1.000E+00 1.000E+00
   1  932360  1     4.891E+12 0.000E+00 8.780E-01 0.000E+00 1.600E-03 0.000E+00
   1      1.200E-01 0.000E+00 0.000E+00 3.665E-01   0.000000 1.000E+00 1.000E+00
   1  932361  1     8.100E+04 0.000E+00 5.300E-01 0.000E+00 0.000E+00 0.000E+00
   1      4.700E-01 0.000E+00 0.000E+00 1.353E-01   0.000000 1.000E+00 1.000E+00
   1  932370  1     6.766E+13 0.000E+00 0.000E+00 0.000E+00 1.000E+00 0.000E+00
   1      0.000E+00 0.000E+00 0.000E+00 4.956E+00   0.000000 1.000E+00 1.000E+00
   1  932380  1     1.816E+05 0.000E+00 0.000E+00 0.000E+00 0.000E+00 0.000E+00
   1      1.000E+00 0.000E+00 0.000E+00 8.288E-01   0.000000 1.000E+00 1.000E+00
   1  932390  1     2.036E+05 0.000E+00 0.000E+00 0.000E+00 0.000E+00 0.000E+00
   1      1.000E+00 0.000E+00 0.000E+00 4.120E-01   0.000000 1.000E+00 1.000E+00
   1  932400  1     3.900E+03 0.000E+00 0.000E+00 0.000E+00 0.000E+00 0.000E+00
   1      1.000E+00 0.000E+00 0.000E+00 1.714E+00   0.000000 1.000E+00 1.000E+00
   1  932401  1     4.440E+02 0.000E+00 0.000E+00 0.000E+00 0.000E+00 1.100E-03
   1      9.989E-01 0.000E+00 0.000E+00 1.020E+00   0.000000 1.000E+00 1.000E+00
   1  932410  1     8.340E+02 0.000E+00 0.000E+00 0.000E+00 0.000E+00 0.000E+00
   1      1.000E+00 0.000E+00 0.000E+00 4.733E-01   0.000000 1.000E+00 1.000E+00
   1  932420  1     1.320E+02 0.000E+00 0.000E+00 0.000E+00 0.000E+00 0.000E+00
   1      1.000E+00 0.000E+00 0.000E+00 1.132E+00   0.000000 1.000E+00 1.000E+00
   1  932421  1     3.300E+02 0.000E+00 0.000E+00 0.000E+00 0.000E+00 0.000E+00
   1      1.000E+00 0.000E+00 0.000E+00 1.801E+00   0.000000 1.000E+00 1.000E+00
   1  932430  1     1.110E+02 0.000E+00 0.000E+00 0.000E+00 0.000E+00 0.000E+00
   1      1.000E+00 0.000E+00 0.000E+00 1.416E+00   0.000000 1.000E+00 1.000E+00
   1  932440  1     1.374E+02 0.000E+00 0.000E+00 0.000E+00 0.000E+00 0.000E+00
   1      1.000E+00 0.000E+00 0.000E+00 2.263E+00   0.000000 1.000E+00 1.000E+00
   1  942280  1     1.000E-02 0.000E+00 1.000E-03 0.000E+00 9.990E-01 0.000E+00
   1      0.000E+00 0.000E+00 0.000E+00 7.945E+00   0.000000 1.000E+00 1.000E+00
   1  942290  1     1.200E+02 0.000E+00 0.000E+00 0.000E+00 1.000E+00 0.000E+00
   1      0.000E+00 0.000E+00 0.000E+00 7.598E+00   0.000000 1.000E+00 1.000E+00
   1  942300  1     1.020E+02 0.000E+00 5.000E-01 0.000E+00 5.000E-01 0.000E+00
   1      0.000E+00 0.000E+00 0.000E+00 4.155E+00   0.000000 1.000E+00 1.000E+00
   1  942310  1     5.160E+02 0.000E+00 8.700E-01 0.000E+00 1.300E-01 0.000E+00
   1      0.000E+00 0.000E+00 0.000E+00 2.429E+00   0.000000 1.000E+00 1.000E+00
   1  942320  1     2.022E+03 0.000E+00 8.900E-01 0.000E+00 1.100E-01 0.000E+00
   1      0.000E+00 0.000E+00 0.000E+00 8.731E-01   0.000000 1.000E+00 1.000E+00
   1  942330  1     1.254E+03 0.000E+00 9.988E-01 0.000E+00 1.200E-03 0.000E+00
   1      0.000E+00 0.000E+00 0.000E+00 1.406E+00   0.000000 1.000E+00 1.000E+00
   1  942340  1     3.168E+04 0.000E+00 9.400E-01 0.000E+00 6.000E-02 0.000E+00
   1      0.000E+00 0.000E+00 0.000E+00 4.342E-01   0.000000 1.000E+00 1.000E+00
   1  942350  1     1.518E+03 0.000E+00 1.000E+00 0.000E+00 2.800E-05 0.000E+00
   1      0.000E+00 0.000E+00 0.000E+00 7.597E-01   0.000000 1.000E+00 1.000E+00
   1  942360  1     9.019E+07 0.000E+00 0.000E+00 0.000E+00 1.000E+00 0.000E+00
   1      0.000E+00 0.000E+00 0.000E+00 5.867E+00   0.000000 1.000E+00 1.000E+00
   1  942370  1     3.914E+06 0.000E+00 1.000E+00 0.000E+00 4.200E-05 0.000E+00
   1      0.000E+00 0.000E+00 0.000E+00 7.289E-02   0.000000 1.000E+00 1.000E+00
   1  942371  1     1.800E-01 0.000E+00 0.000E+00 0.000E+00 0.000E+00 1.000E+00
   1      0.000E+00 0.000E+00 0.000E+00 1.455E-01   0.000000 1.000E+00 1.000E+00
   1  942380  1     2.768E+09 0.000E+00 0.000E+00 0.000E+00 1.000E+00 0.000E+00
   1      0.000E+00 0.000E+00 0.000E+00 5.593E+00   0.000000 1.000E+00 1.000E+00
   1  942390  1     7.609E+11 0.000E+00 0.000E+00 0.000E+00 1.000E+00 0.000E+00
   1      0.000E+00 0.000E+00 0.000E+00 5.246E+00   0.000000 1.000E+00 1.000E+00
   1  942400  1     2.071E+11 0.000E+00 0.000E+00 0.000E+00 1.000E+00 0.000E+00
   1      0.000E+00 0.000E+00 0.000E+00 5.256E+00   0.000000 1.000E+00 1.000E+00
   1  942410  1     4.522E+08 0.000E+00 0.000E+00 0.000E+00 2.440E-05 0.000E+00
   1      1.000E+00 0.000E+00 0.000E+00 5.222E-03   0.000000 1.000E+00 1.000E+00
   1  942420  1     1.179E+13 0.000E+00 0.000E+00 0.000E+00 1.000E+00 0.000E+00
   1      0.000E+00 0.000E+00 0.000E+00 4.984E+00   0.000000 1.000E+00 1.000E+00
   1  942430  1     1.784E+04 0.000E+00 0.000E+00 0.000E+00 0.000E+00 0.000E+00
   1      1.000E+00 0.000E+00 0.000E+00 1.987E-01   0.000000 1.000E+00 1.000E+00
   1  942440  1     2.525E+15 0.000E+00 0.000E+00 0.000E+00 9.987E-01 0.000E+00
   1      0.000E+00 0.000E+00 0.000E+00 4.890E+00   0.000000 1.000E+00 1.000E+00
   1  942450  1     3.780E+04 0.000E+00 0.000E+00 0.000E+00 0.000E+00 0.000E+00
   1      1.000E+00 0.000E+00 0.000E+00 7.300E-01   0.000000 1.000E+00 1.000E+00
   1  942460  1     9.374E+05 1.000E+00 0.000E+00 0.000E+00 0.000E+00 0.000E+00
   1      1.000E+00 0.000E+00 0.000E+00 2.387E-01   0.000000 1.000E+00 1.000E+00
   1  942470  1     1.961E+05 0.000E+00 0.000E+00 0.000E+00 0.000E+00 0.000E+00
   1      1.000E+00 0.000E+00 0.000E+00 1.233E+00   0.000000 1.000E+00 1.000E+00
   1  952310  1     3.000E+01 0.000E+00 5.000E-01 0.000E+00 5.000E-01 0.000E+00
   1      0.000E+00 0.000E+00 0.000E+00 5.113E+00   0.000000 1.000E+00 1.000E+00
   1  952320  1     7.860E+01 0.000E+00 6.900E-04 0.000E+00 2.000E-02 0.000E+00
   1      0.000E+00 0.000E+00 0.000E+00 3.432E+00   0.000000 1.000E+00 1.000E+00
   1  952330  1     1.920E+02 0.000E+00 9.700E-01 0.000E+00 3.000E-02 0.000E+00
   1      0.000E+00 0.000E+00 0.000E+00 2.227E+00   0.000000 1.000E+00 1.000E+00
   1  952340  1     1.392E+02 0.000E+00 6.600E-05 0.000E+00 3.900E-04 0.000E+00
   1      0.000E+00 0.000E+00 0.000E+00 2.788E+00   0.000000 1.000E+00 1.000E+00
   1  952350  1     5.940E+02 0.000E+00 9.960E-01 0.000E+00 4.000E-03 0.000E+00
   1      0.000E+00 0.000E+00 0.000E+00 1.670E+00   0.000000 1.000E+00 1.000E+00
   1  952360  1     1.800E+03 0.000E+00 5.000E-01 0.000E+00 5.000E-01 0.000E+00
   1      0.000E+00 0.000E+00 0.000E+00 4.290E+00   0.000000 1.000E+00 1.000E+00
   1  952370  1     4.380E+03 0.000E+00 9.998E-01 5.000E-01 2.500E-04 0.000E+00
   1      0.000E+00 0.000E+00 0.000E+00 9.373E-01   0.000000 1.000E+00 1.000E+00
   1  952380  1     5.880E+03 0.000E+00 1.000E+00 0.000E+00 1.000E-06 0.000E+00
   1      0.000E+00 0.000E+00 0.000E+00 9.032E-01   0.000000 1.000E+00 1.000E+00
   1  952390  1     4.284E+04 0.000E+00 9.999E-01 0.000E+00 1.000E-04 0.000E+00
   1      0.000E+00 0.000E+00 0.000E+00 1.209E-01   0.000000 1.000E+00 1.000E+00
   1  952400  1     1.829E+05 0.000E+00 1.000E+00 0.000E+00 1.900E-06 0.000E+00
   1      0.000E+00 0.000E+00 0.000E+00 1.114E+00   0.000000 1.000E+00 1.000E+00
   1  952410  1     1.366E+10 0.000E+00 0.000E+00 0.000E+00 1.000E+00 0.000E+00
   1      0.000E+00 0.000E+00 0.000E+00 5.624E+00   0.000000 1.000E+00 1.000E+00
   1  952420  1     5.764E+04 0.000E+00 1.710E-01 0.000E+00 0.000E+00 0.000E+00
   1      8.290E-01 0.000E+00 0.000E+00 1.922E-01   0.000000 1.000E+00 1.000E+00
   1  952421  1     4.450E+09 0.000E+00 0.000E+00 0.000E+00 4.630E-03 9.954E-01
   1      0.000E+00 0.000E+00 0.000E+00 7.492E-02   0.000000 1.000E+00 1.000E+00
   1  952422  1     1.400E-02 0.000E+00 0.000E+00 0.000E+00 0.000E+00 0.000E+00
   1      0.000E+00 0.000E+00 0.000E+00 0.000E+00   0.000000 1.000E+00 1.000E+00
   1  952430  1     2.324E+11 0.000E+00 0.000E+00 0.000E+00 1.000E+00 0.000E+00
   1      0.000E+00 0.000E+00 0.000E+00 5.440E+00   0.000000 1.000E+00 1.000E+00
   1  952440  1     3.636E+04 1.000E+00 0.000E+00 0.000E+00 0.000E+00 0.000E+00
   1      1.000E+00 0.000E+00 0.000E+00 1.098E-01   0.000000 1.000E+00 1.000E+00
   1  952441  1     1.560E+03 0.000E+00 3.600E-04 0.000E+00 0.000E+00 0.000E+00
   1      9.996E-01 0.000E+00 0.000E+00 5.130E-01   0.000000 1.000E+00 1.000E+00
   1  952450  1     7.380E+03 0.000E+00 0.000E+00 0.000E+00 0.000E+00 0.000E+00
   1      1.000E+00 0.000E+00 0.000E+00 3.125E-01   0.000000 1.000E+00 1.000E+00
   1  952460  1     2.340E+03 0.000E+00 0.000E+00 0.000E+00 0.000E+00 0.000E+00
   1      1.000E+00 0.000E+00 0.000E+00 1.491E+00   0.000000 1.000E+00 1.000E+00
   1  952461  1     1.500E+03 0.000E+00 0.000E+00 0.000E+00 0.000E+00 0.000E+00
   1      1.000E+00 0.000E+00 0.000E+00 1.501E+00   0.000000 1.000E+00 1.000E+00
   1  952470  1     1.380E+03 0.000E+00 0.000E+00 0.000E+00 0.000E+00 0.000E+00
   1      1.000E+00 0.000E+00 0.000E+00 7.177E-01   0.000000 1.000E+00 1.000E+00
   1  952480  1     1.800E+02 0.000E+00 0.000E+00 0.000E+00 0.000E+00 0.000E+00
   1      1.000E+00 0.000E+00 0.000E+00 2.112E+00   0.000000 1.000E+00 1.000E+00
   1  952490  1     6.000E+01 0.000E+00 0.000E+00 0.000E+00 0.000E+00 0.000E+00
   1      1.000E+00 0.000E+00 0.000E+00 1.567E+00   0.000000 1.000E+00 1.000E+00
   1  962330  1     6.000E+01 0.000E+00 5.000E-01 0.000E+00 5.000E-01 0.000E+00
   1      0.000E+00 0.000E+00 0.000E+00 5.106E+00   0.000000 1.000E+00 1.000E+00
   1  962340  1     5.100E+01 0.000E+00 4.700E-01 0.000E+00 5.000E-01 0.000E+00
   1      0.000E+00 0.000E+00 0.000E+00 4.370E+00   0.000000 1.000E+00 1.000E+00
   1  962350  1     3.000E+02 0.000E+00 5.000E-01 0.000E+00 5.000E-01 0.000E+00
   1      0.000E+00 0.000E+00 0.000E+00 4.683E+00   0.000000 1.000E+00 1.000E+00
   1  962360  1     6.000E+02 0.000E+00 5.000E-01 0.000E+00 5.000E-01 0.000E+00
   1      0.000E+00 0.000E+00 0.000E+00 4.120E+00   0.000000 1.000E+00 1.000E+00
   1  962370  1     1.200E+03 0.000E+00 5.000E-01 0.000E+00 5.000E-01 0.000E+00
   1      0.000E+00 0.000E+00 0.000E+00 4.306E+00   0.000000 1.000E+00 1.000E+00
   1  962380  1     8.640E+03 0.000E+00 9.000E-01 0.000E+00 1.000E-01 0.000E+00
   1      0.000E+00 0.000E+00 0.000E+00 7.948E-01   0.000000 1.000E+00 1.000E+00
   1  962390  1     1.044E+04 0.000E+00 9.990E-01 0.000E+00 1.000E-03 0.000E+00
   1      0.000E+00 0.000E+00 0.000E+00 1.204E+00   0.000000 1.000E+00 1.000E+00
   1  962400  1     2.333E+06 0.000E+00 0.000E+00 0.000E+00 9.970E-01 0.000E+00
   1      0.000E+00 0.000E+00 0.000E+00 6.370E+00   0.000000 1.000E+00 1.000E+00
   1  962410  1     2.834E+06 0.000E+00 9.900E-01 0.000E+00 1.000E-02 0.000E+00
   1      0.000E+00 0.000E+00 0.000E+00 6.979E-01   0.000000 1.000E+00 1.000E+00
   1  962420  1     1.408E+07 0.000E+00 0.000E+00 0.000E+00 1.000E+00 0.000E+00
   1      0.000E+00 0.000E+00 0.000E+00 6.218E+00   0.000000 1.000E+00 1.000E+00
   1  962430  1     9.120E+08 0.000E+00 2.900E-03 0.000E+00 9.971E-01 0.000E+00
   1      0.000E+00 0.000E+00 0.000E+00 6.159E+00   0.000000 1.000E+00 1.000E+00
   1  962440  1     5.680E+08 0.000E+00 0.000E+00 0.000E+00 1.000E+00 0.000E+00
   1      0.000E+00 0.000E+00 0.000E+00 5.904E+00   0.000000 1.000E+00 1.000E+00
   1  962441  1     3.400E-02 0.000E+00 0.000E+00 0.000E+00 0.000E+00 1.000E+00
   1      0.000E+00 0.000E+00 0.000E+00 1.017E+00   0.000000 1.000E+00 1.000E+00
   1  962450  1     2.603E+11 0.000E+00 0.000E+00 0.000E+00 1.000E+00 0.000E+00
   1      0.000E+00 0.000E+00 0.000E+00 5.639E+00   0.000000 1.000E+00 1.000E+00
   1  962460  1     1.493E+11 0.000E+00 0.000E+00 0.000E+00 9.997E-01 0.000E+00
   1      0.000E+00 0.000E+00 0.000E+00 5.526E+00   0.000000 1.000E+00 1.000E+00
   1  962470  1     5.049E+14 0.000E+00 0.000E+00 0.000E+00 1.000E+00 0.000E+00
   1      0.000E+00 0.000E+00 0.000E+00 5.353E+00   0.000000 1.000E+00 1.000E+00
   1  962480  1     1.073E+13 0.000E+00 0.000E+00 0.000E+00 9.174E-01 0.000E+00
   1      0.000E+00 0.000E+00 0.000E+00 2.040E+01   0.000000 1.000E+00 1.000E+00
   1  962490  1     3.849E+03 0.000E+00 0.000E+00 0.000E+00 0.000E+00 0.000E+00
   1      1.000E+00 0.000E+00 0.000E+00 3.034E-01   0.000000 1.000E+00 1.000E+00
   1  962500  1     2.525E+11 0.000E+00 0.000E+00 0.000E+00 3.000E-01 0.000E+00
   1      0.000E+00 0.000E+00 0.000E+00 1.345E+02   0.000000 1.000E+00 1.000E+00
   1  962510  1     1.008E+03 0.000E+00 0.000E+00 0.000E+00 0.000E+00 0.000E+00
   1      1.000E+00 0.000E+00 0.000E+00 5.595E-01   0.000000 1.000E+00 1.000E+00
   1  962520  1     8.640E+04 0.000E+00 0.000E+00 0.000E+00 0.000E+00 0.000E+00
   1      1.000E+00 0.000E+00 0.000E+00 3.533E-01   0.000000 1.000E+00 1.000E+00
   1  972350  1     2.000E+01 0.000E+00 5.000E-01 0.000E+00 5.000E-01 0.000E+00
   1      0.000E+00 0.000E+00 0.000E+00 5.514E+00   0.000000 1.000E+00 1.000E+00
   1  972360  1     6.000E+01 0.000E+00 5.000E-01 0.000E+00 5.000E-01 0.000E+00
   1      0.000E+00 0.000E+00 0.000E+00 5.624E+00   0.000000 1.000E+00 1.000E+00
   1  972370  1     6.000E+01 0.000E+00 5.000E-01 0.000E+00 5.000E-01 0.000E+00
   1      0.000E+00 0.000E+00 0.000E+00 5.026E+00   0.000000 1.000E+00 1.000E+00
   1  972380  1     1.440E+02 0.000E+00 4.800E-04 0.000E+00 2.000E-03 0.000E+00
   1      0.000E+00 0.000E+00 0.000E+00 3.267E+00   0.000000 1.000E+00 1.000E+00
   1  972390  1     1.800E+02 0.000E+00 5.000E-01 0.000E+00 5.000E-01 0.000E+00
   1      0.000E+00 0.000E+00 0.000E+00 4.636E+00   0.000000 1.000E+00 1.000E+00
   1  972400  1     2.880E+02 0.000E+00 2.000E-05 0.000E+00 1.000E-01 0.000E+00
   1      0.000E+00 0.000E+00 0.000E+00 3.073E+00   0.000000 1.000E+00 1.000E+00
   1  972410  1     2.760E+02 0.000E+00 5.000E-01 0.000E+00 5.000E-01 0.000E+00
   1      0.000E+00 0.000E+00 0.000E+00 4.351E+00   0.000000 1.000E+00 1.000E+00
   1  972420  1     4.200E+02 0.000E+00 3.000E-07 0.000E+00 0.000E+00 0.000E+00
   1      0.000E+00 0.000E+00 0.000E+00 1.957E+00   0.000000 1.000E+00 1.000E+00
   1  972430  1     1.620E+04 0.000E+00 9.985E-01 0.000E+00 1.500E-03 0.000E+00
   1      0.000E+00 0.000E+00 0.000E+00 1.014E+00   0.000000 1.000E+00 1.000E+00
   1  972440  1     1.566E+04 0.000E+00 9.999E-01 0.000E+00 6.000E-05 0.000E+00
   1      0.000E+00 0.000E+00 0.000E+00 1.509E+00   0.000000 1.000E+00 1.000E+00
   1  972450  1     4.268E+05 0.000E+00 9.988E-01 0.000E+00 1.200E-03 0.000E+00
   1      0.000E+00 0.000E+00 0.000E+00 3.618E-01   0.000000 1.000E+00 1.000E+00
   1  972460  1     1.555E+05 0.000E+00 9.990E-01 0.000E+00 1.000E-03 0.000E+00
   1      0.000E+00 0.000E+00 0.000E+00 9.051E-01   0.000000 1.000E+00 1.000E+00
   1  972470  1     4.355E+10 0.000E+00 0.000E+00 0.000E+00 1.000E+00 0.000E+00
   1      0.000E+00 0.000E+00 0.000E+00 5.865E+00   0.000000 1.000E+00 1.000E+00
   1  972480  1     2.840E+08 0.000E+00 0.000E+00 0.000E+00 1.000E+00 0.000E+00
   1      0.000E+00 0.000E+00 0.000E+00 5.774E+00   0.000000 1.000E+00 1.000E+00
   1  972481  1     8.532E+04 0.000E+00 3.000E-01 0.000E+00 0.000E+00 0.000E+00
   1      7.000E-01 0.000E+00 0.000E+00 2.309E-01   0.000000 1.000E+00 1.000E+00
   1  972490  1     2.765E+07 0.000E+00 0.000E+00 0.000E+00 1.450E-05 0.000E+00
   1      1.000E+00 0.000E+00 0.000E+00 3.315E-02   0.000000 1.000E+00 1.000E+00
   1  972500  1     1.158E+04 0.000E+00 0.000E+00 0.000E+00 0.000E+00 0.000E+00
   1      1.000E+00 0.000E+00 0.000E+00 1.202E+00   0.000000 1.000E+00 1.000E+00
   1  972510  1     3.336E+03 0.000E+00 0.000E+00 0.000E+00 0.000E+00 0.000E+00
   1      1.000E+00 0.000E+00 0.000E+00 7.287E-01   0.000000 1.000E+00 1.000E+00
   1  972520  1     1.080E+02 0.000E+00 0.000E+00 0.000E+00 5.000E-01 0.000E+00
   1      5.000E-01 0.000E+00 0.000E+00 3.605E+00   0.000000 1.000E+00 1.000E+00
   1  972530  1     6.000E+02 0.000E+00 0.000E+00 0.000E+00 0.000E+00 0.000E+00
   1      1.000E+00 0.000E+00 0.000E+00 1.086E+00   0.000000 1.000E+00 1.000E+00
   1  972540  1     6.000E+01 0.000E+00 0.000E+00 0.000E+00 0.000E+00 0.000E+00
   1      1.000E+00 0.000E+00 0.000E+00 2.033E+00   0.000000 1.000E+00 1.000E+00
   1  982370  1     2.100E+00 0.000E+00 4.500E-01 0.000E+00 4.500E-01 0.000E+00
   1      0.000E+00 0.000E+00 0.000E+00 5.063E+00   0.000000 1.000E+00 1.000E+00
   1  982380  1     2.110E-02 0.000E+00 0.000E+00 0.000E+00 1.996E-03 0.000E+00
   1      0.000E+00 0.000E+00 0.000E+00 1.607E-02   0.000000 1.000E+00 1.000E+00
   1  982390  1     6.000E+01 0.000E+00 5.000E-01 0.000E+00 5.000E-01 0.000E+00
   1      0.000E+00 0.000E+00 0.000E+00 5.194E+00   0.000000 1.000E+00 1.000E+00
   1  982400  1     5.760E+01 0.000E+00 0.000E+00 0.000E+00 9.800E-01 0.000E+00
   1      0.000E+00 0.000E+00 0.000E+00 7.561E+00   0.000000 1.000E+00 1.000E+00
   1  982410  1     2.280E+02 0.000E+00 7.500E-01 0.000E+00 2.500E-01 0.000E+00
   1      0.000E+00 0.000E+00 0.000E+00 3.544E+00   0.000000 1.000E+00 1.000E+00
   1  982420  1     2.094E+02 0.000E+00 1.999E-01 0.000E+00 8.000E-01 0.000E+00
   1      0.000E+00 0.000E+00 0.000E+00 6.225E+00   0.000000 1.000E+00 1.000E+00
   1  982430  1     6.420E+02 0.000E+00 8.600E-01 0.000E+00 1.400E-01 0.000E+00
   1      0.000E+00 0.000E+00 0.000E+00 2.322E+00   0.000000 1.000E+00 1.000E+00
   1  982440  1     1.164E+03 0.000E+00 0.000E+00 0.000E+00 1.000E+00 0.000E+00
   1      0.000E+00 0.000E+00 0.000E+00 7.329E+00   0.000000 1.000E+00 1.000E+00
   1  982450  1     2.700E+03 0.000E+00 6.400E-01 0.000E+00 3.600E-01 0.000E+00
   1      0.000E+00 0.000E+00 0.000E+00 3.284E+00   0.000000 1.000E+00 1.000E+00
   1  982460  1     1.285E+05 0.000E+00 0.000E+00 0.000E+00 1.000E+00 0.000E+00
   1      0.000E+00 0.000E+00 0.000E+00 6.863E+00   0.000000 1.000E+00 1.000E+00
   1  982470  1     1.120E+04 0.000E+00 9.997E-01 0.000E+00 3.500E-04 0.000E+00
   1      0.000E+00 0.000E+00 0.000E+00 9.915E-02   0.000000 1.000E+00 1.000E+00
   1  982480  1     2.881E+07 0.000E+00 0.000E+00 0.000E+00 1.000E+00 0.000E+00
   1      0.000E+00 0.000E+00 0.000E+00 6.358E+00   0.000000 1.000E+00 1.000E+00
   1  982490  1     1.108E+10 0.000E+00 0.000E+00 0.000E+00 1.000E+00 0.000E+00
   1      0.000E+00 0.000E+00 0.000E+00 6.287E+00   0.000000 1.000E+00 1.000E+00
   1  982500  1     4.128E+08 0.000E+00 0.000E+00 0.000E+00 9.992E-01 0.000E+00
   1      0.000E+00 0.000E+00 0.000E+00 6.274E+00   0.000000 1.000E+00 1.000E+00
   1  982510  1     2.834E+10 0.000E+00 0.000E+00 0.000E+00 1.000E+00 0.000E+00
   1      0.000E+00 0.000E+00 0.000E+00 6.180E+00   0.000000 1.000E+00 1.000E+00
   1  982520  1     8.347E+07 0.000E+00 0.000E+00 0.000E+00 9.691E-01 0.000E+00
   1      0.000E+00 0.000E+00 0.000E+00 1.203E+01   0.000000 1.000E+00 1.000E+00
   1  982530  1     1.539E+06 0.000E+00 0.000E+00 0.000E+00 3.100E-03 0.000E+00
   1      9.969E-01 0.000E+00 0.000E+00 9.936E-02   0.000000 1.000E+00 1.000E+00
   1  982540  1     5.227E+06 0.000E+00 0.000E+00 0.000E+00 3.090E-03 0.000E+00
   1      0.000E+00 0.000E+00 0.000E+00 1.832E-02   0.000000 1.000E+00 1.000E+00
   1  982550  1     5.100E+03 0.000E+00 0.000E+00 0.000E+00 2.000E-09 0.000E+00
   1      1.000E+00 0.000E+00 0.000E+00 4.807E-01   0.000000 1.000E+00 1.000E+00
   1  982560  1     7.380E+02 0.000E+00 0.000E+00 0.000E+00 6.200E-09 0.000E+00
   1      0.000E+00 0.000E+00 0.000E+00 3.444E-08   0.000000 1.000E+00 1.000E+00
   1  992400  1     1.000E+00 0.000E+00 5.000E-01 0.000E+00 5.000E-01 0.000E+00
   1      0.000E+00 0.000E+00 0.000E+00 6.244E+00   0.000000 1.000E+00 1.000E+00
   1  992410  1     1.000E+01 0.000E+00 5.000E-01 0.000E+00 5.000E-01 0.000E+00
   1      0.000E+00 0.000E+00 0.000E+00 5.651E+00   0.000000 1.000E+00 1.000E+00
   1  992420  1     1.350E+01 0.000E+00 6.000E-03 0.000E+00 5.000E-01 0.000E+00
   1      0.000E+00 0.000E+00 0.000E+00 5.982E+00   0.000000 1.000E+00 1.000E+00
   1  992430  1     2.100E+01 0.000E+00 7.000E-01 0.000E+00 3.000E-01 0.000E+00
   1      0.000E+00 0.000E+00 0.000E+00 4.207E+00   0.000000 1.000E+00 1.000E+00
   1  992440  1     3.700E+01 0.000E+00 1.000E-04 0.000E+00 5.000E-02 0.000E+00
   1      0.000E+00 0.000E+00 0.000E+00 3.279E+00   0.000000 1.000E+00 1.000E+00
   1  992450  1     6.600E+01 0.000E+00 6.000E-01 0.000E+00 4.000E-01 0.000E+00
   1      0.000E+00 0.000E+00 0.000E+00 4.387E+00   0.000000 1.000E+00 1.000E+00
   1  992460  1     4.620E+02 0.000E+00 3.000E-05 0.000E+00 9.900E-02 0.000E+00
   1      0.000E+00 0.000E+00 0.000E+00 3.053E+00   0.000000 1.000E+00 1.000E+00
   1  992470  1     2.760E+02 0.000E+00 9.300E-01 0.000E+00 7.000E-02 0.000E+00
   1      0.000E+00 0.000E+00 0.000E+00 2.058E+00   0.000000 1.000E+00 1.000E+00
   1  992480  1     1.620E+03 0.000E+00 3.000E-07 0.000E+00 2.500E-03 0.000E+00
   1      0.000E+00 0.000E+00 0.000E+00 2.053E+00   0.000000 1.000E+00 1.000E+00
   1  992490  1     6.132E+03 0.000E+00 9.943E-01 0.000E+00 5.700E-03 0.000E+00
   1      0.000E+00 0.000E+00 0.000E+00 4.798E-01   0.000000 1.000E+00 1.000E+00
   1  992500  1     3.096E+04 0.000E+00 9.700E-01 0.000E+00 3.000E-02 0.000E+00
   1      0.000E+00 0.000E+00 0.000E+00 1.536E+00   0.000000 1.000E+00 1.000E+00
   1  992501  1     7.992E+03 0.000E+00 1.000E+00 0.000E+00 0.000E+00 0.000E+00
   1      0.000E+00 0.000E+00 0.000E+00 5.637E-01   0.000000 1.000E+00 1.000E+00
   1  992510  1     1.188E+05 0.000E+00 9.950E-01 0.000E+00 5.000E-03 0.000E+00
   1      0.000E+00 0.000E+00 0.000E+00 8.925E-02   0.000000 1.000E+00 1.000E+00
   1  992520  1     4.075E+07 0.000E+00 2.200E-01 0.000E+00 7.800E-01 0.000E+00
   1      0.000E+00 0.000E+00 0.000E+00 5.334E+00   0.000000 1.000E+00 1.000E+00
   1  992530  1     1.769E+06 0.000E+00 0.000E+00 0.000E+00 1.000E+00 0.000E+00
   1      0.000E+00 0.000E+00 0.000E+00 6.739E+00   0.000000 1.000E+00 1.000E+00
   1  992540  1     2.382E+07 0.000E+00 0.000E+00 0.000E+00 1.000E+00 0.000E+00
   1      0.000E+00 0.000E+00 0.000E+00 6.577E+00   0.000000 1.000E+00 1.000E+00
   1  992541  1     1.415E+05 0.000E+00 7.495E-04 0.000E+00 3.156E-03 2.959E-02
   1      9.665E-01 0.000E+00 0.000E+00 7.785E-01   0.000000 1.000E+00 1.000E+00
   1  992550  1     3.439E+06 0.000E+00 0.000E+00 0.000E+00 8.000E-02 0.000E+00
   1      9.200E-01 0.000E+00 0.000E+00 6.927E-01   0.000000 1.000E+00 1.000E+00
   1  992560  1     1.524E+03 0.000E+00 0.000E+00 0.000E+00 0.000E+00 0.000E+00
   1      1.000E+00 0.000E+00 0.000E+00 1.136E+00   0.000000 1.000E+00 1.000E+00
   1  992561  1     2.736E+04 0.000E+00 0.000E+00 0.000E+00 0.000E+00 0.000E+00
   1      2.000E-05 0.000E+00 0.000E+00 1.136E+00   0.000000 1.000E+00 1.000E+00
   1  992570  1     6.653E+05 0.000E+00 0.000E+00 0.000E+00 4.000E-06 0.000E+00
   1      1.000E+00 0.000E+00 0.000E+00 5.407E-01   0.000000 1.000E+00 1.000E+00
   1  992580  1     1.800E+02 0.000E+00 0.000E+00 0.000E+00 5.000E-01 0.000E+00
   1      5.000E-01 0.000E+00 0.000E+00 3.699E+00   0.000000 1.000E+00 1.000E+00
   1 1002420  1     8.000E-04 0.000E+00 0.000E+00 0.000E+00 5.000E-01 0.000E+00
   1      0.000E+00 0.000E+00 0.000E+00 4.388E+00   0.000000 1.000E+00 1.000E+00
   1 1002430  1     2.100E-01 0.000E+00 3.943E-01 0.000E+00 6.000E-01 0.000E+00
   1      0.000E+00 0.000E+00 0.000E+00 6.389E+00   0.000000 1.000E+00 1.000E+00
   1 1002440  1     3.300E-03 0.000E+00 0.000E+00 0.000E+00 4.000E-03 0.000E+00
   1      0.000E+00 0.000E+00 0.000E+00 3.422E-02   0.000000 1.000E+00 1.000E+00
   1 1002450  1     4.200E+00 0.000E+00 4.200E-02 0.000E+00 9.567E-01 0.000E+00
   1      0.000E+00 0.000E+00 0.000E+00 8.176E+00   0.000000 1.000E+00 1.000E+00
   1 1002460  1     1.100E+00 0.000E+00 1.000E-01 0.000E+00 8.550E-01 0.000E+00
   1      0.000E+00 0.000E+00 0.000E+00 7.161E+00   0.000000 1.000E+00 1.000E+00
   1 1002470  1     3.500E+01 0.000E+00 5.000E-01 0.000E+00 5.000E-01 0.000E+00
   1      0.000E+00 0.000E+00 0.000E+00 5.093E+00   0.000000 1.000E+00 1.000E+00
   1 1002480  1     3.600E+01 0.000E+00 6.993E-02 0.000E+00 9.291E-01 0.000E+00
   1      0.000E+00 0.000E+00 0.000E+00 7.509E+00   0.000000 1.000E+00 1.000E+00
   1 1002490  1     1.560E+02 0.000E+00 6.700E-01 0.000E+00 3.300E-01 0.000E+00
   1      0.000E+00 0.000E+00 0.000E+00 3.667E+00   0.000000 1.000E+00 1.000E+00
   1 1002500  1     1.800E+03 0.000E+00 9.999E-02 1.000E+00 8.999E-01 0.000E+00
   1      0.000E+00 0.000E+00 0.000E+00 6.811E+00   0.000000 1.000E+00 1.000E+00
   1 1002501  1     1.800E+00 0.000E+00 0.000E+00 0.000E+00 2.000E-01 8.000E-01
   1      0.000E+00 0.000E+00 0.000E+00 3.011E+00   0.000000 1.000E+00 1.000E+00
   1 1002510  1     1.908E+04 0.000E+00 9.820E-01 0.000E+00 1.800E-02 0.000E+00
   1      0.000E+00 0.000E+00 0.000E+00 1.099E+00   0.000000 1.000E+00 1.000E+00
   1 1002520  1     9.140E+04 0.000E+00 0.000E+00 0.000E+00 1.000E+00 0.000E+00
   1      0.000E+00 0.000E+00 0.000E+00 7.150E+00   0.000000 1.000E+00 1.000E+00
   1 1002530  1     2.592E+05 0.000E+00 8.800E-01 0.000E+00 1.200E-01 0.000E+00
   1      0.000E+00 0.000E+00 0.000E+00 9.083E-01   0.000000 1.000E+00 1.000E+00
   1 1002540  1     1.166E+04 0.000E+00 0.000E+00 0.000E+00 9.994E-01 0.000E+00
   1      0.000E+00 0.000E+00 0.000E+00 7.303E+00   0.000000 1.000E+00 1.000E+00
   1 1002550  1     7.225E+04 0.000E+00 0.000E+00 0.000E+00 1.000E+00 0.000E+00
   1      0.000E+00 0.000E+00 0.000E+00 7.262E+00   0.000000 1.000E+00 1.000E+00
   1 1002560  1     9.456E+03 0.000E+00 0.000E+00 0.000E+00 8.100E-02 0.000E+00
   1      0.000E+00 0.000E+00 0.000E+00 5.692E-01   0.000000 1.000E+00 1.000E+00
   1 1002570  1     8.683E+06 0.000E+00 0.000E+00 0.000E+00 9.979E-01 0.000E+00
   1      0.000E+00 0.000E+00 0.000E+00 6.864E+00   0.000000 1.000E+00 1.000E+00
   1 1002580  1     3.700E-04 0.000E+00 0.000E+00 0.000E+00 0.000E+00 0.000E+00
   1      0.000E+00 0.000E+00 0.000E+00 0.000E+00   0.000000 1.000E+00 1.000E+00
   1 1002590  1     1.500E+00 0.000E+00 0.000E+00 0.000E+00 0.000E+00 0.000E+00
   1      0.000E+00 0.000E+00 0.000E+00 0.000E+00   0.000000 1.000E+00 1.000E+00
   1 1012450  1     9.000E-04 0.000E+00 0.000E+00 0.000E+00 5.000E-01 0.000E+00
   1      0.000E+00 0.000E+00 0.000E+00 4.513E+00   0.000000 1.000E+00 1.000E+00
   1 1012451  1     4.000E-01 0.000E+00 5.000E-01 0.000E+00 5.000E-01 0.000E+00
   1      0.000E+00 0.000E+00 0.000E+00 6.286E+00   0.000000 1.000E+00 1.000E+00
   1 1012460  1     1.000E+00 0.000E+00 3.333E-01 0.000E+00 3.333E-01 0.000E+00
   1      0.000E+00 0.000E+00 0.000E+00 4.326E+00   0.000000 1.000E+00 1.000E+00
   1 1012470  1     2.700E-01 0.000E+00 0.000E+00 0.000E+00 5.000E-01 0.000E+00
   1      0.000E+00 0.000E+00 0.000E+00 4.418E+00   0.000000 1.000E+00 1.000E+00
   1 1012471  1     1.120E+00 0.000E+00 0.000E+00 0.000E+00 1.000E+00 0.000E+00
   1      0.000E+00 0.000E+00 0.000E+00 8.885E+00   0.000000 1.000E+00 1.000E+00
   1 1012480  1     7.000E+00 0.000E+00 5.000E-04 0.000E+00 2.000E-01 0.000E+00
   1      0.000E+00 0.000E+00 0.000E+00 4.534E+00   0.000000 1.000E+00 1.000E+00
   1 1012490  1     2.400E+01 0.000E+00 4.000E-01 0.000E+00 6.000E-01 0.000E+00
   1      0.000E+00 0.000E+00 0.000E+00 6.068E+00   0.000000 1.000E+00 1.000E+00
   1 1012491  1     1.900E+00 0.000E+00 0.000E+00 0.000E+00 1.000E+00 0.000E+00
   1      0.000E+00 0.000E+00 0.000E+00 8.565E+00   0.000000 1.000E+00 1.000E+00
   1 1012500  1     5.200E+01 0.000E+00 4.651E-01 9.996E-01 7.000E-02 0.000E+00
   1      0.000E+00 0.000E+00 0.000E+00 2.947E+00   0.000000 1.000E+00 1.000E+00
   1 1012510  1     2.400E+02 0.000E+00 9.500E-01 0.000E+00 5.000E-02 0.000E+00
   1      0.000E+00 0.000E+00 0.000E+00 2.327E+00   0.000000 1.000E+00 1.000E+00
   1 1012520  1     1.380E+02 0.000E+00 5.000E-01 0.000E+00 5.000E-01 0.000E+00
   1      0.000E+00 0.000E+00 0.000E+00 5.224E+00   0.000000 1.000E+00 1.000E+00
   1 1012530  1     7.200E+02 0.000E+00 9.940E-01 0.000E+00 6.000E-03 0.000E+00
   1      0.000E+00 0.000E+00 0.000E+00 1.338E+00   0.000000 1.000E+00 1.000E+00
   1 1012540  1     6.000E+02 0.000E+00 1.000E+00 0.000E+00 0.000E+00 0.000E+00
   1      0.000E+00 0.000E+00 0.000E+00 1.737E+00   0.000000 1.000E+00 1.000E+00
   1 1012541  1     1.680E+03 0.000E+00 1.000E+00 0.000E+00 0.000E+00 0.000E+00
   1      0.000E+00 0.000E+00 0.000E+00 1.771E+00   0.000000 1.000E+00 1.000E+00
   1 1012550  1     1.620E+03 0.000E+00 9.186E-01 0.000E+00 7.988E-02 0.000E+00
   1      0.000E+00 0.000E+00 0.000E+00 1.271E+00   0.000000 1.000E+00 1.000E+00
   1 1012560  1     4.620E+03 0.000E+00 8.780E-01 0.000E+00 9.200E-02 0.000E+00
   1      0.000E+00 0.000E+00 0.000E+00 1.976E+00   0.000000 1.000E+00 1.000E+00
   1 1012570  1     1.987E+04 0.000E+00 8.173E-01 0.000E+00 1.442E-01 0.000E+00
   1      0.000E+00 0.000E+00 0.000E+00 1.140E+00   0.000000 1.000E+00 1.000E+00
   1 1012580  1     4.450E+06 0.000E+00 1.500E-05 0.000E+00 1.000E+00 0.000E+00
   1      1.500E-05 0.000E+00 0.000E+00 7.271E+00   0.000000 1.000E+00 1.000E+00
   1 1012581  1     3.420E+03 0.000E+00 6.880E-01 0.000E+00 1.200E-02 0.000E+00
   1      1.000E-01 0.000E+00 0.000E+00 2.299E-01   0.000000 1.000E+00 1.000E+00
   1 1012590  1     5.760E+03 0.000E+00 0.000E+00 0.000E+00 1.300E-02 0.000E+00
   1      0.000E+00 0.000E+00 0.000E+00 9.238E-02   0.000000 1.000E+00 1.000E+00
   1 1012600  1     2.402E+06 0.000E+00 0.000E+00 0.000E+00 5.000E-02 0.000E+00
   1      3.500E-02 0.000E+00 0.000E+00 3.687E-01   0.000000 1.000E+00 1.000E+00
   1 1012610  1     2.400E+03 0.000E+00 0.000E+00 0.000E+00 1.000E+00 0.000E+00
   1      0.000E+00 0.000E+00 0.000E+00 6.655E+00   0.000000 1.000E+00 1.000E+00
   1 1022490  1     5.700E-05 0.000E+00 5.000E-01 5.000E-01 5.000E-01 0.000E+00
   1      0.000E+00 0.000E+00 0.000E+00 6.068E+00   0.000000 1.000E+00 1.000E+00
   1 1022500  1     5.700E-06 0.000E+00 2.500E-06 0.000E+00 1.000E-03 0.000E+00
   1      0.000E+00 0.000E+00 0.000E+00 8.960E-03   0.000000 1.000E+00 1.000E+00
   1 1022510  1     7.600E-01 0.000E+00 0.000E+00 0.000E+00 9.100E-01 0.000E+00
   1      0.000E+00 0.000E+00 0.000E+00 7.958E+00   0.000000 1.000E+00 1.000E+00
   1 1022511  1     1.700E+00 0.000E+00 0.000E+00 0.000E+00 1.000E+00 0.000E+00
   1      0.000E+00 0.000E+00 0.000E+00 9.015E+00   0.000000 1.000E+00 1.000E+00
   1 1022520  1     2.440E+00 0.000E+00 8.000E-03 0.000E+00 6.700E-01 0.000E+00
   1      0.000E+00 0.000E+00 0.000E+00 5.741E+00   0.000000 1.000E+00 1.000E+00
   1 1022530  1     9.720E+01 0.000E+00 2.000E-01 0.000E+00 8.000E-01 0.000E+00
   1      0.000E+00 0.000E+00 0.000E+00 7.163E+00   0.000000 1.000E+00 1.000E+00
   1 1022540  1     5.100E+01 0.000E+00 9.983E-02 0.000E+00 8.985E-01 0.000E+00
   1      0.000E+00 0.000E+00 0.000E+00 7.471E+00   0.000000 1.000E+00 1.000E+00
   1 1022541  1     2.800E-01 0.000E+00 0.000E+00 0.000E+00 2.000E-01 8.000E-01
   1      0.000E+00 0.000E+00 0.000E+00 1.995E+00   0.000000 1.000E+00 1.000E+00
   1 1022550  1     1.860E+02 0.000E+00 3.900E-01 0.000E+00 6.100E-01 0.000E+00
   1      0.000E+00 0.000E+00 0.000E+00 5.673E+00   0.000000 1.000E+00 1.000E+00
   1 1022560  1     2.910E+00 0.000E+00 0.000E+00 0.000E+00 9.950E-01 0.000E+00
   1      0.000E+00 0.000E+00 0.000E+00 8.533E+00   0.000000 1.000E+00 1.000E+00
   1 1022570  1     2.450E+01 0.000E+00 0.000E+00 0.000E+00 8.500E-01 0.000E+00
   1      0.000E+00 0.000E+00 0.000E+00 7.308E+00   0.000000 1.000E+00 1.000E+00
   1 1022580  1     1.200E-03 0.000E+00 0.000E+00 0.000E+00 1.000E-05 0.000E+00
   1      0.000E+00 0.000E+00 0.000E+00 8.151E-05   0.000000 1.000E+00 1.000E+00
   1 1022590  1     3.480E+03 0.000E+00 2.273E-01 0.000E+00 6.818E-01 0.000E+00
   1      0.000E+00 0.000E+00 0.000E+00 5.394E+00   0.000000 1.000E+00 1.000E+00
   1 1022600  1     1.060E-01 0.000E+00 0.000E+00 0.000E+00 0.000E+00 0.000E+00
   1      0.000E+00 0.000E+00 0.000E+00 0.000E+00   0.000000 1.000E+00 1.000E+00
   1 1022610  1     1.080E+04 0.000E+00 0.000E+00 0.000E+00 1.000E+00 0.000E+00
   1      0.000E+00 0.000E+00 0.000E+00 7.486E+00   0.000000 1.000E+00 1.000E+00
   1 1022620  1     5.000E-03 0.000E+00 0.000E+00 0.000E+00 0.000E+00 0.000E+00
   1      0.000E+00 0.000E+00 0.000E+00 0.000E+00   0.000000 1.000E+00 1.000E+00
   1 1032510  1     1.500E-04 0.000E+00 5.000E-01 5.000E-01 5.000E-01 0.000E+00
   1      0.000E+00 0.000E+00 0.000E+00 6.350E+00   0.000000 1.000E+00 1.000E+00
   1 1032520  1     3.900E-01 0.000E+00 7.100E-01 0.000E+00 2.800E-01 0.000E+00
   1      0.000E+00 0.000E+00 0.000E+00 5.415E+00   0.000000 1.000E+00 1.000E+00
   1 1032530  1     5.800E-01 0.000E+00 1.068E-02 0.000E+00 9.615E-01 0.000E+00
   1      0.000E+00 0.000E+00 0.000E+00 8.621E+00   0.000000 1.000E+00 1.000E+00
   1 1032531  1     1.500E+00 0.000E+00 1.010E-02 0.000E+00 9.091E-01 0.000E+00
   1      0.000E+00 0.000E+00 0.000E+00 8.088E+00   0.000000 1.000E+00 1.000E+00
   1 1032540  1     1.300E+01 0.000E+00 2.400E-01 5.000E-01 7.600E-01 0.000E+00
   1      0.000E+00 0.000E+00 0.000E+00 7.457E+00   0.000000 1.000E+00 1.000E+00
   1 1032550  1     2.200E+01 0.000E+00 3.000E-01 0.000E+00 6.900E-01 0.000E+00
   1      0.000E+00 0.000E+00 0.000E+00 6.579E+00   0.000000 1.000E+00 1.000E+00
   1 1032560  1     2.700E+01 0.000E+00 1.500E-01 0.000E+00 8.497E-01 0.000E+00
   1      0.000E+00 0.000E+00 0.000E+00 7.895E+00   0.000000 1.000E+00 1.000E+00
   1 1032570  1     4.000E+00 0.000E+00 0.000E+00 0.000E+00 1.000E+00 0.000E+00
   1      0.000E+00 0.000E+00 0.000E+00 9.000E+00   0.000000 1.000E+00 1.000E+00
   1 1032580  1     4.100E+00 0.000E+00 5.000E-02 0.000E+00 9.500E-01 0.000E+00
   1      0.000E+00 0.000E+00 0.000E+00 8.548E+00   0.000000 1.000E+00 1.000E+00
   1 1032590  1     6.200E+00 0.000E+00 5.964E-03 0.000E+00 7.753E-01 0.000E+00
   1      0.000E+00 0.000E+00 0.000E+00 6.661E+00   0.000000 1.000E+00 1.000E+00
   1 1032600  1     1.800E+02 0.000E+00 2.000E-01 0.000E+00 8.000E-01 0.000E+00
   1      0.000E+00 0.000E+00 0.000E+00 6.944E+00   0.000000 1.000E+00 1.000E+00
   1 1032610  1     2.340E+03 0.000E+00 0.000E+00 0.000E+00 5.000E-01 0.000E+00
   1      0.000E+00 0.000E+00 0.000E+00 4.069E+00   0.000000 1.000E+00 1.000E+00
   1 1032620  1     1.440E+04 0.000E+00 4.500E-01 0.000E+00 4.500E-01 0.000E+00
   1      0.000E+00 0.000E+00 0.000E+00 4.254E+00   0.000000 1.000E+00 1.000E+00
   1 1032630  1     1.800E+04 0.000E+00 0.000E+00 0.000E+00 1.000E+00 0.000E+00
   1      0.000E+00 0.000E+00 0.000E+00 7.625E+00   0.000000 1.000E+00 1.000E+00
   1 1042530  1     1.300E-02 0.000E+00 0.000E+00 0.000E+00 5.000E-01 0.000E+00
   1      0.000E+00 0.000E+00 0.000E+00 4.773E+00   0.000000 1.000E+00 1.000E+00
   1 1042540  1     2.300E-05 0.000E+00 0.000E+00 0.000E+00 1.500E-02 0.000E+00
   1      0.000E+00 0.000E+00 0.000E+00 1.406E-01   0.000000 1.000E+00 1.000E+00
   1 1042550  1     1.640E+00 0.000E+00 0.000E+00 0.000E+00 4.800E-01 0.000E+00
   1      0.000E+00 0.000E+00 0.000E+00 4.298E+00   0.000000 1.000E+00 1.000E+00
   1 1042551  1     1.000E+00 0.000E+00 0.000E+00 0.000E+00 1.000E+00 0.000E+00
   1      0.000E+00 0.000E+00 0.000E+00 9.065E+00   0.000000 1.000E+00 1.000E+00
   1 1042560  1     6.450E-03 0.000E+00 0.000E+00 0.000E+00 3.200E-03 0.000E+00
   1      0.000E+00 0.000E+00 0.000E+00 2.858E-02   0.000000 1.000E+00 1.000E+00
   1 1042570  1     4.700E+00 0.000E+00 1.100E-01 0.000E+00 8.760E-01 0.000E+00
   1      0.000E+00 0.000E+00 0.000E+00 8.149E+00   0.000000 1.000E+00 1.000E+00
   1 1042571  1     3.900E+00 0.000E+00 0.000E+00 0.000E+00 9.930E-01 0.000E+00
   1      0.000E+00 0.000E+00 0.000E+00 9.086E+00   0.000000 1.000E+00 1.000E+00
   1 1042580  1     1.200E-02 0.000E+00 0.000E+00 0.000E+00 1.300E-01 0.000E+00
   1      0.000E+00 0.000E+00 0.000E+00 1.203E+00   0.000000 1.000E+00 1.000E+00
   1 1042590  1     2.800E+00 0.000E+00 2.991E-03 0.000E+00 9.172E-01 0.000E+00
   1      0.000E+00 0.000E+00 0.000E+00 8.371E+00   0.000000 1.000E+00 1.000E+00
   1 1042600  1     2.100E-02 0.000E+00 1.000E-04 0.000E+00 2.000E-02 0.000E+00
   1      0.000E+00 0.000E+00 0.000E+00 1.780E-01   0.000000 1.000E+00 1.000E+00
   1 1042610  1     5.500E+00 0.000E+00 0.000E+00 0.000E+00 6.000E-01 0.000E+00
   1      0.000E+00 0.000E+00 0.000E+00 5.189E+00   0.000000 1.000E+00 1.000E+00
   1 1042611  1     8.100E+01 0.000E+00 1.500E-01 0.000E+00 7.500E-01 0.000E+00
   1      0.000E+00 0.000E+00 0.000E+00 6.722E+00   0.000000 1.000E+00 1.000E+00
   1 1042620  1     2.300E+00 0.000E+00 0.000E+00 0.000E+00 8.000E-03 0.000E+00
   1      0.000E+00 0.000E+00 0.000E+00 6.788E-02   0.000000 1.000E+00 1.000E+00
   1 1042621  1     4.700E-02 0.000E+00 0.000E+00 0.000E+00 0.000E+00 0.000E+00
   1      0.000E+00 0.000E+00 0.000E+00 0.000E+00   0.000000 1.000E+00 1.000E+00
   1 1042630  1     6.600E+02 0.000E+00 0.000E+00 0.000E+00 3.000E-01 0.000E+00
   1      0.000E+00 0.000E+00 0.000E+00 2.492E+00   0.000000 1.000E+00 1.000E+00
   1 1042640  1     3.600E+03 0.000E+00 0.000E+00 0.000E+00 1.000E+00 0.000E+00
   1      0.000E+00 0.000E+00 0.000E+00 8.145E+00   0.000000 1.000E+00 1.000E+00
   1 1042650  1     4.680E+04 0.000E+00 0.000E+00 0.000E+00 1.000E+00 0.000E+00
   1      0.000E+00 0.000E+00 0.000E+00 7.785E+00   0.000000 1.000E+00 1.000E+00
   1 1052550  1     1.700E+00 0.000E+00 0.000E+00 0.000E+00 8.000E-01 0.000E+00
   1      0.000E+00 0.000E+00 0.000E+00 7.772E+00   0.000000 1.000E+00 1.000E+00
   1 1052560  1     1.900E+00 0.000E+00 3.600E-01 0.000E+00 3.200E-01 0.000E+00
   1      0.000E+00 0.000E+00 0.000E+00 4.582E+00   0.000000 1.000E+00 1.000E+00
   1 1052570  1     1.530E+00 0.000E+00 9.901E-03 1.000E+00 9.307E-01 0.000E+00
   1      0.000E+00 0.000E+00 0.000E+00 8.600E+00   0.000000 1.000E+00 1.000E+00
   1 1052571  1     7.900E-01 0.000E+00 9.901E-03 0.000E+00 8.614E-01 0.000E+00
   1      0.000E+00 0.000E+00 0.000E+00 8.049E+00   0.000000 1.000E+00 1.000E+00
   1 1052580  1     4.500E+00 0.000E+00 3.564E-01 0.000E+00 6.337E-01 0.000E+00
   1      0.000E+00 0.000E+00 0.000E+00 7.275E+00   0.000000 1.000E+00 1.000E+00
   1 1052581  1     2.000E+01 0.000E+00 1.000E+00 0.000E+00 0.000E+00 0.000E+00
   1      0.000E+00 0.000E+00 0.000E+00 3.607E+00   0.000000 1.000E+00 1.000E+00
   1 1052590  1     5.100E-01 0.000E+00 0.000E+00 0.000E+00 1.000E+00 0.000E+00
   1      0.000E+00 0.000E+00 0.000E+00 9.615E+00   0.000000 1.000E+00 1.000E+00
   1 1052600  1     1.520E+00 0.000E+00 2.439E-02 0.000E+00 8.820E-01 0.000E+00
   1      0.000E+00 0.000E+00 0.000E+00 8.351E+00   0.000000 1.000E+00 1.000E+00
   1 1052610  1     1.800E+00 0.000E+00 0.000E+00 0.000E+00 8.200E-01 0.000E+00
   1      0.000E+00 0.000E+00 0.000E+00 7.556E+00   0.000000 1.000E+00 1.000E+00
   1 1052620  1     3.500E+01 0.000E+00 3.000E-02 5.000E-01 6.700E-01 0.000E+00
   1      0.000E+00 0.000E+00 0.000E+00 6.105E+00   0.000000 1.000E+00 1.000E+00
   1 1052630  1     2.900E+01 0.000E+00 6.900E-02 0.000E+00 3.710E-01 0.000E+00
   1      0.000E+00 0.000E+00 0.000E+00 3.382E+00   0.000000 1.000E+00 1.000E+00
   1 1052640  1     1.800E+02 0.000E+00 0.000E+00 0.000E+00 1.000E+00 0.000E+00
   1      0.000E+00 0.000E+00 0.000E+00 8.655E+00   0.000000 1.000E+00 1.000E+00
   1 1052650  1     9.000E+02 0.000E+00 0.000E+00 0.000E+00 1.000E+00 0.000E+00
   1      0.000E+00 0.000E+00 0.000E+00 8.495E+00   0.000000 1.000E+00 1.000E+00
   1 1062580  1     3.300E-03 0.000E+00 0.000E+00 0.000E+00 2.000E-01 0.000E+00
   1      0.000E+00 0.000E+00 0.000E+00 1.935E+00   0.000000 1.000E+00 1.000E+00
   1 1062590  1     5.800E-01 0.000E+00 0.000E+00 0.000E+00 8.182E-01 0.000E+00
   1      0.000E+00 0.000E+00 0.000E+00 8.047E+00   0.000000 1.000E+00 1.000E+00
   1 1062600  1     3.800E-03 0.000E+00 0.000E+00 0.000E+00 4.000E-01 0.000E+00
   1      0.000E+00 0.000E+00 0.000E+00 3.968E+00   0.000000 1.000E+00 1.000E+00
   1 1062610  1     2.300E-01 0.000E+00 0.000E+00 0.000E+00 9.900E-01 0.000E+00
   1      0.000E+00 0.000E+00 0.000E+00 9.651E+00   0.000000 1.000E+00 1.000E+00
   1 1062620  1     8.000E-03 0.000E+00 0.000E+00 0.000E+00 2.200E-01 0.000E+00
   1      0.000E+00 0.000E+00 0.000E+00 2.111E+00   0.000000 1.000E+00 1.000E+00
   1 1062630  1     1.000E+00 0.000E+00 0.000E+00 0.000E+00 7.000E-01 0.000E+00
   1      0.000E+00 0.000E+00 0.000E+00 6.577E+00   0.000000 1.000E+00 1.000E+00
   1 1062631  1     1.200E-01 0.000E+00 0.000E+00 0.000E+00 5.000E-01 5.000E-01
   1      0.000E+00 0.000E+00 0.000E+00 4.798E+00   0.000000 1.000E+00 1.000E+00
   1 1062640  1     4.000E-01 0.000E+00 0.000E+00 0.000E+00 1.000E+00 0.000E+00
   1      0.000E+00 0.000E+00 0.000E+00 9.205E+00   0.000000 1.000E+00 1.000E+00
   1 1062650  1     8.000E+00 0.000E+00 0.000E+00 0.000E+00 5.000E-01 0.000E+00
   1      0.000E+00 0.000E+00 0.000E+00 4.505E+00   0.000000 1.000E+00 1.000E+00
   1 1062660  1     2.100E+01 0.000E+00 0.000E+00 0.000E+00 3.400E-01 0.000E+00
   1      0.000E+00 0.000E+00 0.000E+00 2.919E+00   0.000000 1.000E+00 1.000E+00
   1 1062690  1     3.500E+01 0.000E+00 0.000E+00 0.000E+00 1.000E+00 0.000E+00
   1      0.000E+00 0.000E+00 0.000E+00 8.795E+00   0.000000 1.000E+00 1.000E+00
   1 1072600  1     3.000E-04 0.000E+00 0.000E+00 0.000E+00 1.000E+00 0.000E+00
   1      0.000E+00 0.000E+00 0.000E+00 1.047E+01   0.000000 1.000E+00 1.000E+00
   1 1072610  1     1.300E-02 0.000E+00 0.000E+00 0.000E+00 9.048E-01 0.000E+00
   1      0.000E+00 0.000E+00 0.000E+00 9.514E+00   0.000000 1.000E+00 1.000E+00
   1 1072620  1     2.900E-01 0.000E+00 0.000E+00 0.000E+00 8.000E-01 0.000E+00
   1      0.000E+00 0.000E+00 0.000E+00 8.212E+00   0.000000 1.000E+00 1.000E+00
   1 1072621  1     1.400E-02 0.000E+00 0.000E+00 0.000E+00 9.000E-01 0.000E+00
   1      0.000E+00 0.000E+00 0.000E+00 9.509E+00   0.000000 1.000E+00 1.000E+00
   1 1072630  1     2.000E-01 0.000E+00 0.000E+00 0.000E+00 1.000E+00 0.000E+00
   1      0.000E+00 0.000E+00 0.000E+00 1.009E+01   0.000000 1.000E+00 1.000E+00
   1 1072640  1     1.300E+00 0.000E+00 5.000E-01 0.000E+00 5.000E-01 0.000E+00
   1      0.000E+00 0.000E+00 0.000E+00 6.746E+00   0.000000 1.000E+00 1.000E+00
   1 1072650  1     5.000E-01 0.000E+00 0.000E+00 0.000E+00 1.000E+00 0.000E+00
   1      0.000E+00 0.000E+00 0.000E+00 9.765E+00   0.000000 1.000E+00 1.000E+00
   1 1072660  1     5.000E+00 0.000E+00 0.000E+00 0.000E+00 1.000E+00 0.000E+00
   1      0.000E+00 0.000E+00 0.000E+00 9.555E+00   0.000000 1.000E+00 1.000E+00
   1 1072670  1     2.200E+01 0.000E+00 0.000E+00 0.000E+00 1.000E+00 0.000E+00
   1      0.000E+00 0.000E+00 0.000E+00 9.375E+00   0.000000 1.000E+00 1.000E+00
   1 1072690  1     2.500E+01 0.000E+00 0.000E+00 0.000E+00 1.000E+00 0.000E+00
   1      0.000E+00 0.000E+00 0.000E+00 8.835E+00   0.000000 1.000E+00 1.000E+00
   1 1082630  1     1.000E-03 0.000E+00 0.000E+00 0.000E+00 1.000E+00 0.000E+00
   1      0.000E+00 0.000E+00 0.000E+00 1.067E+01   0.000000 1.000E+00 1.000E+00
   1 1082640  1     5.400E-04 0.000E+00 0.000E+00 0.000E+00 5.000E-01 0.000E+00
   1      0.000E+00 0.000E+00 0.000E+00 5.298E+00   0.000000 1.000E+00 1.000E+00
   1 1082650  1     2.100E-03 0.000E+00 0.000E+00 0.000E+00 9.900E-01 0.000E+00
   1      0.000E+00 0.000E+00 0.000E+00 1.048E+01   0.000000 1.000E+00 1.000E+00
   1 1082651  1     7.800E-04 0.000E+00 0.000E+00 0.000E+00 1.000E+00 0.000E+00
   1      0.000E+00 0.000E+00 0.000E+00 1.099E+01   0.000000 1.000E+00 1.000E+00
   1 1082660  1     2.700E-03 0.000E+00 0.000E+00 0.000E+00 9.860E-01 0.000E+00
   1      0.000E+00 0.000E+00 0.000E+00 1.020E+01   0.000000 1.000E+00 1.000E+00
   1 1082670  1     3.200E-02 0.000E+00 0.000E+00 0.000E+00 1.000E+00 0.000E+00
   1      0.000E+00 0.000E+00 0.000E+00 1.002E+01   0.000000 1.000E+00 1.000E+00
   1 1082680  1     2.000E+00 0.000E+00 0.000E+00 0.000E+00 1.000E+00 0.000E+00
   1      0.000E+00 0.000E+00 0.000E+00 9.905E+00   0.000000 1.000E+00 1.000E+00
   1 1082690  1     2.700E+01 0.000E+00 0.000E+00 0.000E+00 1.000E+00 0.000E+00
   1      0.000E+00 0.000E+00 0.000E+00 9.625E+00   0.000000 1.000E+00 1.000E+00
   1 1082730  1     5.000E+01 0.000E+00 0.000E+00 0.000E+00 1.000E+00 0.000E+00
   1      0.000E+00 0.000E+00 0.000E+00 9.905E+00   0.000000 1.000E+00 1.000E+00
   1 1092650  1     2.000E-03 0.000E+00 0.000E+00 0.000E+00 1.000E+00 0.000E+00
   1      0.000E+00 0.000E+00 0.000E+00 1.107E+01   0.000000 1.000E+00 1.000E+00
   1 1092660  1     1.200E-03 0.000E+00 0.000E+00 0.000E+00 9.450E-01 0.000E+00
   1      0.000E+00 0.000E+00 0.000E+00 1.025E+01   0.000000 1.000E+00 1.000E+00
   1 1092661  1     6.000E-03 0.000E+00 0.000E+00 0.000E+00 1.000E+00 0.000E+00
   1      0.000E+00 0.000E+00 0.000E+00 1.208E+01   0.000000 1.000E+00 1.000E+00
   1 1092670  1     1.000E-02 0.000E+00 0.000E+00 0.000E+00 1.000E+00 0.000E+00
   1      0.000E+00 0.000E+00 0.000E+00 1.087E+01   0.000000 1.000E+00 1.000E+00
   1 1092680  1     5.300E-02 0.000E+00 0.000E+00 0.000E+00 1.000E+00 0.000E+00
   1      0.000E+00 0.000E+00 0.000E+00 1.073E+01   0.000000 1.000E+00 1.000E+00
   1 1092690  1     2.000E-01 0.000E+00 0.000E+00 0.000E+00 1.000E+00 0.000E+00
   1      0.000E+00 0.000E+00 0.000E+00 1.054E+01   0.000000 1.000E+00 1.000E+00
   1 1092700  1     2.000E+00 0.000E+00 0.000E+00 0.000E+00 1.000E+00 0.000E+00
   1      0.000E+00 0.000E+00 0.000E+00 1.035E+01   0.000000 1.000E+00 1.000E+00
   1 1092710  1     5.000E+00 0.000E+00 0.000E+00 0.000E+00 1.000E+00 0.000E+00
   1      0.000E+00 0.000E+00 0.000E+00 1.014E+01   0.000000 1.000E+00 1.000E+00
   1 1092730  1     2.000E+01 0.000E+00 0.000E+00 0.000E+00 5.000E-01 0.000E+00
   1      0.000E+00 0.000E+00 0.000E+00 5.413E+00   0.000000 1.000E+00 1.000E+00
   1 1102670  1     1.000E-05 0.000E+00 0.000E+00 0.000E+00 1.000E+00 0.000E+00
   1      0.000E+00 0.000E+00 0.000E+00 1.228E+01   0.000000 1.000E+00 1.000E+00
   1 1102680  1     1.000E-04 0.000E+00 0.000E+00 0.000E+00 1.000E+00 0.000E+00
   1      0.000E+00 0.000E+00 0.000E+00 1.192E+01   0.000000 1.000E+00 1.000E+00
   1 1102690  1     2.300E-04 0.000E+00 0.000E+00 0.000E+00 1.000E+00 0.000E+00
   1      0.000E+00 0.000E+00 0.000E+00 1.119E+01   0.000000 1.000E+00 1.000E+00
   1 1102700  1     1.600E-04 0.000E+00 0.000E+00 0.000E+00 9.980E-01 0.000E+00
   1      0.000E+00 0.000E+00 0.000E+00 1.117E+01   0.000000 1.000E+00 1.000E+00
   1 1102701  1     1.000E-02 0.000E+00 0.000E+00 0.000E+00 5.000E-01 5.000E-01
   1      0.000E+00 0.000E+00 0.000E+00 6.738E+00   0.000000 1.000E+00 1.000E+00
   1 1102710  1     2.100E-01 0.000E+00 0.000E+00 0.000E+00 1.000E+00 0.000E+00
   1      0.000E+00 0.000E+00 0.000E+00 1.088E+01   0.000000 1.000E+00 1.000E+00
   1 1102711  1     1.300E-03 0.000E+00 0.000E+00 0.000E+00 1.000E+00 0.000E+00
   1      0.000E+00 0.000E+00 0.000E+00 1.090E+01   0.000000 1.000E+00 1.000E+00
   1 1102720  1     1.000E+00 0.000E+00 0.000E+00 0.000E+00 0.000E+00 0.000E+00
   1      0.000E+00 0.000E+00 0.000E+00 0.000E+00   0.000000 1.000E+00 1.000E+00
   1 1102730  1     3.600E-04 0.000E+00 0.000E+00 0.000E+00 1.000E+00 0.000E+00
   1      0.000E+00 0.000E+00 0.000E+00 1.138E+01   0.000000 1.000E+00 1.000E+00
   1 1102731  1     1.200E-01 0.000E+00 0.000E+00 0.000E+00 1.000E+00 0.000E+00
   1      0.000E+00 0.000E+00 0.000E+00 1.157E+01   0.000000 1.000E+00 1.000E+00
   1 1112720  1     2.000E-03 0.000E+00 0.000E+00 0.000E+00 1.000E+00 0.000E+00
   1      0.000E+00 0.000E+00 0.000E+00 1.145E+01   0.000000 1.000E+00 1.000E+00
  -1
