   1  DECAY DATA LIBRARY
   1   10010  6     0.000E+00 0.000E+00 0.000E+00 0.000E+00 0.000E+00 0.000E+00
   1      0.000E+00 0.000E+00 0.000E+00 0.000E+00  99.985000 1.000E+00 1.000E+00
   1   10020  6     0.000E+00 0.000E+00 0.000E+00 0.000E+00 0.000E+00 0.000E+00
   1      0.000E+00 0.000E+00 0.000E+00 0.000E+00   0.015000 1.000E+00 1.000E+00
   1   10030  1     3.891E+08 0.000E+00 0.000E+00 0.000E+00 0.000E+00 0.000E+00
   1      1.000E+00 0.000E+00 0.000E+00 5.707E-03   0.000000 1.000E+00 1.000E+00
   1   20030  6     0.000E+00 0.000E+00 0.000E+00 0.000E+00 0.000E+00 0.000E+00
   1      0.000E+00 0.000E+00 0.000E+00 0.000E+00   0.000137 1.000E+00 1.000E+00
   1   20040  6     0.000E+00 0.000E+00 0.000E+00 0.000E+00 0.000E+00 0.000E+00
   1      0.000E+00 0.000E+00 0.000E+00 0.000E+00  99.999863 1.000E+00 1.000E+00
   1   20060  1     8.081E-01 0.000E+00 0.000E+00 0.000E+00 0.000E+00 0.000E+00
   1      1.000E+00 0.000E+00 0.000E+00 1.567E+00   0.000000 1.000E+00 1.000E+00
   1   30050  1     3.700E-22 0.000E+00 0.000E+00 0.000E+00 0.000E+00 0.000E+00
   1      0.000E+00 0.000E+00 0.000E+00 1.966E+00   0.000000 1.000E+00 1.000E+00
   1   30060  6     0.000E+00 0.000E+00 0.000E+00 0.000E+00 0.000E+00 0.000E+00
   1      0.000E+00 0.000E+00 0.000E+00 0.000E+00   7.500000 1.000E+00 1.000E+00
   1   30070  6     0.000E+00 0.000E+00 0.000E+00 0.000E+00 0.000E+00 0.000E+00
   1      0.000E+00 0.000E+00 0.000E+00 0.000E+00  92.500000 1.000E+00 1.000E+00
   1   30080  1     8.380E-01 0.000E+00 0.000E+00 0.000E+00 0.000E+00 0.000E+00
   1      0.000E+00 0.000E+00 0.000E+00 9.363E+00   0.000000 1.000E+00 1.000E+00    1 1.000E+00 1.400E+00 1.000E+00
   1   30090  1     1.783E-01 0.000E+00 0.000E+00 0.000E+00 0.000E+00 0.000E+00
   1      5.050E-01 0.000E+00 4.950E-01 5.726E+00   0.000000 1.000E+00 1.000E+00
   1   40060  1     5.000E-21 0.000E+00 0.000E+00 0.000E+00 0.000E+00 0.000E+00
   1      0.000E+00 0.000E+00 0.000E+00 1.372E+00   0.000000 1.000E+00 1.000E+00    1 1.000E+00 7.700E+00 1.000E+00
   1   40070  1     4.598E+06 0.000E+00 1.000E+00 0.000E+00 0.000E+00 0.000E+00
   1      0.000E+00 0.000E+00 0.000E+00 4.989E-02   0.000000 1.000E+00 1.000E+00
   1   40080  1     7.000E-17 0.000E+00 0.000E+00 0.000E+00 1.000E+00 0.000E+00
   1      0.000E+00 0.000E+00 0.000E+00 9.190E-02   0.000000 1.000E+00 1.000E+00
   1   40090  6     0.000E+00 0.000E+00 0.000E+00 0.000E+00 0.000E+00 0.000E+00
   1      0.000E+00 0.000E+00 0.000E+00 0.000E+00 100.000000 1.000E+00 1.000E+00
   1   40100  1     5.049E+13 0.000E+00 0.000E+00 0.000E+00 0.000E+00 0.000E+00
   1      1.000E+00 0.000E+00 0.000E+00 2.522E-01   0.000000 1.000E+00 1.000E+00
   1   40110  1     1.381E+01 0.000E+00 0.000E+00 0.000E+00 0.000E+00 0.000E+00
   1      9.700E-01 0.000E+00 0.000E+00 6.102E+00   0.000000 1.000E+00 1.000E+00    1 3.000E-02 1.400E+00 1.000E+00
   1   40120  1     2.130E-02 0.000E+00 0.000E+00 0.000E+00 0.000E+00 0.000E+00
   1      1.000E+00 0.000E+00 0.000E+00 5.627E+00   0.000000 1.000E+00 1.000E+00
   1   40130  1     5.000E-10 0.000E+00 0.000E+00 0.000E+00 0.000E+00 0.000E+00
   1      0.000E+00 0.000E+00 0.000E+00 1.017E-01   0.000000 1.000E+00 1.000E+00
   1   50080  1     7.700E-01 0.000E+00 0.000E+00 0.000E+00 0.000E+00 0.000E+00
   1      0.000E+00 0.000E+00 0.000E+00 1.355E+01   0.000000 1.000E+00 1.000E+00    1 1.000E+00 2.400E+00 1.000E+00
   1   50090  1     8.000E-19 0.000E+00 0.000E+00 0.000E+00 0.000E+00 0.000E+00
   1      0.000E+00 0.000E+00 0.000E+00 1.850E-01   0.000000 1.000E+00 1.000E+00
   1   50100  6     0.000E+00 0.000E+00 0.000E+00 0.000E+00 0.000E+00 0.000E+00
   1      0.000E+00 0.000E+00 0.000E+00 0.000E+00  19.900000 1.000E+00 1.000E+00
   1   50110  6     0.000E+00 0.000E+00 0.000E+00 0.000E+00 0.000E+00 0.000E+00
   1      0.000E+00 0.000E+00 0.000E+00 0.000E+00  80.100000 1.000E+00 1.000E+00
   1   50120  1     2.020E-02 0.000E+00 0.000E+00 0.000E+00 0.000E+00 0.000E+00
   1      9.842E-01 0.000E+00 0.000E+00 6.406E+00   0.000000 1.000E+00 1.000E+00    1 1.580E-02 1.400E+00 1.000E+00
   1   50130  1     1.733E-02 0.000E+00 0.000E+00 0.000E+00 0.000E+00 0.000E+00
   1      9.972E-01 0.000E+00 2.760E-03 6.602E+00   0.000000 1.000E+00 1.000E+00
   1   50140  1     1.250E-02 0.000E+00 0.000E+00 0.000E+00 0.000E+00 0.000E+00
   1      1.000E+00 0.000E+00 0.000E+00 1.304E+01   0.000000 1.000E+00 1.000E+00
   1   50150  1     9.870E-03 0.000E+00 0.000E+00 0.000E+00 0.000E+00 0.000E+00
   1      6.000E-02 0.000E+00 9.360E-01 1.335E+01   0.000000 1.000E+00 1.000E+00    1 4.000E-03 1.550E+00 1.000E+00
   1   60090  1     1.265E-01 0.000E+00 6.000E-01 0.000E+00 0.000E+00 0.000E+00
   1      0.000E+00 0.000E+00 0.000E+00 1.136E+01   0.000000 1.000E+00 1.000E+00    2 2.300E-01 2.700E+00 1.000E+00 1.700E-01 2.400E+00 1.000E+00
   1   60100  1     1.925E+01 0.000E+00 1.000E+00 0.000E+00 0.000E+00 0.000E+00
   1      0.000E+00 0.000E+00 0.000E+00 2.553E+00   0.000000 1.000E+00 1.000E+00
   1   60110  1     1.222E+03 0.000E+00 1.000E+00 0.000E+00 0.000E+00 0.000E+00
   1      0.000E+00 0.000E+00 0.000E+00 1.404E+00   0.000000 1.000E+00 1.000E+00
   1   60120  6     0.000E+00 0.000E+00 0.000E+00 0.000E+00 0.000E+00 0.000E+00
   1      0.000E+00 0.000E+00 0.000E+00 0.000E+00  98.890000 1.000E+00 1.000E+00
   1   60130  6     0.000E+00 0.000E+00 0.000E+00 0.000E+00 0.000E+00 0.000E+00
   1      0.000E+00 0.000E+00 0.000E+00 0.000E+00   1.110000 1.000E+00 1.000E+00
   1   60140  1     1.799E+11 0.000E+00 0.000E+00 0.000E+00 0.000E+00 0.000E+00
   1      1.000E+00 0.000E+00 0.000E+00 4.947E-02   0.000000 1.000E+00 1.000E+00
   1   60150  1     2.449E+00 0.000E+00 0.000E+00 0.000E+00 0.000E+00 0.000E+00
   1      1.000E+00 0.000E+00 0.000E+00 6.478E+00   0.000000 1.000E+00 1.000E+00
   1   60160  1     7.470E-01 0.000E+00 0.000E+00 0.000E+00 0.000E+00 0.000E+00
   1      2.100E-02 0.000E+00 9.790E-01 4.166E+00   0.000000 1.000E+00 1.000E+00
   1   60170  1     1.930E-01 0.000E+00 0.000E+00 0.000E+00 0.000E+00 0.000E+00
   1      7.160E-01 0.000E+00 2.840E-01 7.837E+00   0.000000 1.000E+00 1.000E+00
   1   70110  1     5.900E-22 0.000E+00 0.000E+00 0.000E+00 0.000E+00 0.000E+00
   1      0.000E+00 0.000E+00 0.000E+00 1.312E+00   0.000000 1.000E+00 1.000E+00
   1   70120  1     1.100E-02 0.000E+00 1.000E+00 0.000E+00 0.000E+00 0.000E+00
   1      0.000E+00 0.000E+00 0.000E+00 8.944E+00   0.000000 1.000E+00 1.000E+00
   1   70130  1     5.980E+02 0.000E+00 1.000E+00 0.000E+00 0.000E+00 0.000E+00
   1      0.000E+00 0.000E+00 0.000E+00 1.511E+00   0.000000 1.000E+00 1.000E+00
   1   70140  6     0.000E+00 0.000E+00 0.000E+00 0.000E+00 0.000E+00 0.000E+00
   1      0.000E+00 0.000E+00 0.000E+00 0.000E+00  99.634000 1.000E+00 1.000E+00
   1   70150  6     0.000E+00 0.000E+00 0.000E+00 0.000E+00 0.000E+00 0.000E+00
   1      0.000E+00 0.000E+00 0.000E+00 0.000E+00   0.366000 1.000E+00 1.000E+00
   1   70160  1     7.130E+00 0.000E+00 0.000E+00 0.000E+00 0.000E+00 0.000E+00
   1      1.000E+00 0.000E+00 0.000E+00 7.301E+00   0.000000 1.000E+00 1.000E+00    1 1.200E-05 1.400E+00 1.000E+00
   1   70170  1     4.170E+00 0.000E+00 0.000E+00 0.000E+00 0.000E+00 0.000E+00
   1      5.000E-02 0.000E+00 9.500E-01 2.643E+00   0.000000 1.000E+00 1.000E+00    1 2.500E-05 1.400E+00 1.000E+00
   1   70180  1     6.300E-01 0.000E+00 0.000E+00 0.000E+00 0.000E+00 0.000E+00
   1      1.000E+00 0.000E+00 0.000E+00 9.133E+00   0.000000 1.000E+00 1.000E+00
   1   70190  1     2.710E-01 0.000E+00 0.000E+00 0.000E+00 0.000E+00 0.000E+00
   1      4.540E-01 0.000E+00 5.460E-01 7.302E+00   0.000000 1.000E+00 1.000E+00
   1   70200  1     1.300E-01 0.000E+00 0.000E+00 0.000E+00 0.000E+00 0.000E+00
   1      4.300E-01 0.000E+00 5.700E-01 9.583E+00   0.000000 1.000E+00 1.000E+00
   1   80140  1     7.061E+01 0.000E+00 1.000E+00 0.000E+00 0.000E+00 0.000E+00
   1      0.000E+00 0.000E+00 0.000E+00 4.096E+00   0.000000 1.000E+00 1.000E+00
   1   80150  1     1.225E+02 0.000E+00 1.000E+00 0.000E+00 0.000E+00 0.000E+00
   1      0.000E+00 0.000E+00 0.000E+00 1.756E+00   0.000000 1.000E+00 1.000E+00
   1   80160  6     0.000E+00 0.000E+00 0.000E+00 0.000E+00 0.000E+00 0.000E+00
   1      0.000E+00 0.000E+00 0.000E+00 0.000E+00  99.762000 1.000E+00 1.000E+00
   1   80170  6     0.000E+00 0.000E+00 0.000E+00 0.000E+00 0.000E+00 0.000E+00
   1      0.000E+00 0.000E+00 0.000E+00 0.000E+00   0.038000 1.000E+00 1.000E+00
   1   80180  6     0.000E+00 0.000E+00 0.000E+00 0.000E+00 0.000E+00 0.000E+00
   1      0.000E+00 0.000E+00 0.000E+00 0.000E+00   0.200000 1.000E+00 1.000E+00
   1   80190  1     2.691E+01 0.000E+00 0.000E+00 0.000E+00 0.000E+00 0.000E+00
   1      1.000E+00 0.000E+00 0.000E+00 2.714E+00   0.000000 1.000E+00 1.000E+00
   1   80200  1     1.351E+01 0.000E+00 0.000E+00 0.000E+00 0.000E+00 0.000E+00
   1      1.000E+00 0.000E+00 0.000E+00 2.255E+00   0.000000 1.000E+00 1.000E+00
   1   80210  1     3.420E+00 0.000E+00 0.000E+00 0.000E+00 0.000E+00 0.000E+00
   1      1.000E+00 0.000E+00 0.000E+00 5.395E+00   0.000000 1.000E+00 1.000E+00
   1   80220  1     2.250E+00 0.000E+00 0.000E+00 0.000E+00 0.000E+00 0.000E+00
   1      7.800E-01 0.000E+00 2.200E-01 3.581E+00   0.000000 1.000E+00 1.000E+00
   1   90150  1     4.100E-22 0.000E+00 0.000E+00 0.000E+00 0.000E+00 0.000E+00
   1      0.000E+00 0.000E+00 0.000E+00 1.484E+00   0.000000 1.000E+00 1.000E+00
   1   90160  1     1.100E-20 0.000E+00 0.000E+00 0.000E+00 0.000E+00 0.000E+00
   1      0.000E+00 0.000E+00 0.000E+00 5.354E-01   0.000000 1.000E+00 1.000E+00
   1   90170  1     6.449E+01 0.000E+00 1.000E+00 0.000E+00 0.000E+00 0.000E+00
   1      0.000E+00 0.000E+00 0.000E+00 1.759E+00   0.000000 1.000E+00 1.000E+00
   1   90180  1     6.584E+03 0.000E+00 1.000E+00 0.000E+00 0.000E+00 0.000E+00
   1      0.000E+00 0.000E+00 0.000E+00 1.232E+00   0.000000 1.000E+00 1.000E+00
   1   90190  6     0.000E+00 0.000E+00 0.000E+00 0.000E+00 0.000E+00 0.000E+00
   1      0.000E+00 0.000E+00 0.000E+00 0.000E+00 100.000000 1.000E+00 1.000E+00
   1   90200  1     1.103E+01 0.000E+00 0.000E+00 0.000E+00 0.000E+00 0.000E+00
   1      1.000E+00 0.000E+00 0.000E+00 4.112E+00   0.000000 1.000E+00 1.000E+00
   1   90210  1     4.158E+00 0.000E+00 0.000E+00 0.000E+00 0.000E+00 0.000E+00
   1      1.000E+00 0.000E+00 0.000E+00 2.899E+00   0.000000 1.000E+00 1.000E+00
   1   90220  1     4.230E+00 0.000E+00 0.000E+00 0.000E+00 0.000E+00 0.000E+00
   1      1.000E+00 0.000E+00 0.000E+00 8.078E+00   0.000000 1.000E+00 1.000E+00
   1   90230  1     2.230E+00 0.000E+00 0.000E+00 0.000E+00 0.000E+00 0.000E+00
   1      1.000E+00 0.000E+00 0.000E+00 5.252E+00   0.000000 1.000E+00 1.000E+00
   1   90240  1     4.000E-01 0.000E+00 0.000E+00 0.000E+00 0.000E+00 0.000E+00
   1      1.000E+00 0.000E+00 0.000E+00 8.090E+00   0.000000 1.000E+00 1.000E+00
   1  100170  1     1.092E-01 0.000E+00 1.300E-02 0.000E+00 0.000E+00 0.000E+00
   1      0.000E+00 0.000E+00 0.000E+00 1.032E+01   0.000000 1.000E+00 1.000E+00    2 9.600E-01 2.700E+00 1.000E+00 2.700E-02 2.400E+00 1.000E+00
   1  100180  1     1.672E+00 0.000E+00 1.000E+00 0.000E+00 0.000E+00 0.000E+00
   1      0.000E+00 0.000E+00 0.000E+00 2.604E+00   0.000000 1.000E+00 1.000E+00
   1  100190  1     1.722E+01 0.000E+00 1.000E+00 0.000E+00 0.000E+00 0.000E+00
   1      0.000E+00 0.000E+00 0.000E+00 1.983E+00   0.000000 1.000E+00 1.000E+00
   1  100200  6     0.000E+00 0.000E+00 0.000E+00 0.000E+00 0.000E+00 0.000E+00
   1      0.000E+00 0.000E+00 0.000E+00 0.000E+00  90.480000 1.000E+00 1.000E+00
   1  100210  6     0.000E+00 0.000E+00 0.000E+00 0.000E+00 0.000E+00 0.000E+00
   1      0.000E+00 0.000E+00 0.000E+00 0.000E+00   0.270000 1.000E+00 1.000E+00
   1  100220  6     0.000E+00 0.000E+00 0.000E+00 0.000E+00 0.000E+00 0.000E+00
   1      0.000E+00 0.000E+00 0.000E+00 0.000E+00   9.250000 1.000E+00 1.000E+00
   1  100230  1     3.720E+01 0.000E+00 0.000E+00 0.000E+00 0.000E+00 0.000E+00
   1      1.000E+00 0.000E+00 0.000E+00 2.063E+00   0.000000 1.000E+00 1.000E+00
   1  100240  1     2.028E+02 0.000E+00 0.000E+00 0.000E+00 0.000E+00 0.000E+00
   1      1.000E+00 0.000E+00 0.000E+00 1.344E+00   0.000000 1.000E+00 1.000E+00
   1  100250  1     6.020E-01 0.000E+00 0.000E+00 0.000E+00 0.000E+00 0.000E+00
   1      1.000E+00 0.000E+00 0.000E+00 3.824E+00   0.000000 1.000E+00 1.000E+00
   1  100260  1     1.970E-01 0.000E+00 0.000E+00 0.000E+00 0.000E+00 0.000E+00
   1      1.000E+00 0.000E+00 0.000E+00 2.179E-03   0.000000 1.000E+00 1.000E+00
   1  100270  1     3.200E-02 0.000E+00 0.000E+00 0.000E+00 0.000E+00 0.000E+00
   1      9.800E-01 0.000E+00 2.000E-02 8.311E+00   0.000000 1.000E+00 1.000E+00
   1  110200  1     4.460E-01 0.000E+00 1.000E+00 0.000E+00 0.000E+00 0.000E+00
   1      0.000E+00 0.000E+00 0.000E+00 7.111E+00   0.000000 1.000E+00 1.000E+00
   1  110210  1     2.249E+01 0.000E+00 1.000E+00 0.000E+00 0.000E+00 0.000E+00
   1      0.000E+00 0.000E+00 0.000E+00 2.138E+00   0.000000 1.000E+00 1.000E+00
   1  110220  1     8.213E+07 0.000E+00 1.000E+00 0.000E+00 0.000E+00 0.000E+00
   1      0.000E+00 0.000E+00 0.000E+00 2.387E+00   0.000000 1.000E+00 1.000E+00
   1  110230  6     0.000E+00 0.000E+00 0.000E+00 0.000E+00 0.000E+00 0.000E+00
   1      0.000E+00 0.000E+00 0.000E+00 0.000E+00 100.000000 1.000E+00 1.000E+00
   1  110240  1     5.385E+04 0.000E+00 0.000E+00 0.000E+00 0.000E+00 0.000E+00
   1      1.000E+00 0.000E+00 0.000E+00 4.676E+00   0.000000 1.000E+00 1.000E+00
   1  110241  1     2.020E-02 0.000E+00 0.000E+00 0.000E+00 0.000E+00 9.950E-01
   1      5.000E-03 0.000E+00 0.000E+00 4.838E-01   0.000000 1.000E+00 1.000E+00
   1  110250  1     5.960E+01 0.000E+00 0.000E+00 0.000E+00 0.000E+00 0.000E+00
   1      1.000E+00 0.000E+00 0.000E+00 1.933E+00   0.000000 1.000E+00 1.000E+00
   1  110260  1     1.080E+00 0.000E+00 0.000E+00 0.000E+00 0.000E+00 0.000E+00
   1      1.000E+00 0.000E+00 0.000E+00 5.510E+00   0.000000 1.000E+00 1.000E+00
   1  110270  1     3.010E-01 0.000E+00 0.000E+00 0.000E+00 0.000E+00 0.000E+00
   1      1.000E+00 0.000E+00 0.000E+00 4.785E+00   0.000000 1.000E+00 1.000E+00
   1  110280  1     3.050E-02 0.000E+00 0.000E+00 0.000E+00 0.000E+00 0.000E+00
   1      1.000E+00 0.000E+00 0.000E+00 7.274E+00   0.000000 1.000E+00 1.000E+00
   1  110290  1     4.490E-02 0.000E+00 0.000E+00 0.000E+00 0.000E+00 0.000E+00
   1      7.410E-01 0.000E+00 2.590E-01 8.429E+00   0.000000 1.000E+00 1.000E+00
   1  110300  1     4.840E-02 0.000E+00 0.000E+00 0.000E+00 0.000E+00 0.000E+00
   1      6.883E-01 0.000E+00 3.000E-01 1.044E+01   0.000000 1.000E+00 1.000E+00    2 1.170E-02 1.550E+00 1.000E+00 5.500E-07 1.400E+00 1.000E+00
   1  120210  1     1.220E-01 0.000E+00 7.070E-01 0.000E+00 0.000E+00 0.000E+00
   1      0.000E+00 0.000E+00 0.000E+00 6.213E+00   0.000000 1.000E+00 1.000E+00    1 2.930E-01 2.700E+00 1.000E+00
   1  120220  1     3.857E+00 0.000E+00 1.000E+00 0.000E+00 0.000E+00 0.000E+00
   1      0.000E+00 0.000E+00 0.000E+00 3.092E+00   0.000000 1.000E+00 1.000E+00
   1  120230  1     1.132E+01 0.000E+00 1.000E+00 0.000E+00 0.000E+00 0.000E+00
   1      0.000E+00 0.000E+00 0.000E+00 2.394E+00   0.000000 1.000E+00 1.000E+00
   1  120240  6     0.000E+00 0.000E+00 0.000E+00 0.000E+00 0.000E+00 0.000E+00
   1      0.000E+00 0.000E+00 0.000E+00 0.000E+00  78.990000 1.000E+00 1.000E+00
   1  120250  6     0.000E+00 0.000E+00 0.000E+00 0.000E+00 0.000E+00 0.000E+00
   1      0.000E+00 0.000E+00 0.000E+00 0.000E+00  10.000000 1.000E+00 1.000E+00
   1  120260  6     0.000E+00 0.000E+00 0.000E+00 0.000E+00 0.000E+00 0.000E+00
   1      0.000E+00 0.000E+00 0.000E+00 0.000E+00  11.010000 1.000E+00 1.000E+00
   1  120270  1     5.675E+02 0.000E+00 0.000E+00 0.000E+00 0.000E+00 0.000E+00
   1      1.000E+00 0.000E+00 0.000E+00 1.595E+00   0.000000 1.000E+00 1.000E+00
   1  120280  1     7.524E+04 0.000E+00 0.000E+00 0.000E+00 0.000E+00 0.000E+00
   1      1.000E+00 0.000E+00 0.000E+00 1.578E+00   0.000000 1.000E+00 1.000E+00
   1  120290  1     1.300E+00 0.000E+00 0.000E+00 0.000E+00 0.000E+00 0.000E+00
   1      1.000E+00 0.000E+00 0.000E+00 4.494E+00   0.000000 1.000E+00 1.000E+00
   1  120300  1     3.350E-01 0.000E+00 0.000E+00 0.000E+00 0.000E+00 0.000E+00
   1      9.994E-01 0.000E+00 6.000E-04 4.638E+00   0.000000 1.000E+00 1.000E+00
   1  120310  1     2.300E-01 0.000E+00 0.000E+00 0.000E+00 0.000E+00 0.000E+00
   1      9.380E-01 0.000E+00 6.200E-02 7.553E+00   0.000000 1.000E+00 1.000E+00
   1  130230  1     4.700E-01 0.000E+00 9.200E-01 0.000E+00 0.000E+00 0.000E+00
   1      0.000E+00 0.000E+00 0.000E+00 7.789E+00   0.000000 1.000E+00 1.000E+00    1 8.000E-02 2.700E+00 1.000E+00
   1  130240  1     2.053E+00 0.000E+00 1.000E+00 0.000E+00 0.000E+00 0.000E+00
   1      0.000E+00 0.000E+00 0.000E+00 1.153E+01   0.000000 1.000E+00 1.000E+00
   1  130241  1     1.300E-01 0.000E+00 7.000E-02 0.000E+00 0.000E+00 9.300E-01
   1      0.000E+00 0.000E+00 0.000E+00 9.780E-01   0.000000 1.000E+00 1.000E+00
   1  130250  1     7.183E+00 0.000E+00 1.000E+00 0.000E+00 0.000E+00 0.000E+00
   1      0.000E+00 0.000E+00 0.000E+00 2.488E+00   0.000000 1.000E+00 1.000E+00
   1  130260  1     2.263E+13 0.000E+00 1.000E+00 0.000E+00 0.000E+00 0.000E+00
   1      0.000E+00 0.000E+00 0.000E+00 3.074E+00   0.000000 1.000E+00 1.000E+00
   1  130261  1     6.345E+00 0.000E+00 1.000E+00 0.000E+00 0.000E+00 0.000E+00
   1      0.000E+00 0.000E+00 0.000E+00 2.460E+00   0.000000 1.000E+00 1.000E+00
   1  130270  6     0.000E+00 0.000E+00 0.000E+00 0.000E+00 0.000E+00 0.000E+00
   1      0.000E+00 0.000E+00 0.000E+00 0.000E+00 100.000000 1.000E+00 1.000E+00
   1  130280  1     1.345E+02 0.000E+00 0.000E+00 0.000E+00 0.000E+00 0.000E+00
   1      1.000E+00 0.000E+00 0.000E+00 3.020E+00   0.000000 1.000E+00 1.000E+00
   1  130290  1     3.936E+02 0.000E+00 0.000E+00 0.000E+00 0.000E+00 0.000E+00
   1      1.000E+00 0.000E+00 0.000E+00 2.354E+00   0.000000 1.000E+00 1.000E+00
   1  130300  1     3.650E+00 0.000E+00 0.000E+00 0.000E+00 0.000E+00 0.000E+00
   1      1.000E+00 0.000E+00 0.000E+00 5.803E+00   0.000000 1.000E+00 1.000E+00
   1  130310  1     6.440E-01 0.000E+00 0.000E+00 0.000E+00 0.000E+00 0.000E+00
   1      1.000E+00 0.000E+00 0.000E+00 4.097E+00   0.000000 1.000E+00 1.000E+00
   1  130320  1     3.300E-02 0.000E+00 0.000E+00 0.000E+00 0.000E+00 0.000E+00
   1      1.000E+00 0.000E+00 0.000E+00 6.445E+00   0.000000 1.000E+00 1.000E+00
   1  130330  1     4.170E-02 0.000E+00 0.000E+00 0.000E+00 0.000E+00 0.000E+00
   1      9.150E-01 0.000E+00 8.500E-02 7.774E+00   0.000000 1.000E+00 1.000E+00
   1  130340  1     5.630E-02 0.000E+00 0.000E+00 0.000E+00 0.000E+00 0.000E+00
   1      8.750E-01 0.000E+00 1.250E-01 1.082E+01   0.000000 1.000E+00 1.000E+00
   1  140250  1     2.200E-01 0.000E+00 1.000E+00 0.000E+00 0.000E+00 0.000E+00
   1      0.000E+00 0.000E+00 0.000E+00 3.351E+00   0.000000 1.000E+00 1.000E+00
   1  140260  1     2.234E+00 0.000E+00 1.000E+00 9.996E-01 0.000E+00 0.000E+00
   1      0.000E+00 0.000E+00 0.000E+00 2.875E+00   0.000000 1.000E+00 1.000E+00
   1  140270  1     4.170E+00 0.000E+00 1.000E+00 0.000E+00 0.000E+00 0.000E+00
   1      0.000E+00 0.000E+00 0.000E+00 2.742E+00   0.000000 1.000E+00 1.000E+00
   1  140280  6     0.000E+00 0.000E+00 0.000E+00 0.000E+00 0.000E+00 0.000E+00
   1      0.000E+00 0.000E+00 0.000E+00 0.000E+00  92.230000 1.000E+00 1.000E+00
   1  140290  6     0.000E+00 0.000E+00 0.000E+00 0.000E+00 0.000E+00 0.000E+00
   1      0.000E+00 0.000E+00 0.000E+00 0.000E+00   4.670000 1.000E+00 1.000E+00
   1  140300  6     0.000E+00 0.000E+00 0.000E+00 0.000E+00 0.000E+00 0.000E+00
   1      0.000E+00 0.000E+00 0.000E+00 0.000E+00   3.100000 1.000E+00 1.000E+00
   1  140310  1     9.432E+03 0.000E+00 0.000E+00 0.000E+00 0.000E+00 0.000E+00
   1      1.000E+00 0.000E+00 0.000E+00 5.959E-01   0.000000 1.000E+00 1.000E+00
   1  140320  1     4.166E+09 0.000E+00 0.000E+00 0.000E+00 0.000E+00 0.000E+00
   1      1.000E+00 0.000E+00 0.000E+00 6.468E-02   0.000000 1.000E+00 1.000E+00
   1  140330  1     6.180E+00 0.000E+00 0.000E+00 0.000E+00 0.000E+00 0.000E+00
   1      1.000E+00 0.000E+00 0.000E+00 4.300E+00   0.000000 1.000E+00 1.000E+00
   1  140340  1     2.770E+00 0.000E+00 0.000E+00 0.000E+00 0.000E+00 0.000E+00
   1      1.000E+00 0.000E+00 0.000E+00 2.290E+00   0.000000 1.000E+00 1.000E+00
   1  140350  1     7.800E-01 0.000E+00 0.000E+00 0.000E+00 0.000E+00 0.000E+00
   1      1.000E+00 0.000E+00 0.000E+00 7.143E+00   0.000000 1.000E+00 1.000E+00
   1  140360  1     4.500E-01 0.000E+00 0.000E+00 0.000E+00 0.000E+00 0.000E+00
   1      1.000E+00 0.000E+00 0.000E+00 4.741E+00   0.000000 1.000E+00 1.000E+00
   1  150280  1     2.703E-01 0.000E+00 1.000E+00 0.000E+00 0.000E+00 0.000E+00
   1      0.000E+00 0.000E+00 0.000E+00 9.321E+00   0.000000 1.000E+00 1.000E+00
   1  150290  1     4.140E+00 0.000E+00 1.000E+00 0.000E+00 0.000E+00 0.000E+00
   1      0.000E+00 0.000E+00 0.000E+00 4.171E+00   0.000000 1.000E+00 1.000E+00
   1  150300  1     1.499E+02 0.000E+00 1.000E+00 0.000E+00 0.000E+00 0.000E+00
   1      0.000E+00 0.000E+00 0.000E+00 2.458E+00   0.000000 1.000E+00 1.000E+00
   1  150310  6     0.000E+00 0.000E+00 0.000E+00 0.000E+00 0.000E+00 0.000E+00
   1      0.000E+00 0.000E+00 0.000E+00 0.000E+00 100.000000 1.000E+00 1.000E+00
   1  150320  1     1.233E+06 0.000E+00 0.000E+00 0.000E+00 0.000E+00 0.000E+00
   1      1.000E+00 0.000E+00 0.000E+00 6.946E-01   0.000000 1.000E+00 1.000E+00
   1  150330  1     2.193E+06 0.000E+00 0.000E+00 0.000E+00 0.000E+00 0.000E+00
   1      1.000E+00 0.000E+00 0.000E+00 7.640E-02   0.000000 1.000E+00 1.000E+00
   1  150340  1     1.240E+01 0.000E+00 0.000E+00 0.000E+00 0.000E+00 0.000E+00
   1      1.000E+00 0.000E+00 0.000E+00 2.632E+00   0.000000 1.000E+00 1.000E+00
   1  150350  1     4.730E+01 0.000E+00 0.000E+00 0.000E+00 0.000E+00 0.000E+00
   1      1.000E+00 0.000E+00 0.000E+00 2.639E+00   0.000000 1.000E+00 1.000E+00
   1  150360  1     5.600E+00 0.000E+00 0.000E+00 0.000E+00 0.000E+00 0.000E+00
   1      1.000E+00 0.000E+00 0.000E+00 8.152E+00   0.000000 1.000E+00 1.000E+00
   1  150370  1     2.310E+00 0.000E+00 0.000E+00 0.000E+00 0.000E+00 0.000E+00
   1      1.000E+00 0.000E+00 0.000E+00 5.271E+00   0.000000 1.000E+00 1.000E+00
   1  150380  1     6.400E-01 0.000E+00 0.000E+00 0.000E+00 0.000E+00 0.000E+00
   1      1.000E+00 0.000E+00 0.000E+00 7.071E+00   0.000000 1.000E+00 1.000E+00
   1  150390  1     1.900E-01 0.000E+00 0.000E+00 0.000E+00 0.000E+00 0.000E+00
   1      7.400E-01 0.000E+00 2.600E-01 6.231E+00   0.000000 1.000E+00 1.000E+00
   1  150400  1     1.500E-01 0.000E+00 0.000E+00 0.000E+00 0.000E+00 0.000E+00
   1      8.420E-01 0.000E+00 1.580E-01 9.112E+00   0.000000 1.000E+00 1.000E+00
   1  160290  1     1.870E-01 0.000E+00 1.000E+00 0.000E+00 0.000E+00 0.000E+00
   1      0.000E+00 0.000E+00 0.000E+00 8.685E+00   0.000000 1.000E+00 1.000E+00
   1  160300  1     1.178E+00 0.000E+00 1.000E+00 0.000E+00 0.000E+00 0.000E+00
   1      0.000E+00 0.000E+00 0.000E+00 3.692E+00   0.000000 1.000E+00 1.000E+00
   1  160310  1     2.572E+00 0.000E+00 1.000E+00 0.000E+00 0.000E+00 0.000E+00
   1      0.000E+00 0.000E+00 0.000E+00 3.034E+00   0.000000 1.000E+00 1.000E+00
   1  160320  6     0.000E+00 0.000E+00 0.000E+00 0.000E+00 0.000E+00 0.000E+00
   1      0.000E+00 0.000E+00 0.000E+00 0.000E+00  95.020000 1.000E+00 1.000E+00
   1  160330  6     0.000E+00 0.000E+00 0.000E+00 0.000E+00 0.000E+00 0.000E+00
   1      0.000E+00 0.000E+00 0.000E+00 0.000E+00   0.750000 1.000E+00 1.000E+00
   1  160340  6     0.000E+00 0.000E+00 0.000E+00 0.000E+00 0.000E+00 0.000E+00
   1      0.000E+00 0.000E+00 0.000E+00 0.000E+00   4.210000 1.000E+00 1.000E+00
   1  160350  1     7.544E+06 0.000E+00 0.000E+00 0.000E+00 0.000E+00 0.000E+00
   1      1.000E+00 0.000E+00 0.000E+00 4.872E-02   0.000000 1.000E+00 1.000E+00
   1  160360  6     0.000E+00 0.000E+00 0.000E+00 0.000E+00 0.000E+00 0.000E+00
   1      0.000E+00 0.000E+00 0.000E+00 0.000E+00   0.020000 1.000E+00 1.000E+00
   1  160370  1     2.994E+02 0.000E+00 0.000E+00 0.000E+00 0.000E+00 0.000E+00
   1      1.000E+00 0.000E+00 0.000E+00 3.730E+00   0.000000 1.000E+00 1.000E+00
   1  160380  1     1.022E+04 0.000E+00 0.000E+00 0.000E+00 0.000E+00 0.000E+00
   1      1.000E+00 0.000E+00 0.000E+00 2.184E+00   0.000000 1.000E+00 1.000E+00
   1  160390  1     1.150E+01 0.000E+00 0.000E+00 0.000E+00 0.000E+00 0.000E+00
   1      1.000E+00 0.000E+00 0.000E+00 4.039E+00   0.000000 1.000E+00 1.000E+00
   1  160400  1     8.800E+00 0.000E+00 0.000E+00 0.000E+00 0.000E+00 0.000E+00
   1      1.000E+00 0.000E+00 0.000E+00 2.916E+00   0.000000 1.000E+00 1.000E+00
   1  160410  1     1.990E+00 0.000E+00 0.000E+00 0.000E+00 0.000E+00 0.000E+00
   1      1.000E+00 0.000E+00 0.000E+00 5.527E+00   0.000000 1.000E+00 1.000E+00
   1  170320  1     2.980E-01 0.000E+00 1.000E+00 0.000E+00 0.000E+00 0.000E+00
   1      0.000E+00 0.000E+00 0.000E+00 8.120E+00   0.000000 1.000E+00 1.000E+00
   1  170330  1     2.511E+00 0.000E+00 1.000E+00 0.000E+00 0.000E+00 0.000E+00
   1      0.000E+00 0.000E+00 0.000E+00 3.130E+00   0.000000 1.000E+00 1.000E+00
   1  170340  1     1.526E+00 0.000E+00 1.000E+00 0.000E+00 0.000E+00 0.000E+00
   1      0.000E+00 0.000E+00 0.000E+00 3.073E+00   0.000000 1.000E+00 1.000E+00
   1  170341  1     1.926E+03 0.000E+00 5.200E-01 0.000E+00 0.000E+00 4.800E-01
   1      0.000E+00 0.000E+00 0.000E+00 2.421E+00   0.000000 1.000E+00 1.000E+00
   1  170350  6     0.000E+00 0.000E+00 0.000E+00 0.000E+00 0.000E+00 0.000E+00
   1      0.000E+00 0.000E+00 0.000E+00 0.000E+00  75.770000 1.000E+00 1.000E+00
   1  170360  1     9.499E+12 0.000E+00 1.900E-02 0.000E+00 0.000E+00 0.000E+00
   1      9.810E-01 0.000E+00 0.000E+00 2.732E-01   0.000000 1.000E+00 1.000E+00
   1  170370  6     0.000E+00 0.000E+00 0.000E+00 0.000E+00 0.000E+00 0.000E+00
   1      0.000E+00 0.000E+00 0.000E+00 0.000E+00  24.230000 1.000E+00 1.000E+00
   1  170380  1     2.232E+03 0.000E+00 0.000E+00 0.000E+00 0.000E+00 0.000E+00
   1      1.000E+00 0.000E+00 0.000E+00 3.017E+00   0.000000 1.000E+00 1.000E+00
   1  170381  1     7.150E-01 0.000E+00 0.000E+00 0.000E+00 0.000E+00 1.000E+00
   1      0.000E+00 0.000E+00 0.000E+00 6.717E-01   0.000000 1.000E+00 1.000E+00
   1  170390  1     3.336E+03 0.000E+00 0.000E+00 0.000E+00 0.000E+00 0.000E+00
   1      1.000E+00 0.000E+00 0.000E+00 2.277E+00   0.000000 1.000E+00 1.000E+00
   1  170400  1     8.100E+01 0.000E+00 0.000E+00 0.000E+00 0.000E+00 0.000E+00
   1      1.000E+00 0.000E+00 0.000E+00 5.600E+00   0.000000 1.000E+00 1.000E+00
   1  170410  1     3.840E+01 0.000E+00 0.000E+00 0.000E+00 0.000E+00 0.000E+00
   1      1.000E+00 0.000E+00 0.000E+00 3.838E+00   0.000000 1.000E+00 1.000E+00
   1  170420  1     6.800E+00 0.000E+00 0.000E+00 0.000E+00 0.000E+00 0.000E+00
   1      1.000E+00 0.000E+00 0.000E+00 6.342E+00   0.000000 1.000E+00 1.000E+00
   1  170430  1     3.070E+00 0.000E+00 0.000E+00 0.000E+00 0.000E+00 0.000E+00
   1      1.000E+00 0.000E+00 0.000E+00 5.227E+00   0.000000 1.000E+00 1.000E+00
   1  170440  1     5.600E-01 0.000E+00 0.000E+00 0.000E+00 0.000E+00 0.000E+00
   1      9.200E-01 0.000E+00 8.000E-02 7.854E+00   0.000000 1.000E+00 1.000E+00
   1  170450  1     4.000E-01 0.000E+00 0.000E+00 0.000E+00 0.000E+00 0.000E+00
   1      7.600E-01 0.000E+00 2.400E-01 6.905E+00   0.000000 1.000E+00 1.000E+00
   1  180330  1     1.730E-01 0.000E+00 6.600E-01 0.000E+00 0.000E+00 0.000E+00
   1      0.000E+00 0.000E+00 0.000E+00 5.184E+00   0.000000 1.000E+00 1.000E+00    1 3.400E-01 2.700E+00 1.000E+00
   1  180340  1     8.445E-01 0.000E+00 1.000E+00 0.000E+00 0.000E+00 0.000E+00
   1      0.000E+00 0.000E+00 0.000E+00 3.394E+00   0.000000 1.000E+00 1.000E+00
   1  180350  1     1.775E+00 0.000E+00 1.000E+00 0.000E+00 0.000E+00 0.000E+00
   1      0.000E+00 0.000E+00 0.000E+00 3.315E+00   0.000000 1.000E+00 1.000E+00
   1  180360  6     0.000E+00 0.000E+00 0.000E+00 0.000E+00 0.000E+00 0.000E+00
   1      0.000E+00 0.000E+00 0.000E+00 0.000E+00   0.336500 1.000E+00 1.000E+00
   1  180370  1     3.027E+06 0.000E+00 1.000E+00 0.000E+00 0.000E+00 0.000E+00
   1      0.000E+00 0.000E+00 0.000E+00 2.173E-03   0.000000 1.000E+00 1.000E+00
   1  180380  6     0.000E+00 0.000E+00 0.000E+00 0.000E+00 0.000E+00 0.000E+00
   1      0.000E+00 0.000E+00 0.000E+00 0.000E+00   0.063200 1.000E+00 1.000E+00
   1  180390  1     8.489E+09 0.000E+00 0.000E+00 0.000E+00 0.000E+00 0.000E+00
   1      1.000E+00 0.000E+00 0.000E+00 2.187E-01   0.000000 1.000E+00 1.000E+00
   1  180400  6     0.000E+00 0.000E+00 0.000E+00 0.000E+00 0.000E+00 0.000E+00
   1      0.000E+00 0.000E+00 0.000E+00 0.000E+00  99.600300 1.000E+00 1.000E+00
   1  180410  1     6.576E+03 0.000E+00 0.000E+00 0.000E+00 0.000E+00 0.000E+00
   1      1.000E+00 0.000E+00 0.000E+00 1.748E+00   0.000000 1.000E+00 1.000E+00
   1  180420  1     1.041E+09 0.000E+00 0.000E+00 0.000E+00 0.000E+00 0.000E+00
   1      1.000E+00 0.000E+00 0.000E+00 2.328E-01   0.000000 1.000E+00 1.000E+00
   1  180430  1     3.222E+02 0.000E+00 0.000E+00 0.000E+00 0.000E+00 0.000E+00
   1      1.000E+00 0.000E+00 0.000E+00 2.869E+00   0.000000 1.000E+00 1.000E+00
   1  180440  1     7.120E+02 0.000E+00 0.000E+00 0.000E+00 0.000E+00 0.000E+00
   1      1.000E+00 0.000E+00 0.000E+00 2.680E+00   0.000000 1.000E+00 1.000E+00
   1  180450  1     2.148E+01 0.000E+00 0.000E+00 0.000E+00 0.000E+00 0.000E+00
   1      1.000E+00 0.000E+00 0.000E+00 4.980E+00   0.000000 1.000E+00 1.000E+00
   1  180460  1     8.400E+00 0.000E+00 0.000E+00 0.000E+00 0.000E+00 0.000E+00
   1      1.000E+00 0.000E+00 0.000E+00 3.687E+00   0.000000 1.000E+00 1.000E+00
   1  180470  1     5.800E-01 0.000E+00 0.000E+00 0.000E+00 0.000E+00 0.000E+00
   1      9.900E-01 0.000E+00 1.000E-02 6.470E+00   0.000000 1.000E+00 1.000E+00
   1  190360  1     3.420E-01 0.000E+00 1.000E+00 0.000E+00 0.000E+00 0.000E+00
   1      0.000E+00 0.000E+00 0.000E+00 8.922E+00   0.000000 1.000E+00 1.000E+00
   1  190370  1     1.226E+00 0.000E+00 1.000E+00 0.000E+00 0.000E+00 0.000E+00
   1      0.000E+00 0.000E+00 0.000E+00 3.420E+00   0.000000 1.000E+00 1.000E+00
   1  190380  1     4.566E+02 0.000E+00 1.000E+00 0.000E+00 0.000E+00 0.000E+00
   1      0.000E+00 0.000E+00 0.000E+00 4.392E+00   0.000000 1.000E+00 1.000E+00
   1  190381  1     9.240E-01 0.000E+00 1.000E+00 0.000E+00 0.000E+00 0.000E+00
   1      0.000E+00 0.000E+00 0.000E+00 3.343E+00   0.000000 1.000E+00 1.000E+00
   1  190390  6     0.000E+00 0.000E+00 0.000E+00 0.000E+00 0.000E+00 0.000E+00
   1      0.000E+00 0.000E+00 0.000E+00 0.000E+00  93.258100 1.000E+00 1.000E+00
   1  190400  1     3.992E+16 0.000E+00 1.086E-01 0.000E+00 0.000E+00 0.000E+00
   1      8.914E-01 0.000E+00 0.000E+00 6.091E-01   0.011700 1.000E+00 1.000E+00
   1  190410  6     0.000E+00 0.000E+00 0.000E+00 0.000E+00 0.000E+00 0.000E+00
   1      0.000E+00 0.000E+00 0.000E+00 0.000E+00   6.730200 1.000E+00 1.000E+00
   1  190420  1     4.449E+04 0.000E+00 0.000E+00 0.000E+00 0.000E+00 0.000E+00
   1      1.000E+00 0.000E+00 0.000E+00 1.697E+00   0.000000 1.000E+00 1.000E+00
   1  190430  1     7.992E+04 0.000E+00 0.000E+00 0.000E+00 0.000E+00 0.000E+00
   1      1.000E+00 0.000E+00 0.000E+00 1.276E+00   0.000000 1.000E+00 1.000E+00
   1  190440  1     1.328E+03 0.000E+00 0.000E+00 0.000E+00 0.000E+00 0.000E+00
   1      1.000E+00 0.000E+00 0.000E+00 3.827E+00   0.000000 1.000E+00 1.000E+00
   1  190450  1     1.038E+03 0.000E+00 0.000E+00 0.000E+00 0.000E+00 0.000E+00
   1      1.000E+00 0.000E+00 0.000E+00 2.821E+00   0.000000 1.000E+00 1.000E+00
   1  190460  1     1.050E+02 0.000E+00 0.000E+00 0.000E+00 0.000E+00 0.000E+00
   1      1.000E+00 0.000E+00 0.000E+00 4.971E+00   0.000000 1.000E+00 1.000E+00
   1  190470  1     1.750E+01 0.000E+00 0.000E+00 0.000E+00 0.000E+00 0.000E+00
   1      1.000E+00 0.000E+00 0.000E+00 4.433E+00   0.000000 1.000E+00 1.000E+00
   1  190480  1     6.800E+00 0.000E+00 0.000E+00 0.000E+00 0.000E+00 0.000E+00
   1      1.000E+00 0.000E+00 0.000E+00 9.110E+00   0.000000 1.000E+00 1.000E+00
   1  200370  1     1.750E-01 0.000E+00 2.400E-01 0.000E+00 0.000E+00 0.000E+00
   1      0.000E+00 0.000E+00 0.000E+00 4.411E+00   0.000000 1.000E+00 1.000E+00    1 7.600E-01 2.700E+00 1.000E+00
   1  200380  1     4.400E-01 0.000E+00 1.000E+00 9.998E-01 0.000E+00 0.000E+00
   1      0.000E+00 0.000E+00 0.000E+00 3.809E+00   0.000000 1.000E+00 1.000E+00
   1  200390  1     8.596E-01 0.000E+00 1.000E+00 0.000E+00 0.000E+00 0.000E+00
   1      0.000E+00 0.000E+00 0.000E+00 3.584E+00   0.000000 1.000E+00 1.000E+00
   1  200400  6     0.000E+00 0.000E+00 0.000E+00 0.000E+00 0.000E+00 0.000E+00
   1      0.000E+00 0.000E+00 0.000E+00 0.000E+00  96.941000 1.000E+00 1.000E+00
   1  200410  1     3.250E+12 0.000E+00 1.000E+00 0.000E+00 0.000E+00 0.000E+00
   1      0.000E+00 0.000E+00 0.000E+00 3.280E-03   0.000000 1.000E+00 1.000E+00
   1  200420  6     0.000E+00 0.000E+00 0.000E+00 0.000E+00 0.000E+00 0.000E+00
   1      0.000E+00 0.000E+00 0.000E+00 0.000E+00   0.647000 1.000E+00 1.000E+00
   1  200430  6     0.000E+00 0.000E+00 0.000E+00 0.000E+00 0.000E+00 0.000E+00
   1      0.000E+00 0.000E+00 0.000E+00 0.000E+00   0.135000 1.000E+00 1.000E+00
   1  200440  6     0.000E+00 0.000E+00 0.000E+00 0.000E+00 0.000E+00 0.000E+00
   1      0.000E+00 0.000E+00 0.000E+00 0.000E+00   2.086000 1.000E+00 1.000E+00
   1  200450  1     1.408E+07 1.700E-05 0.000E+00 0.000E+00 0.000E+00 0.000E+00
   1      1.000E+00 0.000E+00 0.000E+00 7.720E-02   0.000000 1.000E+00 1.000E+00
   1  200460  6     0.000E+00 0.000E+00 0.000E+00 0.000E+00 0.000E+00 0.000E+00
   1      0.000E+00 0.000E+00 0.000E+00 0.000E+00   0.004000 1.000E+00 1.000E+00
   1  200470  1     3.921E+05 0.000E+00 0.000E+00 0.000E+00 0.000E+00 0.000E+00
   1      1.000E+00 0.000E+00 0.000E+00 1.405E+00   0.000000 1.000E+00 1.000E+00
   1  200480  1     1.673E+27 0.000E+00 1.000E+00 0.000E+00 0.000E+00 1.000E+00
   1      5.000E-01 0.000E+00 0.000E+00 2.231E+00   0.187000 1.000E+00 1.000E+00    1 5.000E-01 1.100E+00 1.000E+00
   1  200490  1     5.232E+02 0.000E+00 0.000E+00 0.000E+00 0.000E+00 0.000E+00
   1      1.000E+00 0.000E+00 0.000E+00 4.037E+00   0.000000 1.000E+00 1.000E+00
   1  210400  1     1.823E-01 0.000E+00 1.000E+00 0.000E+00 0.000E+00 0.000E+00
   1      0.000E+00 0.000E+00 0.000E+00 1.052E+01   0.000000 1.000E+00 1.000E+00
   1  210410  1     5.963E-01 0.000E+00 1.000E+00 0.000E+00 0.000E+00 0.000E+00
   1      0.000E+00 0.000E+00 0.000E+00 3.563E+00   0.000000 1.000E+00 1.000E+00
   1  210420  1     6.808E-01 0.000E+00 1.000E+00 0.000E+00 0.000E+00 0.000E+00
   1      0.000E+00 0.000E+00 0.000E+00 3.529E+00   0.000000 1.000E+00 1.000E+00
   1  210421  1     6.200E+01 0.000E+00 1.000E+00 0.000E+00 0.000E+00 0.000E+00
   1      0.000E+00 0.000E+00 0.000E+00 5.460E+00   0.000000 1.000E+00 1.000E+00
   1  210430  1     1.401E+04 0.000E+00 1.000E+00 0.000E+00 0.000E+00 0.000E+00
   1      0.000E+00 0.000E+00 0.000E+00 1.405E+00   0.000000 1.000E+00 1.000E+00
   1  210440  1     1.429E+04 0.000E+00 1.000E+00 0.000E+00 0.000E+00 0.000E+00
   1      0.000E+00 0.000E+00 0.000E+00 2.732E+00   0.000000 1.000E+00 1.000E+00
   1  210441  1     2.110E+05 0.000E+00 1.230E-02 0.000E+00 0.000E+00 9.877E-01
   1      0.000E+00 0.000E+00 0.000E+00 3.081E-01   0.000000 1.000E+00 1.000E+00
   1  210450  6     0.000E+00 0.000E+00 0.000E+00 0.000E+00 0.000E+00 0.000E+00
   1      0.000E+00 0.000E+00 0.000E+00 0.000E+00 100.000000 1.000E+00 1.000E+00
   1  210451  1     3.160E-01 0.000E+00 0.000E+00 0.000E+00 0.000E+00 1.000E+00
   1      0.000E+00 0.000E+00 0.000E+00 9.210E-03   0.000000 1.000E+00 1.000E+00
   1  210460  1     7.239E+06 0.000E+00 0.000E+00 0.000E+00 0.000E+00 0.000E+00
   1      1.000E+00 0.000E+00 0.000E+00 2.122E+00   0.000000 1.000E+00 1.000E+00
   1  210461  1     1.870E+01 0.000E+00 0.000E+00 0.000E+00 0.000E+00 1.000E+00
   1      0.000E+00 0.000E+00 0.000E+00 1.419E-01   0.000000 1.000E+00 1.000E+00
   1  210470  1     2.895E+05 0.000E+00 0.000E+00 0.000E+00 0.000E+00 0.000E+00
   1      1.000E+00 0.000E+00 0.000E+00 2.710E-01   0.000000 1.000E+00 1.000E+00
   1  210480  1     1.572E+05 0.000E+00 0.000E+00 0.000E+00 0.000E+00 0.000E+00
   1      1.000E+00 0.000E+00 0.000E+00 3.569E+00   0.000000 1.000E+00 1.000E+00
   1  210490  1     3.432E+03 0.000E+00 0.000E+00 0.000E+00 0.000E+00 0.000E+00
   1      1.000E+00 0.000E+00 0.000E+00 8.232E-01   0.000000 1.000E+00 1.000E+00
   1  210500  1     1.025E+02 0.000E+00 0.000E+00 0.000E+00 0.000E+00 0.000E+00
   1      1.000E+00 0.000E+00 0.000E+00 4.822E+00   0.000000 1.000E+00 1.000E+00
   1  210501  1     3.500E-01 0.000E+00 0.000E+00 0.000E+00 0.000E+00 9.875E-01
   1      1.250E-02 0.000E+00 0.000E+00 3.051E-01   0.000000 1.000E+00 1.000E+00
   1  210510  1     1.240E+01 0.000E+00 0.000E+00 0.000E+00 0.000E+00 0.000E+00
   1      1.000E+00 0.000E+00 0.000E+00 4.191E+00   0.000000 1.000E+00 1.000E+00
   1  210520  1     8.200E+00 0.000E+00 0.000E+00 0.000E+00 0.000E+00 0.000E+00
   1      1.000E+00 0.000E+00 0.000E+00 5.743E+00   0.000000 1.000E+00 1.000E+00
   1  220410  1     8.000E-02 0.000E+00 9.990E-01 0.000E+00 0.000E+00 0.000E+00
   1      0.000E+00 0.000E+00 0.000E+00 4.527E+00   0.000000 1.000E+00 1.000E+00    1 1.000E-03 2.700E+00 1.000E+00
   1  220420  1     1.990E-01 0.000E+00 1.000E+00 0.000E+00 0.000E+00 0.000E+00
   1      0.000E+00 0.000E+00 0.000E+00 4.023E+00   0.000000 1.000E+00 1.000E+00
   1  220430  1     5.090E-01 0.000E+00 1.000E+00 0.000E+00 0.000E+00 0.000E+00
   1      0.000E+00 0.000E+00 0.000E+00 3.839E+00   0.000000 1.000E+00 1.000E+00
   1  220440  1     1.893E+09 0.000E+00 1.000E+00 0.000E+00 0.000E+00 0.000E+00
   1      0.000E+00 0.000E+00 0.000E+00 1.489E-01   0.000000 1.000E+00 1.000E+00
   1  220450  1     1.109E+04 0.000E+00 1.000E+00 0.000E+00 0.000E+00 0.000E+00
   1      0.000E+00 0.000E+00 0.000E+00 1.245E+00   0.000000 1.000E+00 1.000E+00
   1  220460  6     0.000E+00 0.000E+00 0.000E+00 0.000E+00 0.000E+00 0.000E+00
   1      0.000E+00 0.000E+00 0.000E+00 0.000E+00   8.250000 1.000E+00 1.000E+00
   1  220470  6     0.000E+00 0.000E+00 0.000E+00 0.000E+00 0.000E+00 0.000E+00
   1      0.000E+00 0.000E+00 0.000E+00 0.000E+00   7.440000 1.000E+00 1.000E+00
   1  220480  6     0.000E+00 0.000E+00 0.000E+00 0.000E+00 0.000E+00 0.000E+00
   1      0.000E+00 0.000E+00 0.000E+00 0.000E+00  73.720000 1.000E+00 1.000E+00
   1  220490  6     0.000E+00 0.000E+00 0.000E+00 0.000E+00 0.000E+00 0.000E+00
   1      0.000E+00 0.000E+00 0.000E+00 0.000E+00   5.410000 1.000E+00 1.000E+00
   1  220500  6     0.000E+00 0.000E+00 0.000E+00 0.000E+00 0.000E+00 0.000E+00
   1      0.000E+00 0.000E+00 0.000E+00 0.000E+00   5.180000 1.000E+00 1.000E+00
   1  220510  1     3.480E+02 0.000E+00 0.000E+00 0.000E+00 0.000E+00 0.000E+00
   1      1.000E+00 0.000E+00 0.000E+00 1.233E+00   0.000000 1.000E+00 1.000E+00
   1  220520  1     1.020E+02 0.000E+00 0.000E+00 0.000E+00 0.000E+00 0.000E+00
   1      1.000E+00 0.000E+00 0.000E+00 8.830E-01   0.000000 1.000E+00 1.000E+00
   1  220530  1     3.270E+01 0.000E+00 0.000E+00 0.000E+00 0.000E+00 0.000E+00
   1      1.000E+00 0.000E+00 0.000E+00 3.380E+00   0.000000 1.000E+00 1.000E+00
   1  220540  1     1.500E+00 0.000E+00 0.000E+00 0.000E+00 0.000E+00 0.000E+00
   1      1.000E+00 0.000E+00 0.000E+00 2.867E+00   0.000000 1.000E+00 1.000E+00
   1  220550  1     4.900E-01 0.000E+00 0.000E+00 0.000E+00 0.000E+00 0.000E+00
   1      1.000E+00 0.000E+00 0.000E+00 4.987E+00   0.000000 1.000E+00 1.000E+00
   1  230440  1     1.110E-01 0.000E+00 1.000E+00 0.000E+00 0.000E+00 0.000E+00
   1      0.000E+00 0.000E+00 0.000E+00 8.878E+00   0.000000 1.000E+00 1.000E+00
   1  230450  1     5.390E-01 0.000E+00 1.000E+00 0.000E+00 0.000E+00 0.000E+00
   1      0.000E+00 0.000E+00 0.000E+00 3.877E+00   0.000000 1.000E+00 1.000E+00
   1  230460  1     4.225E-01 0.000E+00 1.000E+00 0.000E+00 0.000E+00 0.000E+00
   1      0.000E+00 0.000E+00 0.000E+00 3.836E+00   0.000000 1.000E+00 1.000E+00
   1  230470  1     1.956E+03 0.000E+00 1.000E+00 0.000E+00 0.000E+00 0.000E+00
   1      0.000E+00 0.000E+00 0.000E+00 1.798E+00   0.000000 1.000E+00 1.000E+00
   1  230480  1     1.380E+06 0.000E+00 1.000E+00 0.000E+00 0.000E+00 0.000E+00
   1      0.000E+00 0.000E+00 0.000E+00 3.065E+00   0.000000 1.000E+00 1.000E+00
   1  230490  1     2.851E+07 0.000E+00 1.000E+00 0.000E+00 0.000E+00 0.000E+00
   1      0.000E+00 0.000E+00 0.000E+00 4.530E-03   0.000000 1.000E+00 1.000E+00
   1  230500  1     4.418E+24 0.000E+00 8.300E-01 0.000E+00 0.000E+00 0.000E+00
   1      1.700E-01 0.000E+00 0.000E+00 1.439E+00   0.250000 1.000E+00 1.000E+00
   1  230510  6     0.000E+00 0.000E+00 0.000E+00 0.000E+00 0.000E+00 0.000E+00
   1      0.000E+00 0.000E+00 0.000E+00 0.000E+00  99.750000 1.000E+00 1.000E+00
   1  230520  1     2.247E+02 0.000E+00 0.000E+00 0.000E+00 0.000E+00 0.000E+00
   1      1.000E+00 0.000E+00 0.000E+00 2.513E+00   0.000000 1.000E+00 1.000E+00
   1  230530  1     9.720E+01 0.000E+00 0.000E+00 0.000E+00 0.000E+00 0.000E+00
   1      1.000E+00 0.000E+00 0.000E+00 2.047E+00   0.000000 1.000E+00 1.000E+00
   1  230540  1     4.980E+01 0.000E+00 0.000E+00 0.000E+00 0.000E+00 0.000E+00
   1      1.000E+00 0.000E+00 0.000E+00 5.455E+00   0.000000 1.000E+00 1.000E+00
   1  230550  1     6.540E+00 0.000E+00 0.000E+00 0.000E+00 0.000E+00 0.000E+00
   1      1.000E+00 0.000E+00 0.000E+00 3.072E+00   0.000000 1.000E+00 1.000E+00
   1  230560  1     2.160E-01 0.000E+00 0.000E+00 0.000E+00 0.000E+00 0.000E+00
   1      1.000E+00 0.000E+00 0.000E+00 6.134E+00   0.000000 1.000E+00 1.000E+00
   1  230570  1     3.500E-01 0.000E+00 0.000E+00 0.000E+00 0.000E+00 0.000E+00
   1      9.960E-01 0.000E+00 4.000E-03 5.543E+00   0.000000 1.000E+00 1.000E+00
   1  230580  1     1.910E-01 0.000E+00 0.000E+00 0.000E+00 0.000E+00 0.000E+00
   1      2.000E-01 0.000E+00 8.000E-01 4.095E+00   0.000000 1.000E+00 1.000E+00
   1  240460  1     2.600E-01 0.000E+00 1.000E+00 0.000E+00 0.000E+00 0.000E+00
   1      0.000E+00 0.000E+00 0.000E+00 4.112E+00   0.000000 1.000E+00 1.000E+00
   1  240470  1     5.000E-01 0.000E+00 1.000E+00 0.000E+00 0.000E+00 0.000E+00
   1      0.000E+00 0.000E+00 0.000E+00 4.039E+00   0.000000 1.000E+00 1.000E+00
   1  240480  1     7.762E+04 0.000E+00 1.000E+00 0.000E+00 0.000E+00 0.000E+00
   1      0.000E+00 0.000E+00 0.000E+00 4.413E-01   0.000000 1.000E+00 1.000E+00
   1  240490  1     2.514E+03 0.000E+00 1.000E+00 0.000E+00 0.000E+00 0.000E+00
   1      0.000E+00 0.000E+00 0.000E+00 1.644E+00   0.000000 1.000E+00 1.000E+00
   1  240500  1     5.680E+24 0.000E+00 0.000E+00 0.000E+00 0.000E+00 0.000E+00
   1      0.000E+00 0.000E+00 0.000E+00 1.167E+00   4.345000 1.000E+00 1.000E+00    1 1.000E+00 2.200E+00 1.000E+00
   1  240510  1     2.394E+06 0.000E+00 1.000E+00 0.000E+00 0.000E+00 0.000E+00
   1      0.000E+00 0.000E+00 0.000E+00 3.638E-02   0.000000 1.000E+00 1.000E+00
   1  240520  6     0.000E+00 0.000E+00 0.000E+00 0.000E+00 0.000E+00 0.000E+00
   1      0.000E+00 0.000E+00 0.000E+00 0.000E+00  83.789000 1.000E+00 1.000E+00
   1  240530  6     0.000E+00 0.000E+00 0.000E+00 0.000E+00 0.000E+00 0.000E+00
   1      0.000E+00 0.000E+00 0.000E+00 0.000E+00   9.501000 1.000E+00 1.000E+00
   1  240540  6     0.000E+00 0.000E+00 0.000E+00 0.000E+00 0.000E+00 0.000E+00
   1      0.000E+00 0.000E+00 0.000E+00 0.000E+00   2.365000 1.000E+00 1.000E+00
   1  240550  1     2.124E+02 0.000E+00 0.000E+00 0.000E+00 0.000E+00 0.000E+00
   1      1.000E+00 0.000E+00 0.000E+00 1.101E+00   0.000000 1.000E+00 1.000E+00
   1  240560  1     3.564E+02 0.000E+00 0.000E+00 0.000E+00 0.000E+00 0.000E+00
   1      1.000E+00 0.000E+00 0.000E+00 6.983E-01   0.000000 1.000E+00 1.000E+00
   1  240570  1     2.110E+01 0.000E+00 0.000E+00 0.000E+00 0.000E+00 0.000E+00
   1      1.000E+00 0.000E+00 0.000E+00 2.411E+00   0.000000 1.000E+00 1.000E+00
   1  240580  1     7.000E+00 0.000E+00 0.000E+00 0.000E+00 0.000E+00 0.000E+00
   1      1.000E+00 0.000E+00 0.000E+00 2.720E+00   0.000000 1.000E+00 1.000E+00
   1  240590  1     4.600E-01 0.000E+00 0.000E+00 0.000E+00 0.000E+00 0.000E+00
   1      1.000E+00 0.000E+00 0.000E+00 5.060E+00   0.000000 1.000E+00 1.000E+00
   1  250480  1     1.581E-01 0.000E+00 9.972E-01 0.000E+00 0.000E+00 0.000E+00
   1      0.000E+00 0.000E+00 0.000E+00 8.985E+00   0.000000 1.000E+00 1.000E+00    2 2.800E-03 2.700E+00 1.000E+00 6.000E-06 2.400E+00 1.000E+00
   1  250490  1     3.820E-01 0.000E+00 1.000E+00 0.000E+00 0.000E+00 0.000E+00
   1      0.000E+00 0.000E+00 0.000E+00 4.200E+00   0.000000 1.000E+00 1.000E+00
   1  250500  1     2.839E-01 0.000E+00 1.000E+00 0.000E+00 0.000E+00 0.000E+00
   1      0.000E+00 0.000E+00 0.000E+00 4.122E+00   0.000000 1.000E+00 1.000E+00
   1  250501  1     1.050E+02 0.000E+00 1.000E+00 0.000E+00 0.000E+00 0.000E+00
   1      0.000E+00 0.000E+00 0.000E+00 6.440E+00   0.000000 1.000E+00 1.000E+00
   1  250510  1     2.772E+03 0.000E+00 1.000E+00 0.000E+00 0.000E+00 0.000E+00
   1      0.000E+00 0.000E+00 0.000E+00 1.933E+00   0.000000 1.000E+00 1.000E+00
   1  250520  1     4.834E+05 0.000E+00 1.000E+00 0.000E+00 0.000E+00 0.000E+00
   1      0.000E+00 0.000E+00 0.000E+00 3.533E+00   0.000000 1.000E+00 1.000E+00
   1  250521  1     1.272E+03 0.000E+00 9.825E-01 0.000E+00 0.000E+00 1.750E-02
   1      0.000E+00 0.000E+00 0.000E+00 3.542E+00   0.000000 1.000E+00 1.000E+00
   1  250530  1     1.161E+14 0.000E+00 1.000E+00 0.000E+00 0.000E+00 0.000E+00
   1      0.000E+00 0.000E+00 0.000E+00 5.424E-03   0.000000 1.000E+00 1.000E+00
   1  250540  1     2.697E+07 0.000E+00 1.000E+00 0.000E+00 0.000E+00 0.000E+00
   1      0.000E+00 0.000E+00 0.000E+00 8.400E-01   0.000000 1.000E+00 1.000E+00
   1  250550  6     0.000E+00 0.000E+00 0.000E+00 0.000E+00 0.000E+00 0.000E+00
   1      0.000E+00 0.000E+00 0.000E+00 0.000E+00 100.000000 1.000E+00 1.000E+00
   1  250560  1     9.297E+03 0.000E+00 0.000E+00 0.000E+00 0.000E+00 0.000E+00
   1      1.000E+00 0.000E+00 0.000E+00 2.531E+00   0.000000 1.000E+00 1.000E+00
   1  250570  1     8.540E+01 0.000E+00 0.000E+00 0.000E+00 0.000E+00 0.000E+00
   1      1.000E+00 0.000E+00 0.000E+00 1.204E+00   0.000000 1.000E+00 1.000E+00
   1  250580  1     6.520E+01 0.000E+00 0.000E+00 0.000E+00 0.000E+00 0.000E+00
   1      1.000E+00 0.000E+00 0.000E+00 4.094E+00   0.000000 1.000E+00 1.000E+00
   1  250581  1     2.700E+00 0.000E+00 0.000E+00 0.000E+00 0.000E+00 0.000E+00
   1      1.000E+00 0.000E+00 0.000E+00 2.948E+00   0.000000 1.000E+00 1.000E+00
   1  250590  1     4.590E+00 0.000E+00 0.000E+00 0.000E+00 0.000E+00 0.000E+00
   1      1.000E+00 0.000E+00 0.000E+00 2.598E+00   0.000000 1.000E+00 1.000E+00
   1  250600  1     5.100E+01 0.000E+00 0.000E+00 0.000E+00 0.000E+00 0.000E+00
   1      1.000E+00 0.000E+00 0.000E+00 3.841E+00   0.000000 1.000E+00 1.000E+00
   1  250601  1     1.790E+00 0.000E+00 0.000E+00 0.000E+00 0.000E+00 0.000E+00
   1      1.000E+00 0.000E+00 0.000E+00 5.410E+00   0.000000 1.000E+00 1.000E+00
   1  250610  1     6.700E-01 0.000E+00 0.000E+00 0.000E+00 0.000E+00 0.000E+00
   1      1.000E+00 0.000E+00 0.000E+00 3.386E+00   0.000000 1.000E+00 1.000E+00
   1  250620  1     8.800E-01 0.000E+00 0.000E+00 0.000E+00 0.000E+00 0.000E+00
   1      1.000E+00 0.000E+00 0.000E+00 5.952E+00   0.000000 1.000E+00 1.000E+00
   1  250630  1     2.750E-01 0.000E+00 0.000E+00 0.000E+00 0.000E+00 0.000E+00
   1      1.000E+00 0.000E+00 0.000E+00 6.133E+00   0.000000 1.000E+00 1.000E+00
   1  250640  1     8.880E-02 0.000E+00 0.000E+00 0.000E+00 0.000E+00 0.000E+00
   1      1.000E+00 0.000E+00 0.000E+00 8.100E+00   0.000000 1.000E+00 1.000E+00
   1  260490  6     0.000E+00 0.000E+00 0.000E+00 0.000E+00 0.000E+00 0.000E+00
   1      0.000E+00 0.000E+00 0.000E+00 0.000E+00   0.000000 1.000E+00 1.000E+00
   1  260500  1     1.550E-01 0.000E+00 1.000E+00 0.000E+00 0.000E+00 0.000E+00
   1      0.000E+00 0.000E+00 0.000E+00 5.431E+00   0.000000 1.000E+00 1.000E+00
   1  260510  1     1.830E+04 0.000E+00 1.000E+00 0.000E+00 0.000E+00 0.000E+00
   1      0.000E+00 0.000E+00 0.000E+00 4.334E+00   0.000000 1.000E+00 1.000E+00
   1  260520  1     2.979E+04 0.000E+00 1.000E+00 1.000E+00 0.000E+00 0.000E+00
   1      0.000E+00 0.000E+00 0.000E+00 9.344E-01   0.000000 1.000E+00 1.000E+00
   1  260521  1     4.590E+01 0.000E+00 1.000E+00 0.000E+00 0.000E+00 0.000E+00
   1      0.000E+00 0.000E+00 0.000E+00 6.868E+00   0.000000 1.000E+00 1.000E+00
   1  260530  1     5.106E+02 0.000E+00 1.000E+00 0.000E+00 0.000E+00 0.000E+00
   1      0.000E+00 0.000E+00 0.000E+00 2.291E+00   0.000000 1.000E+00 1.000E+00
   1  260531  1     1.548E+02 0.000E+00 0.000E+00 0.000E+00 0.000E+00 1.000E+00
   1      0.000E+00 0.000E+00 0.000E+00 3.035E+00   0.000000 1.000E+00 1.000E+00
   1  260540  6     0.000E+00 0.000E+00 0.000E+00 0.000E+00 0.000E+00 0.000E+00
   1      0.000E+00 0.000E+00 0.000E+00 0.000E+00   5.845000 1.000E+00 1.000E+00
   1  260550  1     8.631E+07 0.000E+00 1.000E+00 0.000E+00 0.000E+00 0.000E+00
   1      0.000E+00 0.000E+00 0.000E+00 5.665E-03   0.000000 1.000E+00 1.000E+00
   1  260560  6     0.000E+00 0.000E+00 0.000E+00 0.000E+00 0.000E+00 0.000E+00
   1      0.000E+00 0.000E+00 0.000E+00 0.000E+00  91.754000 1.000E+00 1.000E+00
   1  260570  6     0.000E+00 0.000E+00 0.000E+00 0.000E+00 0.000E+00 0.000E+00
   1      0.000E+00 0.000E+00 0.000E+00 0.000E+00   2.119000 1.000E+00 1.000E+00
   1  260580  6     0.000E+00 0.000E+00 0.000E+00 0.000E+00 0.000E+00 0.000E+00
   1      0.000E+00 0.000E+00 0.000E+00 0.000E+00   0.282000 1.000E+00 1.000E+00
   1  260590  1     3.844E+06 0.000E+00 0.000E+00 0.000E+00 0.000E+00 0.000E+00
   1      1.000E+00 0.000E+00 0.000E+00 1.307E+00   0.000000 1.000E+00 1.000E+00
   1  260600  1     4.734E+13 1.000E+00 0.000E+00 0.000E+00 0.000E+00 0.000E+00
   1      1.000E+00 0.000E+00 0.000E+00 8.767E-02   0.000000 1.000E+00 1.000E+00
   1  260610  1     3.588E+02 0.000E+00 0.000E+00 0.000E+00 0.000E+00 0.000E+00
   1      1.000E+00 0.000E+00 0.000E+00 2.446E+00   0.000000 1.000E+00 1.000E+00
   1  260620  1     6.800E+01 0.000E+00 0.000E+00 0.000E+00 0.000E+00 0.000E+00
   1      1.000E+00 0.000E+00 0.000E+00 1.330E+00   0.000000 1.000E+00 1.000E+00
   1  260630  1     6.100E+00 0.000E+00 0.000E+00 0.000E+00 0.000E+00 0.000E+00
   1      1.000E+00 0.000E+00 0.000E+00 2.922E+00   0.000000 1.000E+00 1.000E+00
   1  260640  1     2.000E+00 0.000E+00 0.000E+00 0.000E+00 0.000E+00 0.000E+00
   1      1.000E+00 0.000E+00 0.000E+00 2.121E+00   0.000000 1.000E+00 1.000E+00
   1  260650  1     1.300E+00 0.000E+00 0.000E+00 0.000E+00 0.000E+00 0.000E+00
   1      1.000E+00 0.000E+00 0.000E+00 5.527E+00   0.000000 1.000E+00 1.000E+00
   1  270520  1     1.150E-01 0.000E+00 1.000E+00 5.000E-01 0.000E+00 0.000E+00
   1      0.000E+00 0.000E+00 0.000E+00 7.338E+00   0.000000 1.000E+00 1.000E+00
   1  270530  1     2.400E-01 0.000E+00 1.000E+00 0.000E+00 0.000E+00 0.000E+00
   1      0.000E+00 0.000E+00 0.000E+00 4.495E+00   0.000000 1.000E+00 1.000E+00
   1  270540  1     1.932E-01 0.000E+00 1.000E+00 0.000E+00 0.000E+00 0.000E+00
   1      0.000E+00 0.000E+00 0.000E+00 4.421E+00   0.000000 1.000E+00 1.000E+00
   1  270541  1     8.880E+01 0.000E+00 1.000E+00 0.000E+00 0.000E+00 0.000E+00
   1      0.000E+00 0.000E+00 0.000E+00 5.978E+00   0.000000 1.000E+00 1.000E+00
   1  270550  1     6.311E+04 0.000E+00 1.000E+00 0.000E+00 0.000E+00 0.000E+00
   1      0.000E+00 0.000E+00 0.000E+00 2.444E+00   0.000000 1.000E+00 1.000E+00
   1  270560  1     6.680E+06 0.000E+00 1.000E+00 0.000E+00 0.000E+00 0.000E+00
   1      0.000E+00 0.000E+00 0.000E+00 3.714E+00   0.000000 1.000E+00 1.000E+00
   1  270570  1     2.348E+07 0.000E+00 1.000E+00 0.000E+00 0.000E+00 0.000E+00
   1      0.000E+00 0.000E+00 0.000E+00 1.435E-01   0.000000 1.000E+00 1.000E+00
   1  270580  1     6.122E+06 0.000E+00 1.000E+00 0.000E+00 0.000E+00 0.000E+00
   1      0.000E+00 0.000E+00 0.000E+00 1.011E+00   0.000000 1.000E+00 1.000E+00
   1  270581  1     3.204E+04 0.000E+00 0.000E+00 0.000E+00 0.000E+00 1.000E+00
   1      0.000E+00 0.000E+00 0.000E+00 2.409E-02   0.000000 1.000E+00 1.000E+00
   1  270590  6     0.000E+00 0.000E+00 0.000E+00 0.000E+00 0.000E+00 0.000E+00
   1      0.000E+00 0.000E+00 0.000E+00 0.000E+00 100.000000 1.000E+00 1.000E+00
   1  270600  1     1.663E+08 0.000E+00 0.000E+00 0.000E+00 0.000E+00 0.000E+00
   1      1.000E+00 0.000E+00 0.000E+00 2.601E+00   0.000000 1.000E+00 1.000E+00
   1  270601  1     6.282E+02 0.000E+00 0.000E+00 0.000E+00 0.000E+00 9.975E-01
   1      2.500E-03 0.000E+00 0.000E+00 6.248E-02   0.000000 1.000E+00 1.000E+00
   1  270610  1     5.940E+03 0.000E+00 0.000E+00 0.000E+00 0.000E+00 0.000E+00
   1      1.000E+00 0.000E+00 0.000E+00 5.633E-01   0.000000 1.000E+00 1.000E+00
   1  270620  1     9.000E+01 0.000E+00 0.000E+00 0.000E+00 0.000E+00 0.000E+00
   1      1.000E+00 0.000E+00 0.000E+00 3.240E+00   0.000000 1.000E+00 1.000E+00
   1  270621  1     8.346E+02 0.000E+00 0.000E+00 0.000E+00 0.000E+00 1.000E-02
   1      9.900E-01 0.000E+00 0.000E+00 3.709E+00   0.000000 1.000E+00 1.000E+00
   1  270630  1     2.740E+01 0.000E+00 0.000E+00 0.000E+00 0.000E+00 0.000E+00
   1      1.000E+00 0.000E+00 0.000E+00 1.712E+00   0.000000 1.000E+00 1.000E+00
   1  270640  1     3.000E-01 0.000E+00 0.000E+00 0.000E+00 0.000E+00 0.000E+00
   1      1.000E+00 0.000E+00 0.000E+00 3.470E+00   0.000000 1.000E+00 1.000E+00
   1  270650  1     1.200E+00 0.000E+00 0.000E+00 0.000E+00 0.000E+00 0.000E+00
   1      1.000E+00 0.000E+00 0.000E+00 2.780E+00   0.000000 1.000E+00 1.000E+00
   1  270660  1     2.330E-01 0.000E+00 0.000E+00 0.000E+00 0.000E+00 0.000E+00
   1      1.000E+00 0.000E+00 0.000E+00 6.111E+00   0.000000 1.000E+00 1.000E+00
   1  270670  1     4.250E-01 0.000E+00 0.000E+00 0.000E+00 0.000E+00 0.000E+00
   1      1.000E+00 0.000E+00 0.000E+00 3.448E+00   0.000000 1.000E+00 1.000E+00
   1  270680  1     1.990E-01 0.000E+00 0.000E+00 0.000E+00 0.000E+00 0.000E+00
   1      1.000E+00 0.000E+00 0.000E+00 7.285E+00   0.000000 1.000E+00 1.000E+00
   1  270681  1     1.600E+00 0.000E+00 0.000E+00 0.000E+00 0.000E+00 5.000E-01
   1      5.000E-01 0.000E+00 0.000E+00 4.163E+00   0.000000 1.000E+00 1.000E+00
   1  270690  1     2.270E-01 0.000E+00 0.000E+00 0.000E+00 0.000E+00 0.000E+00
   1      9.900E-01 0.000E+00 1.000E-02 6.627E+00   0.000000 1.000E+00 1.000E+00
   1  280530  1     4.500E-02 0.000E+00 1.000E+00 0.000E+00 0.000E+00 0.000E+00
   1      0.000E+00 0.000E+00 0.000E+00 2.120E+00   0.000000 1.000E+00 1.000E+00
   1  280540  1     1.040E-01 0.000E+00 1.000E+00 0.000E+00 0.000E+00 0.000E+00
   1      0.000E+00 0.000E+00 0.000E+00 5.866E+00   0.000000 1.000E+00 1.000E+00
   1  280550  1     2.040E-01 0.000E+00 1.000E+00 0.000E+00 0.000E+00 0.000E+00
   1      0.000E+00 0.000E+00 0.000E+00 4.618E+00   0.000000 1.000E+00 1.000E+00
   1  280560  1     5.249E+05 0.000E+00 1.000E+00 0.000E+00 0.000E+00 0.000E+00
   1      0.000E+00 0.000E+00 0.000E+00 1.728E+00   0.000000 1.000E+00 1.000E+00
   1  280570  1     1.292E+05 0.000E+00 1.000E+00 0.000E+00 0.000E+00 0.000E+00
   1      0.000E+00 0.000E+00 0.000E+00 2.098E+00   0.000000 1.000E+00 1.000E+00
   1  280580  1     2.209E+28 0.000E+00 0.000E+00 0.000E+00 0.000E+00 0.000E+00
   1      0.000E+00 0.000E+00 0.000E+00 1.926E+00  68.077000 1.000E+00 1.000E+00    1 1.000E+00 2.200E+00 1.000E+00
   1  280590  1     2.398E+12 0.000E+00 1.000E+00 0.000E+00 0.000E+00 0.000E+00
   1      0.000E+00 0.000E+00 0.000E+00 7.166E-03   0.000000 1.000E+00 1.000E+00
   1  280600  6     0.000E+00 0.000E+00 0.000E+00 0.000E+00 0.000E+00 0.000E+00
   1      0.000E+00 0.000E+00 0.000E+00 0.000E+00  26.223000 1.000E+00 1.000E+00
   1  280610  6     0.000E+00 0.000E+00 0.000E+00 0.000E+00 0.000E+00 0.000E+00
   1      0.000E+00 0.000E+00 0.000E+00 0.000E+00   1.140000 1.000E+00 1.000E+00
   1  280620  6     0.000E+00 0.000E+00 0.000E+00 0.000E+00 0.000E+00 0.000E+00
   1      0.000E+00 0.000E+00 0.000E+00 0.000E+00   3.634000 1.000E+00 1.000E+00
   1  280630  1     3.175E+09 0.000E+00 0.000E+00 0.000E+00 0.000E+00 0.000E+00
   1      1.000E+00 0.000E+00 0.000E+00 1.742E-02   0.000000 1.000E+00 1.000E+00
   1  280640  6     0.000E+00 0.000E+00 0.000E+00 0.000E+00 0.000E+00 0.000E+00
   1      0.000E+00 0.000E+00 0.000E+00 0.000E+00   0.926000 1.000E+00 1.000E+00
   1  280650  1     9.072E+03 0.000E+00 0.000E+00 0.000E+00 0.000E+00 0.000E+00
   1      1.000E+00 0.000E+00 0.000E+00 1.180E+00   0.000000 1.000E+00 1.000E+00
   1  280660  1     1.958E+05 0.000E+00 0.000E+00 0.000E+00 0.000E+00 0.000E+00
   1      1.000E+00 0.000E+00 0.000E+00 6.524E-02   0.000000 1.000E+00 1.000E+00
   1  280670  1     2.100E+01 0.000E+00 0.000E+00 0.000E+00 0.000E+00 0.000E+00
   1      1.000E+00 0.000E+00 0.000E+00 1.573E+00   0.000000 1.000E+00 1.000E+00
   1  280680  1     2.900E+01 0.000E+00 0.000E+00 0.000E+00 0.000E+00 0.000E+00
   1      1.000E+00 0.000E+00 0.000E+00 1.402E+00   0.000000 1.000E+00 1.000E+00
   1  280690  1     1.140E+01 0.000E+00 0.000E+00 0.000E+00 0.000E+00 0.000E+00
   1      1.000E+00 0.000E+00 0.000E+00 3.809E+00   0.000000 1.000E+00 1.000E+00
   1  280691  1     3.500E+00 0.000E+00 0.000E+00 0.000E+00 0.000E+00 0.000E+00
   1      1.000E+00 0.000E+00 0.000E+00 4.052E+00   0.000000 1.000E+00 1.000E+00
   1  280700  1     6.000E+00 1.000E+00 0.000E+00 0.000E+00 0.000E+00 0.000E+00
   1      1.000E+00 0.000E+00 0.000E+00 2.389E+00   0.000000 1.000E+00 1.000E+00
   1  280710  1     2.560E+00 0.000E+00 0.000E+00 0.000E+00 0.000E+00 0.000E+00
   1      1.000E+00 0.000E+00 0.000E+00 5.007E+00   0.000000 1.000E+00 1.000E+00
   1  290560  1     9.300E-02 0.000E+00 9.960E-01 0.000E+00 0.000E+00 0.000E+00
   1      0.000E+00 0.000E+00 0.000E+00 1.019E+01   0.000000 1.000E+00 1.000E+00    1 4.000E-03 2.700E+00 1.000E+00
   1  290570  1     1.963E-01 0.000E+00 1.000E+00 0.000E+00 0.000E+00 0.000E+00
   1      0.000E+00 0.000E+00 0.000E+00 4.741E+00   0.000000 1.000E+00 1.000E+00
   1  290580  1     3.204E+00 0.000E+00 1.000E+00 0.000E+00 0.000E+00 0.000E+00
   1      0.000E+00 0.000E+00 0.000E+00 4.838E+00   0.000000 1.000E+00 1.000E+00
   1  290590  1     8.150E+01 0.000E+00 1.000E+00 0.000E+00 0.000E+00 0.000E+00
   1      0.000E+00 0.000E+00 0.000E+00 2.932E+00   0.000000 1.000E+00 1.000E+00
   1  290600  1     1.422E+03 0.000E+00 1.000E+00 0.000E+00 0.000E+00 0.000E+00
   1      0.000E+00 0.000E+00 0.000E+00 4.814E+00   0.000000 1.000E+00 1.000E+00
   1  290610  1     1.200E+04 0.000E+00 1.000E+00 0.000E+00 0.000E+00 0.000E+00
   1      0.000E+00 0.000E+00 0.000E+00 1.132E+00   0.000000 1.000E+00 1.000E+00
   1  290620  1     5.850E+02 0.000E+00 1.000E+00 0.000E+00 0.000E+00 0.000E+00
   1      0.000E+00 0.000E+00 0.000E+00 2.295E+00   0.000000 1.000E+00 1.000E+00
   1  290630  6     0.000E+00 0.000E+00 0.000E+00 0.000E+00 0.000E+00 0.000E+00
   1      0.000E+00 0.000E+00 0.000E+00 0.000E+00  69.170000 1.000E+00 1.000E+00
   1  290640  1     4.572E+04 0.000E+00 6.100E-01 0.000E+00 0.000E+00 0.000E+00
   1      3.900E-01 0.000E+00 0.000E+00 3.160E-01   0.000000 1.000E+00 1.000E+00
   1  290650  6     0.000E+00 0.000E+00 0.000E+00 0.000E+00 0.000E+00 0.000E+00
   1      0.000E+00 0.000E+00 0.000E+00 0.000E+00  30.830000 1.000E+00 1.000E+00
   1  290660  1     3.060E+02 0.000E+00 0.000E+00 0.000E+00 0.000E+00 0.000E+00
   1      1.000E+00 0.000E+00 0.000E+00 1.152E+00   0.000000 1.000E+00 1.000E+00
   1  290670  1     2.228E+05 0.000E+00 0.000E+00 0.000E+00 0.000E+00 0.000E+00
   1      1.000E+00 0.000E+00 0.000E+00 2.711E-01   0.000000 1.000E+00 1.000E+00
   1  290680  1     3.110E+01 0.000E+00 0.000E+00 0.000E+00 0.000E+00 0.000E+00
   1      1.000E+00 0.000E+00 0.000E+00 2.502E+00   0.000000 1.000E+00 1.000E+00
   1  290681  1     2.250E+02 0.000E+00 0.000E+00 0.000E+00 0.000E+00 8.400E-01
   1      1.600E-01 0.000E+00 0.000E+00 1.304E+00   0.000000 1.000E+00 1.000E+00
   1  290690  1     1.710E+02 0.000E+00 0.000E+00 0.000E+00 0.000E+00 0.000E+00
   1      1.000E+00 0.000E+00 0.000E+00 1.412E+00   0.000000 1.000E+00 1.000E+00
   1  290700  1     4.500E+00 0.000E+00 0.000E+00 0.000E+00 0.000E+00 0.000E+00
   1      1.000E+00 0.000E+00 0.000E+00 3.260E+00   0.000000 1.000E+00 1.000E+00
   1  290701  1     3.300E+01 0.000E+00 0.000E+00 0.000E+00 0.000E+00 5.000E-01
   1      5.000E-01 0.000E+00 0.000E+00 2.280E+00   0.000000 1.000E+00 1.000E+00
   1  290702  1     6.600E+00 0.000E+00 0.000E+00 0.000E+00 0.000E+00 0.000E+00
   1      9.500E-01 5.000E-02 0.000E+00 4.333E+00   0.000000 1.000E+00 1.000E+00
   1  290710  1     1.950E+01 0.000E+00 0.000E+00 0.000E+00 0.000E+00 0.000E+00
   1      1.000E+00 0.000E+00 0.000E+00 2.702E+00   0.000000 1.000E+00 1.000E+00
   1  290720  1     6.600E+00 0.000E+00 0.000E+00 0.000E+00 0.000E+00 0.000E+00
   1      1.000E+00 0.000E+00 0.000E+00 4.549E+00   0.000000 1.000E+00 1.000E+00
   1  290730  1     4.200E+00 0.000E+00 0.000E+00 0.000E+00 0.000E+00 0.000E+00
   1      1.000E+00 0.000E+00 0.000E+00 3.056E-01   0.000000 1.000E+00 1.000E+00
   1  290740  1     1.594E+00 0.000E+00 0.000E+00 0.000E+00 0.000E+00 0.000E+00
   1      1.000E+00 0.000E+00 0.000E+00 6.469E+00   0.000000 1.000E+00 1.000E+00
   1  290750  1     1.224E+00 0.000E+00 0.000E+00 0.000E+00 0.000E+00 0.000E+00
   1      9.650E-01 0.000E+00 3.500E-02 5.464E+00   0.000000 1.000E+00 1.000E+00
   1  300580  1     8.400E-02 0.000E+00 9.700E-01 0.000E+00 0.000E+00 0.000E+00
   1      0.000E+00 0.000E+00 0.000E+00 6.200E+00   0.000000 1.000E+00 1.000E+00    1 3.000E-02 2.700E+00 1.000E+00
   1  300590  1     1.820E-01 0.000E+00 1.000E+00 0.000E+00 0.000E+00 0.000E+00
   1      0.000E+00 0.000E+00 0.000E+00 4.859E+00   0.000000 1.000E+00 1.000E+00
   1  300600  1     1.428E+02 0.000E+00 1.000E+00 0.000E+00 0.000E+00 0.000E+00
   1      0.000E+00 0.000E+00 0.000E+00 2.625E+00   0.000000 1.000E+00 1.000E+00
   1  300610  1     8.910E+01 0.000E+00 1.000E+00 0.000E+00 0.000E+00 0.000E+00
   1      0.000E+00 0.000E+00 0.000E+00 3.380E+00   0.000000 1.000E+00 1.000E+00
   1  300620  1     3.334E+04 0.000E+00 1.000E+00 0.000E+00 0.000E+00 0.000E+00
   1      0.000E+00 0.000E+00 0.000E+00 4.754E-01   0.000000 1.000E+00 1.000E+00
   1  300630  1     2.304E+03 0.000E+00 1.000E+00 0.000E+00 0.000E+00 0.000E+00
   1      0.000E+00 0.000E+00 0.000E+00 2.021E+00   0.000000 1.000E+00 1.000E+00
   1  300640  1     7.258E+25 0.000E+00 0.000E+00 0.000E+00 0.000E+00 0.000E+00
   1      0.000E+00 0.000E+00 0.000E+00 1.096E+00  48.600000 1.000E+00 1.000E+00    1 1.000E+00 2.200E+00 1.000E+00
   1  300650  1     2.109E+07 0.000E+00 1.000E+00 0.000E+00 0.000E+00 0.000E+00
   1      0.000E+00 0.000E+00 0.000E+00 5.889E-01   0.000000 1.000E+00 1.000E+00
   1  300660  6     0.000E+00 0.000E+00 0.000E+00 0.000E+00 0.000E+00 0.000E+00
   1      0.000E+00 0.000E+00 0.000E+00 0.000E+00  27.900000 1.000E+00 1.000E+00
   1  300670  6     0.000E+00 0.000E+00 0.000E+00 0.000E+00 0.000E+00 0.000E+00
   1      0.000E+00 0.000E+00 0.000E+00 0.000E+00   4.100000 1.000E+00 1.000E+00
   1  300680  6     0.000E+00 0.000E+00 0.000E+00 0.000E+00 0.000E+00 0.000E+00
   1      0.000E+00 0.000E+00 0.000E+00 0.000E+00  18.800000 1.000E+00 1.000E+00
   1  300690  1     3.384E+03 0.000E+00 0.000E+00 0.000E+00 0.000E+00 0.000E+00
   1      1.000E+00 0.000E+00 0.000E+00 3.229E-01   0.000000 1.000E+00 1.000E+00
   1  300691  1     4.961E+04 0.000E+00 0.000E+00 0.000E+00 0.000E+00 9.997E-01
   1      3.300E-04 0.000E+00 0.000E+00 4.388E-01   0.000000 1.000E+00 1.000E+00
   1  300700  6     0.000E+00 0.000E+00 0.000E+00 0.000E+00 0.000E+00 0.000E+00
   1      0.000E+00 0.000E+00 0.000E+00 0.000E+00   0.600000 1.000E+00 1.000E+00
   1  300710  1     1.470E+02 0.000E+00 0.000E+00 0.000E+00 0.000E+00 0.000E+00
   1      1.000E+00 0.000E+00 0.000E+00 1.363E+00   0.000000 1.000E+00 1.000E+00
   1  300711  1     1.426E+04 0.000E+00 0.000E+00 0.000E+00 0.000E+00 0.000E+00
   1      1.000E+00 0.000E+00 0.000E+00 2.097E+00   0.000000 1.000E+00 1.000E+00
   1  300720  1     1.674E+05 3.332E-02 0.000E+00 0.000E+00 0.000E+00 0.000E+00
   1      1.000E+00 0.000E+00 0.000E+00 2.554E-01   0.000000 1.000E+00 1.000E+00
   1  300730  1     2.350E+01 0.000E+00 0.000E+00 0.000E+00 0.000E+00 0.000E+00
   1      1.000E+00 0.000E+00 0.000E+00 1.949E+00   0.000000 1.000E+00 1.000E+00
   1  300731  1     1.300E+01 0.000E+00 0.000E+00 0.000E+00 0.000E+00 1.000E+00
   1      0.000E+00 0.000E+00 0.000E+00 1.955E-01   0.000000 1.000E+00 1.000E+00
   1  300732  1     5.800E+00 0.000E+00 0.000E+00 0.000E+00 0.000E+00 0.000E+00
   1      5.000E-01 5.000E-01 0.000E+00 1.530E+00   0.000000 1.000E+00 1.000E+00
   1  300740  1     9.560E+01 0.000E+00 0.000E+00 0.000E+00 0.000E+00 0.000E+00
   1      1.000E+00 0.000E+00 0.000E+00 1.100E+00   0.000000 1.000E+00 1.000E+00
   1  300750  1     1.020E+01 0.000E+00 0.000E+00 0.000E+00 0.000E+00 0.000E+00
   1      1.000E+00 0.000E+00 0.000E+00 3.653E+00   0.000000 1.000E+00 1.000E+00
   1  300760  1     5.700E+00 0.000E+00 0.000E+00 0.000E+00 0.000E+00 0.000E+00
   1      1.000E+00 0.000E+00 0.000E+00 2.109E+00   0.000000 1.000E+00 1.000E+00
   1  310630  1     3.240E+01 0.000E+00 1.000E+00 0.000E+00 0.000E+00 0.000E+00
   1      0.000E+00 0.000E+00 0.000E+00 3.263E+00   0.000000 1.000E+00 1.000E+00
   1  310640  1     1.576E+02 0.000E+00 1.000E+00 0.000E+00 0.000E+00 0.000E+00
   1      0.000E+00 0.000E+00 0.000E+00 5.051E+00   0.000000 1.000E+00 1.000E+00
   1  310650  1     9.120E+02 0.000E+00 1.000E+00 0.000E+00 0.000E+00 0.000E+00
   1      0.000E+00 0.000E+00 0.000E+00 1.991E+00   0.000000 1.000E+00 1.000E+00
   1  310660  1     3.416E+04 0.000E+00 1.000E+00 0.000E+00 0.000E+00 0.000E+00
   1      0.000E+00 0.000E+00 0.000E+00 3.435E+00   0.000000 1.000E+00 1.000E+00
   1  310670  1     2.818E+05 0.000E+00 1.000E+00 0.000E+00 0.000E+00 0.000E+00
   1      0.000E+00 0.000E+00 0.000E+00 1.947E-01   0.000000 1.000E+00 1.000E+00
   1  310680  1     4.059E+03 0.000E+00 1.000E+00 0.000E+00 0.000E+00 0.000E+00
   1      0.000E+00 0.000E+00 0.000E+00 1.691E+00   0.000000 1.000E+00 1.000E+00
   1  310690  6     0.000E+00 0.000E+00 0.000E+00 0.000E+00 0.000E+00 0.000E+00
   1      0.000E+00 0.000E+00 0.000E+00 0.000E+00  60.108000 1.000E+00 1.000E+00
   1  310700  1     1.268E+03 0.000E+00 4.100E-03 0.000E+00 0.000E+00 0.000E+00
   1      9.959E-01 0.000E+00 0.000E+00 6.514E-01   0.000000 1.000E+00 1.000E+00
   1  310710  6     0.000E+00 0.000E+00 0.000E+00 0.000E+00 0.000E+00 0.000E+00
   1      0.000E+00 0.000E+00 0.000E+00 0.000E+00  39.892000 1.000E+00 1.000E+00
   1  310720  1     5.076E+04 0.000E+00 0.000E+00 0.000E+00 0.000E+00 0.000E+00
   1      1.000E+00 0.000E+00 0.000E+00 3.211E+00   0.000000 1.000E+00 1.000E+00
   1  310721  1     3.968E-02 0.000E+00 0.000E+00 0.000E+00 0.000E+00 1.000E+00
   1      0.000E+00 0.000E+00 0.000E+00 1.197E-01   0.000000 1.000E+00 1.000E+00
   1  310730  1     1.750E+04 9.853E-01 0.000E+00 0.000E+00 0.000E+00 0.000E+00
   1      1.000E+00 0.000E+00 0.000E+00 7.876E-01   0.000000 1.000E+00 1.000E+00
   1  310740  1     4.872E+02 0.000E+00 0.000E+00 0.000E+00 0.000E+00 0.000E+00
   1      1.000E+00 0.000E+00 0.000E+00 3.994E+00   0.000000 1.000E+00 1.000E+00
   1  310741  1     9.500E+00 0.000E+00 0.000E+00 0.000E+00 0.000E+00 1.000E+00
   1      0.000E+00 0.000E+00 0.000E+00 5.983E-02   0.000000 1.000E+00 1.000E+00
   1  310750  1     1.302E+02 7.000E-03 0.000E+00 0.000E+00 0.000E+00 0.000E+00
   1      1.000E+00 0.000E+00 0.000E+00 1.452E+00   0.000000 1.000E+00 1.000E+00
   1  310760  1     3.260E+01 0.000E+00 0.000E+00 0.000E+00 0.000E+00 0.000E+00
   1      1.000E+00 0.000E+00 0.000E+00 4.515E+00   0.000000 1.000E+00 1.000E+00
   1  310770  1     1.300E+01 1.000E+00 0.000E+00 0.000E+00 0.000E+00 0.000E+00
   1      1.000E+00 0.000E+00 0.000E+00 2.569E+00   0.000000 1.000E+00 1.000E+00
   1  310780  1     5.090E+00 0.000E+00 0.000E+00 0.000E+00 0.000E+00 0.000E+00
   1      1.000E+00 0.000E+00 0.000E+00 5.104E+00   0.000000 1.000E+00 1.000E+00
   1  310790  1     3.000E+00 5.205E-02 0.000E+00 0.000E+00 0.000E+00 0.000E+00
   1      9.991E-01 0.000E+00 8.900E-04 4.350E+00   0.000000 1.000E+00 1.000E+00
   1  320640  1     6.370E+01 0.000E+00 1.000E+00 0.000E+00 0.000E+00 0.000E+00
   1      0.000E+00 0.000E+00 0.000E+00 2.293E+00   0.000000 1.000E+00 1.000E+00
   1  320650  1     3.090E+01 0.000E+00 1.000E+00 0.000E+00 0.000E+00 0.000E+00
   1      0.000E+00 0.000E+00 0.000E+00 3.872E+00   0.000000 1.000E+00 1.000E+00
   1  320660  1     8.136E+03 0.000E+00 1.000E+00 0.000E+00 0.000E+00 0.000E+00
   1      0.000E+00 0.000E+00 0.000E+00 7.717E-01   0.000000 1.000E+00 1.000E+00
   1  320670  1     1.134E+03 0.000E+00 1.000E+00 0.000E+00 0.000E+00 0.000E+00
   1      0.000E+00 0.000E+00 0.000E+00 2.527E+00   0.000000 1.000E+00 1.000E+00
   1  320680  1     2.341E+07 0.000E+00 1.000E+00 0.000E+00 0.000E+00 0.000E+00
   1      0.000E+00 0.000E+00 0.000E+00 8.889E-03   0.000000 1.000E+00 1.000E+00
   1  320690  1     1.406E+05 0.000E+00 1.000E+00 0.000E+00 0.000E+00 0.000E+00
   1      0.000E+00 0.000E+00 0.000E+00 1.071E+00   0.000000 1.000E+00 1.000E+00
   1  320700  6     0.000E+00 0.000E+00 0.000E+00 0.000E+00 0.000E+00 0.000E+00
   1      0.000E+00 0.000E+00 0.000E+00 0.000E+00  21.230000 1.000E+00 1.000E+00
   1  320710  1     9.876E+05 0.000E+00 1.000E+00 0.000E+00 0.000E+00 0.000E+00
   1      0.000E+00 0.000E+00 0.000E+00 8.987E-03   0.000000 1.000E+00 1.000E+00
   1  320720  6     0.000E+00 0.000E+00 0.000E+00 0.000E+00 0.000E+00 0.000E+00
   1      0.000E+00 0.000E+00 0.000E+00 0.000E+00  27.660000 1.000E+00 1.000E+00
   1  320730  6     0.000E+00 0.000E+00 0.000E+00 0.000E+00 0.000E+00 0.000E+00
   1      0.000E+00 0.000E+00 0.000E+00 0.000E+00   7.730000 1.000E+00 1.000E+00
   1  320731  1     4.990E-01 0.000E+00 0.000E+00 0.000E+00 0.000E+00 1.000E+00
   1      0.000E+00 0.000E+00 0.000E+00 6.445E-02   0.000000 1.000E+00 1.000E+00
   1  320740  6     0.000E+00 0.000E+00 0.000E+00 0.000E+00 0.000E+00 0.000E+00
   1      0.000E+00 0.000E+00 0.000E+00 0.000E+00  35.940000 1.000E+00 1.000E+00
   1  320750  1     4.967E+03 0.000E+00 0.000E+00 0.000E+00 0.000E+00 0.000E+00
   1      1.000E+00 0.000E+00 0.000E+00 4.556E-01   0.000000 1.000E+00 1.000E+00
   1  320751  1     4.770E+01 0.000E+00 0.000E+00 0.000E+00 0.000E+00 9.997E-01
   1      3.000E-04 0.000E+00 0.000E+00 1.390E-01   0.000000 1.000E+00 1.000E+00
   1  320760  1     4.986E+28 0.000E+00 0.000E+00 0.000E+00 0.000E+00 0.000E+00
   1      0.000E+00 0.000E+00 0.000E+00 2.039E+00   7.440000 1.000E+00 1.000E+00    1 1.000E+00 1.100E+00 1.000E+00
   1  320770  1     4.068E+04 0.000E+00 0.000E+00 0.000E+00 0.000E+00 0.000E+00
   1      1.000E+00 0.000E+00 0.000E+00 1.721E+00   0.000000 1.000E+00 1.000E+00
   1  320771  1     5.290E+01 0.000E+00 0.000E+00 0.000E+00 0.000E+00 1.900E-01
   1      8.100E-01 0.000E+00 0.000E+00 1.040E+00   0.000000 1.000E+00 1.000E+00
   1  320780  1     5.280E+03 0.000E+00 0.000E+00 0.000E+00 0.000E+00 0.000E+00
   1      1.000E+00 0.000E+00 0.000E+00 5.048E-01   0.000000 1.000E+00 1.000E+00
   1  320790  1     1.898E+01 0.000E+00 0.000E+00 0.000E+00 0.000E+00 0.000E+00
   1      1.000E+00 0.000E+00 0.000E+00 1.974E+00   0.000000 1.000E+00 1.000E+00
   1  320791  1     3.900E+01 0.000E+00 0.000E+00 0.000E+00 0.000E+00 4.000E-02
   1      9.600E-01 0.000E+00 0.000E+00 2.488E+00   0.000000 1.000E+00 1.000E+00
   1  320800  1     2.700E+01 0.000E+00 0.000E+00 0.000E+00 0.000E+00 0.000E+00
   1      1.000E+00 0.000E+00 0.000E+00 1.292E+00   0.000000 1.000E+00 1.000E+00
   1  320810  1     7.600E+00 0.000E+00 0.000E+00 0.000E+00 0.000E+00 0.000E+00
   1      1.000E+00 0.000E+00 0.000E+00 4.310E+00   0.000000 1.000E+00 1.000E+00
   1  320811  1     7.600E+00 0.000E+00 0.000E+00 0.000E+00 0.000E+00 1.000E-02
   1      1.000E+00 0.000E+00 0.000E+00 3.971E+00   0.000000 1.000E+00 1.000E+00
   1  330670  1     4.250E+01 0.000E+00 1.000E+00 0.000E+00 0.000E+00 0.000E+00
   1      0.000E+00 0.000E+00 0.000E+00 3.532E+00   0.000000 1.000E+00 1.000E+00
   1  330680  1     1.516E+02 0.000E+00 1.000E+00 0.000E+00 0.000E+00 0.000E+00
   1      0.000E+00 0.000E+00 0.000E+00 5.714E+00   0.000000 1.000E+00 1.000E+00
   1  330690  1     9.138E+02 0.000E+00 1.000E+00 0.000E+00 0.000E+00 0.000E+00
   1      0.000E+00 0.000E+00 0.000E+00 2.354E+00   0.000000 1.000E+00 1.000E+00
   1  330700  1     3.156E+03 0.000E+00 1.000E+00 0.000E+00 0.000E+00 0.000E+00
   1      0.000E+00 0.000E+00 0.000E+00 4.838E+00   0.000000 1.000E+00 1.000E+00
   1  330710  1     2.350E+05 0.000E+00 1.000E+00 0.000E+00 0.000E+00 0.000E+00
   1      0.000E+00 0.000E+00 0.000E+00 6.909E-01   0.000000 1.000E+00 1.000E+00
   1  330720  1     9.360E+04 0.000E+00 1.000E+00 0.000E+00 0.000E+00 0.000E+00
   1      0.000E+00 0.000E+00 0.000E+00 2.821E+00   0.000000 1.000E+00 1.000E+00
   1  330730  1     6.938E+06 0.000E+00 1.000E+00 0.000E+00 0.000E+00 0.000E+00
   1      0.000E+00 0.000E+00 0.000E+00 7.357E-02   0.000000 1.000E+00 1.000E+00
   1  330740  1     1.536E+06 0.000E+00 6.600E-01 0.000E+00 0.000E+00 0.000E+00
   1      3.400E-01 0.000E+00 0.000E+00 1.028E+00   0.000000 1.000E+00 1.000E+00
   1  330750  6     0.000E+00 0.000E+00 0.000E+00 0.000E+00 0.000E+00 0.000E+00
   1      0.000E+00 0.000E+00 0.000E+00 0.000E+00 100.000000 1.000E+00 1.000E+00
   1  330760  1     9.446E+04 0.000E+00 0.000E+00 0.000E+00 0.000E+00 0.000E+00
   1      1.000E+00 0.000E+00 0.000E+00 1.481E+00   0.000000 1.000E+00 1.000E+00
   1  330770  1     1.398E+05 0.000E+00 0.000E+00 0.000E+00 0.000E+00 0.000E+00
   1      1.000E+00 0.000E+00 0.000E+00 2.338E-01   0.000000 1.000E+00 1.000E+00
   1  330780  1     5.442E+03 0.000E+00 0.000E+00 0.000E+00 0.000E+00 0.000E+00
   1      1.000E+00 0.000E+00 0.000E+00 2.556E+00   0.000000 1.000E+00 1.000E+00
   1  330790  1     5.406E+02 9.763E-01 0.000E+00 0.000E+00 0.000E+00 0.000E+00
   1      1.000E+00 0.000E+00 0.000E+00 8.730E-01   0.000000 1.000E+00 1.000E+00
   1  330800  1     1.520E+01 0.000E+00 0.000E+00 0.000E+00 0.000E+00 0.000E+00
   1      1.000E+00 0.000E+00 0.000E+00 2.730E+00   0.000000 1.000E+00 1.000E+00
   1  330810  1     3.330E+01 3.590E-02 0.000E+00 0.000E+00 0.000E+00 0.000E+00
   1      1.000E+00 0.000E+00 0.000E+00 1.806E+00   0.000000 1.000E+00 1.000E+00
   1  330820  1     1.910E+01 0.000E+00 0.000E+00 0.000E+00 0.000E+00 0.000E+00
   1      1.000E+00 0.000E+00 0.000E+00 3.624E+00   0.000000 1.000E+00 1.000E+00
   1  330821  1     1.360E+01 0.000E+00 0.000E+00 0.000E+00 0.000E+00 0.000E+00
   1      1.000E+00 0.000E+00 0.000E+00 5.007E+00   0.000000 1.000E+00 1.000E+00
   1  330830  1     1.340E+01 7.000E-01 0.000E+00 0.000E+00 0.000E+00 0.000E+00
   1      1.000E+00 0.000E+00 0.000E+00 3.390E+00   0.000000 1.000E+00 1.000E+00
   1  330840  1     5.500E+00 0.000E+00 0.000E+00 0.000E+00 0.000E+00 0.000E+00
   1      9.972E-01 0.000E+00 2.800E-03 7.340E+00   0.000000 1.000E+00 1.000E+00
   1  330841  1     6.500E-01 0.000E+00 0.000E+00 0.000E+00 0.000E+00 0.000E+00
   1      1.000E+00 0.000E+00 0.000E+00 6.581E+00   0.000000 1.000E+00 1.000E+00
   1  340680  1     3.550E+01 0.000E+00 1.000E+00 0.000E+00 0.000E+00 0.000E+00
   1      0.000E+00 0.000E+00 0.000E+00 3.127E+00   0.000000 1.000E+00 1.000E+00
   1  340690  1     2.740E+01 0.000E+00 1.000E+00 0.000E+00 0.000E+00 0.000E+00
   1      0.000E+00 0.000E+00 0.000E+00 4.169E+00   0.000000 1.000E+00 1.000E+00
   1  340700  1     2.466E+03 0.000E+00 1.000E+00 0.000E+00 0.000E+00 0.000E+00
   1      0.000E+00 0.000E+00 0.000E+00 1.477E+00   0.000000 1.000E+00 1.000E+00
   1  340710  1     2.844E+02 0.000E+00 1.000E+00 0.000E+00 0.000E+00 0.000E+00
   1      0.000E+00 0.000E+00 0.000E+00 2.981E+00   0.000000 1.000E+00 1.000E+00
   1  340720  1     7.258E+05 0.000E+00 1.000E+00 0.000E+00 0.000E+00 0.000E+00
   1      0.000E+00 0.000E+00 0.000E+00 5.680E-02   0.000000 1.000E+00 1.000E+00
   1  340730  1     2.574E+04 0.000E+00 1.000E+00 0.000E+00 0.000E+00 0.000E+00
   1      0.000E+00 0.000E+00 0.000E+00 1.477E+00   0.000000 1.000E+00 1.000E+00
   1  340731  1     2.388E+03 0.000E+00 2.740E-01 0.000E+00 0.000E+00 7.260E-01
   1      0.000E+00 0.000E+00 0.000E+00 4.264E-01   0.000000 1.000E+00 1.000E+00
   1  340740  6     0.000E+00 0.000E+00 0.000E+00 0.000E+00 0.000E+00 0.000E+00
   1      0.000E+00 0.000E+00 0.000E+00 0.000E+00   0.890000 1.000E+00 1.000E+00
   1  340750  1     1.034E+07 0.000E+00 1.000E+00 0.000E+00 0.000E+00 0.000E+00
   1      0.000E+00 0.000E+00 0.000E+00 4.048E-01   0.000000 1.000E+00 1.000E+00
   1  340760  6     0.000E+00 0.000E+00 0.000E+00 0.000E+00 0.000E+00 0.000E+00
   1      0.000E+00 0.000E+00 0.000E+00 0.000E+00   9.360000 1.000E+00 1.000E+00
   1  340770  6     0.000E+00 0.000E+00 0.000E+00 0.000E+00 0.000E+00 0.000E+00
   1      0.000E+00 0.000E+00 0.000E+00 0.000E+00   7.630000 1.000E+00 1.000E+00
   1  340771  1     1.736E+01 0.000E+00 0.000E+00 0.000E+00 0.000E+00 1.000E+00
   1      0.000E+00 0.000E+00 0.000E+00 1.617E-01   0.000000 1.000E+00 1.000E+00
   1  340780  6     0.000E+00 0.000E+00 0.000E+00 0.000E+00 0.000E+00 0.000E+00
   1      0.000E+00 0.000E+00 0.000E+00 0.000E+00  23.780000 1.000E+00 1.000E+00
   1  340790  1     3.471E+13 0.000E+00 0.000E+00 0.000E+00 0.000E+00 0.000E+00
   1      1.000E+00 0.000E+00 0.000E+00 5.580E-02   0.000000 1.000E+00 1.000E+00
   1  340791  1     2.340E+02 0.000E+00 0.000E+00 0.000E+00 0.000E+00 9.994E-01
   1      5.600E-04 0.000E+00 0.000E+00 9.583E-02   0.000000 1.000E+00 1.000E+00
   1  340800  6     0.000E+00 0.000E+00 0.000E+00 0.000E+00 0.000E+00 0.000E+00
   1      0.000E+00 0.000E+00 0.000E+00 0.000E+00  49.610000 1.000E+00 1.000E+00
   1  340810  1     1.107E+03 0.000E+00 0.000E+00 0.000E+00 0.000E+00 0.000E+00
   1      1.000E+00 0.000E+00 0.000E+00 6.187E-01   0.000000 1.000E+00 1.000E+00
   1  340811  1     3.437E+03 0.000E+00 0.000E+00 0.000E+00 0.000E+00 9.995E-01
   1      5.200E-04 0.000E+00 0.000E+00 1.027E-01   0.000000 1.000E+00 1.000E+00
   1  340820  1     3.818E+27 0.000E+00 0.000E+00 0.000E+00 0.000E+00 0.000E+00
   1      0.000E+00 0.000E+00 0.000E+00 2.995E+00   8.730000 1.000E+00 1.000E+00    1 1.000E+00 1.100E+00 1.000E+00
   1  340830  1     1.340E+03 0.000E+00 0.000E+00 0.000E+00 0.000E+00 0.000E+00
   1      1.000E+00 0.000E+00 0.000E+00 3.010E+00   0.000000 1.000E+00 1.000E+00
   1  340831  1     7.010E+01 0.000E+00 0.000E+00 0.000E+00 0.000E+00 0.000E+00
   1      1.000E+00 0.000E+00 0.000E+00 2.244E+00   0.000000 1.000E+00 1.000E+00
   1  340840  1     1.860E+02 0.000E+00 0.000E+00 0.000E+00 0.000E+00 0.000E+00
   1      1.000E+00 0.000E+00 0.000E+00 9.486E-01   0.000000 1.000E+00 1.000E+00
   1  340850  1     3.170E+01 0.000E+00 0.000E+00 0.000E+00 0.000E+00 0.000E+00
   1      1.000E+00 0.000E+00 0.000E+00 4.000E+00   0.000000 1.000E+00 1.000E+00
   1  350710  1     2.140E+01 0.000E+00 1.000E+00 0.000E+00 0.000E+00 0.000E+00
   1      0.000E+00 0.000E+00 0.000E+00 2.260E+00   0.000000 1.000E+00 1.000E+00
   1  350720  1     7.860E+01 0.000E+00 1.000E+00 0.000E+00 0.000E+00 0.000E+00
   1      0.000E+00 0.000E+00 0.000E+00 5.639E+00   0.000000 1.000E+00 1.000E+00
   1  350721  1     1.060E+01 0.000E+00 0.000E+00 0.000E+00 0.000E+00 1.000E+00
   1      0.000E+00 0.000E+00 0.000E+00 1.009E-01   0.000000 1.000E+00 1.000E+00
   1  350730  1     2.040E+02 0.000E+00 1.000E+00 7.941E-01 0.000E+00 0.000E+00
   1      0.000E+00 0.000E+00 0.000E+00 2.778E+00   0.000000 1.000E+00 1.000E+00
   1  350740  1     1.524E+03 0.000E+00 1.000E+00 0.000E+00 0.000E+00 0.000E+00
   1      0.000E+00 0.000E+00 0.000E+00 5.412E+00   0.000000 1.000E+00 1.000E+00
   1  350741  1     2.760E+03 0.000E+00 1.000E+00 0.000E+00 0.000E+00 0.000E+00
   1      0.000E+00 0.000E+00 0.000E+00 5.038E+00   0.000000 1.000E+00 1.000E+00
   1  350750  1     5.802E+03 0.000E+00 1.000E+00 0.000E+00 0.000E+00 0.000E+00
   1      0.000E+00 0.000E+00 0.000E+00 1.722E+00   0.000000 1.000E+00 1.000E+00
   1  350760  1     5.832E+04 0.000E+00 1.000E+00 0.000E+00 0.000E+00 0.000E+00
   1      0.000E+00 0.000E+00 0.000E+00 3.364E+00   0.000000 1.000E+00 1.000E+00
   1  350761  1     1.310E+00 0.000E+00 3.000E-03 0.000E+00 0.000E+00 9.970E-01
   1      0.000E+00 0.000E+00 0.000E+00 3.400E-02   0.000000 1.000E+00 1.000E+00
   1  350770  1     2.053E+05 0.000E+00 1.000E+00 0.000E+00 0.000E+00 0.000E+00
   1      0.000E+00 0.000E+00 0.000E+00 3.269E-01   0.000000 1.000E+00 1.000E+00
   1  350771  1     2.568E+02 0.000E+00 0.000E+00 0.000E+00 0.000E+00 1.000E+00
   1      0.000E+00 0.000E+00 0.000E+00 1.044E-01   0.000000 1.000E+00 1.000E+00
   1  350780  1     3.876E+02 0.000E+00 1.000E+00 0.000E+00 0.000E+00 0.000E+00
   1      0.000E+00 0.000E+00 0.000E+00 2.058E+00   0.000000 1.000E+00 1.000E+00
   1  350790  6     0.000E+00 0.000E+00 0.000E+00 0.000E+00 0.000E+00 0.000E+00
   1      0.000E+00 0.000E+00 0.000E+00 0.000E+00  50.690000 1.000E+00 1.000E+00
   1  350791  1     4.864E+00 0.000E+00 0.000E+00 0.000E+00 0.000E+00 1.000E+00
   1      0.000E+00 0.000E+00 0.000E+00 2.068E-01   0.000000 1.000E+00 1.000E+00
   1  350800  1     1.056E+03 0.000E+00 8.300E-02 0.000E+00 0.000E+00 0.000E+00
   1      9.170E-01 0.000E+00 0.000E+00 8.010E-01   0.000000 1.000E+00 1.000E+00
   1  350801  1     1.588E+04 0.000E+00 0.000E+00 0.000E+00 0.000E+00 1.000E+00
   1      0.000E+00 0.000E+00 0.000E+00 8.602E-02   0.000000 1.000E+00 1.000E+00
   1  350810  6     0.000E+00 0.000E+00 0.000E+00 0.000E+00 0.000E+00 0.000E+00
   1      0.000E+00 0.000E+00 0.000E+00 0.000E+00  49.310000 1.000E+00 1.000E+00
   1  350820  1     1.272E+05 0.000E+00 0.000E+00 0.000E+00 0.000E+00 0.000E+00
   1      1.000E+00 0.000E+00 0.000E+00 2.781E+00   0.000000 1.000E+00 1.000E+00
   1  350821  1     3.654E+02 0.000E+00 0.000E+00 0.000E+00 0.000E+00 9.760E-01
   1      2.400E-02 0.000E+00 0.000E+00 7.827E-02   0.000000 1.000E+00 1.000E+00
   1  350830  1     8.640E+03 9.991E-01 0.000E+00 0.000E+00 0.000E+00 0.000E+00
   1      1.000E+00 0.000E+00 0.000E+00 3.321E-01   0.000000 1.000E+00 1.000E+00
   1  350840  1     1.908E+03 0.000E+00 0.000E+00 0.000E+00 0.000E+00 0.000E+00
   1      1.000E+00 0.000E+00 0.000E+00 2.998E+00   0.000000 1.000E+00 1.000E+00
   1  350841  1     3.600E+02 0.000E+00 0.000E+00 0.000E+00 0.000E+00 0.000E+00
   1      1.000E+00 0.000E+00 0.000E+00 3.678E+00   0.000000 1.000E+00 1.000E+00
   1  350850  1     1.740E+02 9.984E-01 0.000E+00 0.000E+00 0.000E+00 0.000E+00
   1      1.000E+00 0.000E+00 0.000E+00 1.103E+00   0.000000 1.000E+00 1.000E+00
   1  350860  1     5.500E+01 0.000E+00 0.000E+00 0.000E+00 0.000E+00 0.000E+00
   1      1.000E+00 0.000E+00 0.000E+00 5.200E+00   0.000000 1.000E+00 1.000E+00
   1  350870  1     5.570E+01 0.000E+00 0.000E+00 0.000E+00 0.000E+00 0.000E+00
   1      9.749E-01 0.000E+00 2.510E-02 4.670E+00   0.000000 1.000E+00 1.000E+00
   1  350880  1     1.650E+01 0.000E+00 0.000E+00 0.000E+00 0.000E+00 0.000E+00
   1      9.330E-01 0.000E+00 6.700E-02 5.514E+00   0.000000 1.000E+00 1.000E+00
   1  360720  1     1.720E+01 0.000E+00 1.000E+00 0.000E+00 0.000E+00 0.000E+00
   1      0.000E+00 0.000E+00 0.000E+00 2.820E+00   0.000000 1.000E+00 1.000E+00
   1  360730  1     2.730E+01 0.000E+00 1.000E+00 0.000E+00 0.000E+00 0.000E+00
   1      0.000E+00 0.000E+00 0.000E+00 4.097E+00   0.000000 1.000E+00 1.000E+00
   1  360740  1     6.900E+02 0.000E+00 1.000E+00 0.000E+00 0.000E+00 0.000E+00
   1      0.000E+00 0.000E+00 0.000E+00 1.821E+00   0.000000 1.000E+00 1.000E+00
   1  360750  1     2.574E+02 0.000E+00 1.000E+00 0.000E+00 0.000E+00 0.000E+00
   1      0.000E+00 0.000E+00 0.000E+00 2.856E+00   0.000000 1.000E+00 1.000E+00
   1  360760  1     5.330E+04 0.000E+00 1.000E+00 0.000E+00 0.000E+00 0.000E+00
   1      0.000E+00 0.000E+00 0.000E+00 4.304E-01   0.000000 1.000E+00 1.000E+00
   1  360770  1     4.464E+03 0.000E+00 1.000E+00 0.000E+00 0.000E+00 0.000E+00
   1      0.000E+00 0.000E+00 0.000E+00 1.717E+00   0.000000 1.000E+00 1.000E+00
   1  360780  1     3.471E+27 0.000E+00 0.000E+00 0.000E+00 0.000E+00 0.000E+00
   1      0.000E+00 0.000E+00 0.000E+00 2.846E+00   0.350000 1.000E+00 1.000E+00    1 1.000E+00 2.200E+00 1.000E+00
   1  360790  1     1.261E+05 0.000E+00 1.000E+00 0.000E+00 0.000E+00 0.000E+00
   1      0.000E+00 0.000E+00 0.000E+00 2.824E-01   0.000000 1.000E+00 1.000E+00
   1  360791  1     5.000E+01 0.000E+00 0.000E+00 0.000E+00 0.000E+00 1.000E+00
   1      0.000E+00 0.000E+00 0.000E+00 1.299E-01   0.000000 1.000E+00 1.000E+00
   1  360800  6     0.000E+00 0.000E+00 0.000E+00 0.000E+00 0.000E+00 0.000E+00
   1      0.000E+00 0.000E+00 0.000E+00 0.000E+00   2.250000 1.000E+00 1.000E+00
   1  360810  1     6.627E+12 0.000E+00 1.000E+00 0.000E+00 0.000E+00 0.000E+00
   1      0.000E+00 0.000E+00 0.000E+00 1.275E-02   0.000000 1.000E+00 1.000E+00
   1  360811  1     1.320E+01 0.000E+00 2.500E-05 0.000E+00 0.000E+00 1.000E+00
   1      0.000E+00 0.000E+00 0.000E+00 1.905E-01   0.000000 1.000E+00 1.000E+00
   1  360820  6     0.000E+00 0.000E+00 0.000E+00 0.000E+00 0.000E+00 0.000E+00
   1      0.000E+00 0.000E+00 0.000E+00 0.000E+00  11.600000 1.000E+00 1.000E+00
   1  360830  6     0.000E+00 0.000E+00 0.000E+00 0.000E+00 0.000E+00 0.000E+00
   1      0.000E+00 0.000E+00 0.000E+00 0.000E+00  11.500000 1.000E+00 1.000E+00
   1  360831  1     6.588E+03 0.000E+00 0.000E+00 0.000E+00 0.000E+00 1.000E+00
   1      0.000E+00 0.000E+00 0.000E+00 4.186E-02   0.000000 1.000E+00 1.000E+00
   1  360840  6     0.000E+00 0.000E+00 0.000E+00 0.000E+00 0.000E+00 0.000E+00
   1      0.000E+00 0.000E+00 0.000E+00 0.000E+00  57.000000 1.000E+00 1.000E+00
   1  360850  1     3.393E+08 0.000E+00 0.000E+00 0.000E+00 0.000E+00 0.000E+00
   1      1.000E+00 0.000E+00 0.000E+00 2.304E-01   0.000000 1.000E+00 1.000E+00
   1  360851  1     1.613E+04 0.000E+00 0.000E+00 0.000E+00 0.000E+00 2.140E-01
   1      7.860E-01 0.000E+00 0.000E+00 4.116E-01   0.000000 1.000E+00 1.000E+00
   1  360860  6     0.000E+00 0.000E+00 0.000E+00 0.000E+00 0.000E+00 0.000E+00
   1      0.000E+00 0.000E+00 0.000E+00 0.000E+00  17.300000 1.000E+00 1.000E+00
   1  360870  1     4.578E+03 0.000E+00 0.000E+00 0.000E+00 0.000E+00 0.000E+00
   1      1.000E+00 0.000E+00 0.000E+00 2.118E+00   0.000000 1.000E+00 1.000E+00
   1  360880  1     1.022E+04 0.000E+00 0.000E+00 0.000E+00 0.000E+00 0.000E+00
   1      1.000E+00 0.000E+00 0.000E+00 2.321E+00   0.000000 1.000E+00 1.000E+00
   1  360890  1     1.890E+02 0.000E+00 0.000E+00 0.000E+00 0.000E+00 0.000E+00
   1      1.000E+00 0.000E+00 0.000E+00 3.213E+00   0.000000 1.000E+00 1.000E+00
   1  360900  1     3.232E+01 1.220E-01 0.000E+00 0.000E+00 0.000E+00 0.000E+00
   1      1.000E+00 0.000E+00 0.000E+00 2.532E+00   0.000000 1.000E+00 1.000E+00
   1  370770  1     2.262E+02 0.000E+00 1.000E+00 0.000E+00 0.000E+00 0.000E+00
   1      0.000E+00 0.000E+00 0.000E+00 3.203E+00   0.000000 1.000E+00 1.000E+00
   1  370780  1     1.060E+03 0.000E+00 1.000E+00 0.000E+00 0.000E+00 0.000E+00
   1      0.000E+00 0.000E+00 0.000E+00 5.275E+00   0.000000 1.000E+00 1.000E+00
   1  370781  1     3.444E+02 0.000E+00 9.000E-01 0.000E+00 0.000E+00 1.000E-01
   1      0.000E+00 0.000E+00 0.000E+00 4.661E+00   0.000000 1.000E+00 1.000E+00
   1  370790  1     1.374E+03 0.000E+00 1.000E+00 0.000E+00 0.000E+00 0.000E+00
   1      0.000E+00 0.000E+00 0.000E+00 2.209E+00   0.000000 1.000E+00 1.000E+00
   1  370800  1     3.400E+01 0.000E+00 1.000E+00 0.000E+00 0.000E+00 0.000E+00
   1      0.000E+00 0.000E+00 0.000E+00 3.217E+00   0.000000 1.000E+00 1.000E+00
   1  370810  1     1.647E+04 0.000E+00 1.000E+00 0.000E+00 0.000E+00 0.000E+00
   1      0.000E+00 0.000E+00 0.000E+00 8.320E-01   0.000000 1.000E+00 1.000E+00
   1  370811  1     1.815E+03 0.000E+00 3.800E-02 9.168E-03 0.000E+00 9.620E-01
   1      0.000E+00 0.000E+00 0.000E+00 1.023E-01   0.000000 1.000E+00 1.000E+00
   1  370820  1     7.638E+01 0.000E+00 1.000E+00 0.000E+00 0.000E+00 0.000E+00
   1      0.000E+00 0.000E+00 0.000E+00 2.520E+00   0.000000 1.000E+00 1.000E+00
   1  370821  1     2.330E+04 0.000E+00 1.000E+00 0.000E+00 0.000E+00 0.000E+00
   1      0.000E+00 0.000E+00 0.000E+00 2.984E+00   0.000000 1.000E+00 1.000E+00
   1  370830  1     7.448E+06 0.000E+00 1.000E+00 7.500E-01 0.000E+00 0.000E+00
   1      0.000E+00 0.000E+00 0.000E+00 5.047E-01   0.000000 1.000E+00 1.000E+00
   1  370840  1     2.894E+06 0.000E+00 9.680E-01 0.000E+00 0.000E+00 0.000E+00
   1      3.200E-02 0.000E+00 0.000E+00 1.031E+00   0.000000 1.000E+00 1.000E+00
   1  370841  1     1.224E+03 0.000E+00 0.000E+00 0.000E+00 0.000E+00 1.000E+00
   1      0.000E+00 0.000E+00 0.000E+00 4.631E-01   0.000000 1.000E+00 1.000E+00
   1  370850  6     0.000E+00 0.000E+00 0.000E+00 0.000E+00 0.000E+00 0.000E+00
   1      0.000E+00 0.000E+00 0.000E+00 0.000E+00  72.165000 1.000E+00 1.000E+00
   1  370860  1     1.610E+06 0.000E+00 5.200E-05 0.000E+00 0.000E+00 0.000E+00
   1      1.000E+00 0.000E+00 0.000E+00 7.500E-01   0.000000 1.000E+00 1.000E+00
   1  370861  1     6.100E+01 0.000E+00 0.000E+00 0.000E+00 0.000E+00 1.000E+00
   1      0.000E+00 0.000E+00 0.000E+00 5.560E-01   0.000000 1.000E+00 1.000E+00
   1  370870  1     1.499E+18 0.000E+00 0.000E+00 0.000E+00 0.000E+00 0.000E+00
   1      1.000E+00 0.000E+00 0.000E+00 8.170E-02  27.835000 1.000E+00 1.000E+00
   1  370880  1     1.068E+03 0.000E+00 0.000E+00 0.000E+00 0.000E+00 0.000E+00
   1      1.000E+00 0.000E+00 0.000E+00 2.724E+00   0.000000 1.000E+00 1.000E+00
   1  370890  1     9.240E+02 0.000E+00 0.000E+00 0.000E+00 0.000E+00 0.000E+00
   1      1.000E+00 0.000E+00 0.000E+00 3.163E+00   0.000000 1.000E+00 1.000E+00
   1  370900  1     1.580E+02 0.000E+00 0.000E+00 0.000E+00 0.000E+00 0.000E+00
   1      1.000E+00 0.000E+00 0.000E+00 4.031E+00   0.000000 1.000E+00 1.000E+00
   1  370901  1     2.580E+02 0.000E+00 0.000E+00 0.000E+00 0.000E+00 2.600E-02
   1      9.740E-01 0.000E+00 0.000E+00 4.644E+00   0.000000 1.000E+00 1.000E+00
   1  370910  1     5.840E+01 0.000E+00 0.000E+00 0.000E+00 0.000E+00 0.000E+00
   1      1.000E+00 0.000E+00 0.000E+00 3.881E+00   0.000000 1.000E+00 1.000E+00
   1  370920  1     4.492E+00 0.000E+00 0.000E+00 0.000E+00 0.000E+00 0.000E+00
   1      1.000E+00 0.000E+00 0.000E+00 4.624E+00   0.000000 1.000E+00 1.000E+00
   1  370930  1     5.800E+00 0.000E+00 0.000E+00 0.000E+00 0.000E+00 0.000E+00
   1      9.860E-01 0.000E+00 1.400E-02 4.724E+00   0.000000 1.000E+00 1.000E+00
   1  370940  1     2.702E+00 0.000E+00 0.000E+00 0.000E+00 0.000E+00 0.000E+00
   1      8.990E-01 0.000E+00 1.010E-01 5.859E+00   0.000000 1.000E+00 1.000E+00
   1  380780  1     1.590E+02 0.000E+00 1.000E+00 0.000E+00 0.000E+00 0.000E+00
   1      0.000E+00 0.000E+00 0.000E+00 2.508E+00   0.000000 1.000E+00 1.000E+00
   1  380790  1     1.350E+02 0.000E+00 1.000E+00 0.000E+00 0.000E+00 0.000E+00
   1      0.000E+00 0.000E+00 0.000E+00 3.097E+00   0.000000 1.000E+00 1.000E+00
   1  380800  1     6.378E+03 0.000E+00 1.000E+00 0.000E+00 0.000E+00 0.000E+00
   1      0.000E+00 0.000E+00 0.000E+00 5.498E-01   0.000000 1.000E+00 1.000E+00
   1  380810  1     1.338E+03 0.000E+00 1.000E+00 1.441E-03 0.000E+00 0.000E+00
   1      0.000E+00 0.000E+00 0.000E+00 2.341E+00   0.000000 1.000E+00 1.000E+00
   1  380820  1     2.208E+06 0.000E+00 1.000E+00 0.000E+00 0.000E+00 0.000E+00
   1      0.000E+00 0.000E+00 0.000E+00 1.290E-02   0.000000 1.000E+00 1.000E+00
   1  380830  1     1.167E+05 0.000E+00 1.000E+00 0.000E+00 0.000E+00 0.000E+00
   1      0.000E+00 0.000E+00 0.000E+00 9.252E-01   0.000000 1.000E+00 1.000E+00
   1  380831  1     4.950E+00 0.000E+00 0.000E+00 0.000E+00 0.000E+00 1.000E+00
   1      0.000E+00 0.000E+00 0.000E+00 2.593E-01   0.000000 1.000E+00 1.000E+00
   1  380840  6     0.000E+00 0.000E+00 0.000E+00 0.000E+00 0.000E+00 0.000E+00
   1      0.000E+00 0.000E+00 0.000E+00 0.000E+00   0.560000 1.000E+00 1.000E+00
   1  380850  1     5.603E+06 0.000E+00 1.000E+00 0.000E+00 0.000E+00 0.000E+00
   1      0.000E+00 0.000E+00 0.000E+00 5.274E-01   0.000000 1.000E+00 1.000E+00
   1  380851  1     4.057E+03 0.000E+00 1.340E-01 0.000E+00 0.000E+00 8.660E-01
   1      0.000E+00 0.000E+00 0.000E+00 2.292E-01   0.000000 1.000E+00 1.000E+00
   1  380860  6     0.000E+00 0.000E+00 0.000E+00 0.000E+00 0.000E+00 0.000E+00
   1      0.000E+00 0.000E+00 0.000E+00 0.000E+00   9.860000 1.000E+00 1.000E+00
   1  380870  6     0.000E+00 0.000E+00 0.000E+00 0.000E+00 0.000E+00 0.000E+00
   1      0.000E+00 0.000E+00 0.000E+00 0.000E+00   7.000000 1.000E+00 1.000E+00
   1  380871  1     1.009E+04 0.000E+00 3.000E-03 0.000E+00 0.000E+00 9.970E-01
   1      0.000E+00 0.000E+00 0.000E+00 3.861E-01   0.000000 1.000E+00 1.000E+00
   1  380880  6     0.000E+00 0.000E+00 0.000E+00 0.000E+00 0.000E+00 0.000E+00
   1      0.000E+00 0.000E+00 0.000E+00 0.000E+00  82.580000 1.000E+00 1.000E+00
   1  380890  1     4.369E+06 9.639E-05 0.000E+00 0.000E+00 0.000E+00 0.000E+00
   1      1.000E+00 0.000E+00 0.000E+00 5.847E-01   0.000000 1.000E+00 1.000E+00
   1  380900  1     9.085E+08 0.000E+00 0.000E+00 0.000E+00 0.000E+00 0.000E+00
   1      1.000E+00 0.000E+00 0.000E+00 1.740E-01   0.000000 1.000E+00 1.000E+00
   1  380910  1     3.467E+04 5.884E-01 0.000E+00 0.000E+00 0.000E+00 0.000E+00
   1      1.000E+00 0.000E+00 0.000E+00 1.355E+00   0.000000 1.000E+00 1.000E+00
   1  380920  1     9.756E+03 0.000E+00 0.000E+00 0.000E+00 0.000E+00 0.000E+00
   1      1.000E+00 0.000E+00 0.000E+00 1.561E+00   0.000000 1.000E+00 1.000E+00
   1  380930  1     4.454E+02 2.502E-01 0.000E+00 0.000E+00 0.000E+00 0.000E+00
   1      1.000E+00 0.000E+00 0.000E+00 3.013E+00   0.000000 1.000E+00 1.000E+00
   1  380940  1     7.530E+01 0.000E+00 0.000E+00 0.000E+00 0.000E+00 0.000E+00
   1      1.000E+00 0.000E+00 0.000E+00 2.260E+00   0.000000 1.000E+00 1.000E+00
   1  380950  1     2.390E+01 0.000E+00 0.000E+00 0.000E+00 0.000E+00 0.000E+00
   1      1.000E+00 0.000E+00 0.000E+00 3.326E+00   0.000000 1.000E+00 1.000E+00
   1  380960  1     1.060E+00 0.000E+00 0.000E+00 0.000E+00 0.000E+00 0.000E+00
   1      1.000E+00 0.000E+00 0.000E+00 2.897E+00   0.000000 1.000E+00 1.000E+00
   1  390810  1     7.040E+01 0.000E+00 1.000E+00 0.000E+00 0.000E+00 0.000E+00
   1      0.000E+00 0.000E+00 0.000E+00 3.155E+00   0.000000 1.000E+00 1.000E+00
   1  390820  1     9.500E+00 0.000E+00 1.000E+00 0.000E+00 0.000E+00 0.000E+00
   1      0.000E+00 0.000E+00 0.000E+00 4.360E+00   0.000000 1.000E+00 1.000E+00
   1  390830  1     4.250E+02 0.000E+00 1.000E+00 0.000E+00 0.000E+00 0.000E+00
   1      0.000E+00 0.000E+00 0.000E+00 2.800E+00   0.000000 1.000E+00 1.000E+00
   1  390831  1     1.710E+02 0.000E+00 1.000E+00 0.000E+00 0.000E+00 0.000E+00
   1      0.000E+00 0.000E+00 0.000E+00 2.520E+00   0.000000 1.000E+00 1.000E+00
   1  390840  1     4.600E+00 0.000E+00 1.000E+00 0.000E+00 0.000E+00 0.000E+00
   1      0.000E+00 0.000E+00 0.000E+00 3.636E+00   0.000000 1.000E+00 1.000E+00
   1  390841  1     2.400E+03 0.000E+00 1.000E+00 0.000E+00 0.000E+00 0.000E+00
   1      0.000E+00 0.000E+00 0.000E+00 5.195E+00   0.000000 1.000E+00 1.000E+00
   1  390850  1     9.650E+03 0.000E+00 1.000E+00 0.000E+00 0.000E+00 0.000E+00
   1      0.000E+00 0.000E+00 0.000E+00 1.773E+00   0.000000 1.000E+00 1.000E+00
   1  390851  1     1.750E+04 0.000E+00 1.000E+00 0.000E+00 0.000E+00 0.000E+00
   1      0.000E+00 0.000E+00 0.000E+00 1.926E+00   0.000000 1.000E+00 1.000E+00
   1  390860  1     5.306E+04 0.000E+00 1.000E+00 0.000E+00 0.000E+00 0.000E+00
   1      0.000E+00 0.000E+00 0.000E+00 3.788E+00   0.000000 1.000E+00 1.000E+00
   1  390861  1     2.880E+03 0.000E+00 6.900E-03 0.000E+00 0.000E+00 9.931E-01
   1      0.000E+00 0.000E+00 0.000E+00 2.432E-01   0.000000 1.000E+00 1.000E+00
   1  390870  1     2.891E+05 0.000E+00 1.000E+00 0.000E+00 0.000E+00 0.000E+00
   1      0.000E+00 0.000E+00 0.000E+00 4.648E-01   0.000000 1.000E+00 1.000E+00
   1  390871  1     4.813E+04 0.000E+00 1.570E-02 0.000E+00 0.000E+00 9.843E-01
   1      0.000E+00 0.000E+00 0.000E+00 3.851E-01   0.000000 1.000E+00 1.000E+00
   1  390880  1     9.213E+06 0.000E+00 1.000E+00 0.000E+00 0.000E+00 0.000E+00
   1      0.000E+00 0.000E+00 0.000E+00 2.702E+00   0.000000 1.000E+00 1.000E+00
   1  390890  6     0.000E+00 0.000E+00 0.000E+00 0.000E+00 0.000E+00 0.000E+00
   1      0.000E+00 0.000E+00 0.000E+00 0.000E+00 100.000000 1.000E+00 1.000E+00
   1  390891  1     1.566E+01 0.000E+00 0.000E+00 0.000E+00 0.000E+00 1.000E+00
   1      0.000E+00 0.000E+00 0.000E+00 9.086E-01   0.000000 1.000E+00 1.000E+00
   1  390900  1     2.308E+05 0.000E+00 0.000E+00 0.000E+00 0.000E+00 0.000E+00
   1      1.000E+00 0.000E+00 0.000E+00 9.338E-01   0.000000 1.000E+00 1.000E+00
   1  390901  1     1.148E+04 1.000E+00 0.000E+00 0.000E+00 0.000E+00 1.000E+00
   1      1.800E-05 0.000E+00 0.000E+00 6.806E-01   0.000000 1.000E+00 1.000E+00
   1  390910  1     5.055E+06 0.000E+00 0.000E+00 0.000E+00 0.000E+00 0.000E+00
   1      1.000E+00 0.000E+00 0.000E+00 6.091E-01   0.000000 1.000E+00 1.000E+00
   1  390911  1     2.983E+03 0.000E+00 0.000E+00 0.000E+00 0.000E+00 1.000E+00
   1      0.000E+00 0.000E+00 0.000E+00 5.545E-01   0.000000 1.000E+00 1.000E+00
   1  390920  1     1.274E+04 0.000E+00 0.000E+00 0.000E+00 0.000E+00 0.000E+00
   1      1.000E+00 0.000E+00 0.000E+00 1.689E+00   0.000000 1.000E+00 1.000E+00
   1  390930  1     3.665E+04 0.000E+00 0.000E+00 0.000E+00 0.000E+00 0.000E+00
   1      1.000E+00 0.000E+00 0.000E+00 1.267E+00   0.000000 1.000E+00 1.000E+00
   1  390931  1     8.200E-01 0.000E+00 0.000E+00 0.000E+00 0.000E+00 1.000E+00
   1      0.000E+00 0.000E+00 0.000E+00 7.547E-01   0.000000 1.000E+00 1.000E+00
   1  390940  1     1.122E+03 0.000E+00 0.000E+00 0.000E+00 0.000E+00 0.000E+00
   1      1.000E+00 0.000E+00 0.000E+00 2.579E+00   0.000000 1.000E+00 1.000E+00
   1  390950  1     6.180E+02 0.000E+00 0.000E+00 0.000E+00 0.000E+00 0.000E+00
   1      1.000E+00 0.000E+00 0.000E+00 2.528E+00   0.000000 1.000E+00 1.000E+00
   1  390960  1     5.340E+00 0.000E+00 0.000E+00 0.000E+00 0.000E+00 0.000E+00
   1      1.000E+00 0.000E+00 0.000E+00 3.285E+00   0.000000 1.000E+00 1.000E+00
   1  390961  1     9.620E+00 0.000E+00 0.000E+00 0.000E+00 0.000E+00 0.000E+00
   1      1.000E+00 0.000E+00 0.000E+00 6.338E+00   0.000000 1.000E+00 1.000E+00
   1  390970  1     3.750E+00 0.000E+00 0.000E+00 0.000E+00 0.000E+00 0.000E+00
   1      9.994E-01 0.000E+00 5.500E-04 3.981E+00   0.000000 1.000E+00 1.000E+00
   1  390971  1     1.170E+00 0.000E+00 0.000E+00 0.000E+00 0.000E+00 7.000E-03
   1      9.925E-01 0.000E+00 5.000E-04 4.428E+00   0.000000 1.000E+00 1.000E+00
   1  390972  1     1.420E-01 0.000E+00 0.000E+00 0.000E+00 0.000E+00 0.000E+00
   1      1.600E-02 9.840E-01 0.000E+00 2.928E+00   0.000000 1.000E+00 1.000E+00
   1  390980  1     5.900E-01 0.000E+00 0.000E+00 0.000E+00 0.000E+00 0.000E+00
   1      9.973E-01 0.000E+00 2.700E-03 5.394E+00   0.000000 1.000E+00 1.000E+00
   1  390981  1     2.000E+00 0.000E+00 0.000E+00 0.000E+00 0.000E+00 0.000E+00
   1      9.656E-01 0.000E+00 3.440E-02 6.098E+00   0.000000 1.000E+00 1.000E+00
   1  400820  1     3.200E+01 0.000E+00 1.000E+00 0.000E+00 0.000E+00 0.000E+00
   1      0.000E+00 0.000E+00 0.000E+00 2.667E+00   0.000000 1.000E+00 1.000E+00
   1  400830  1     4.160E+01 0.000E+00 1.000E+00 9.610E-01 0.000E+00 0.000E+00
   1      0.000E+00 0.000E+00 0.000E+00 3.288E+00   0.000000 1.000E+00 1.000E+00
   1  400840  1     1.550E+03 0.000E+00 1.000E+00 0.000E+00 0.000E+00 0.000E+00
   1      0.000E+00 0.000E+00 0.000E+00 1.863E+00   0.000000 1.000E+00 1.000E+00
   1  400850  1     4.716E+02 0.000E+00 1.000E+00 0.000E+00 0.000E+00 0.000E+00
   1      0.000E+00 0.000E+00 0.000E+00 2.781E+00   0.000000 1.000E+00 1.000E+00
   1  400851  1     1.090E+01 0.000E+00 0.000E+00 0.000E+00 0.000E+00 1.000E+00
   1      0.000E+00 0.000E+00 0.000E+00 2.922E-01   0.000000 1.000E+00 1.000E+00
   1  400860  1     5.940E+04 0.000E+00 1.000E+00 0.000E+00 0.000E+00 0.000E+00
   1      0.000E+00 0.000E+00 0.000E+00 3.253E-01   0.000000 1.000E+00 1.000E+00
   1  400870  1     6.048E+03 0.000E+00 1.000E+00 9.972E-01 0.000E+00 0.000E+00
   1      0.000E+00 0.000E+00 0.000E+00 1.767E+00   0.000000 1.000E+00 1.000E+00
   1  400871  1     1.400E+01 0.000E+00 0.000E+00 0.000E+00 0.000E+00 1.000E+00
   1      0.000E+00 0.000E+00 0.000E+00 3.356E-01   0.000000 1.000E+00 1.000E+00
   1  400880  1     7.171E+06 0.000E+00 1.000E+00 0.000E+00 0.000E+00 0.000E+00
   1      0.000E+00 0.000E+00 0.000E+00 4.059E-01   0.000000 1.000E+00 1.000E+00
   1  400890  1     2.822E+05 0.000E+00 1.000E+00 9.987E-01 0.000E+00 0.000E+00
   1      0.000E+00 0.000E+00 0.000E+00 3.467E-01   0.000000 1.000E+00 1.000E+00
   1  400891  1     2.508E+02 0.000E+00 6.660E-02 0.000E+00 0.000E+00 9.334E-01
   1      0.000E+00 0.000E+00 0.000E+00 6.708E-01   0.000000 1.000E+00 1.000E+00
   1  400900  6     0.000E+00 0.000E+00 0.000E+00 0.000E+00 0.000E+00 0.000E+00
   1      0.000E+00 0.000E+00 0.000E+00 0.000E+00  51.450000 1.000E+00 1.000E+00
   1  400901  1     8.092E-01 0.000E+00 0.000E+00 0.000E+00 0.000E+00 1.000E+00
   1      0.000E+00 0.000E+00 0.000E+00 2.319E+00   0.000000 1.000E+00 1.000E+00
   1  400910  6     0.000E+00 0.000E+00 0.000E+00 0.000E+00 0.000E+00 0.000E+00
   1      0.000E+00 0.000E+00 0.000E+00 0.000E+00  11.220000 1.000E+00 1.000E+00
   1  400920  6     0.000E+00 0.000E+00 0.000E+00 0.000E+00 0.000E+00 0.000E+00
   1      0.000E+00 0.000E+00 0.000E+00 0.000E+00  17.150000 1.000E+00 1.000E+00
   1  400930  1     4.828E+13 9.750E-01 0.000E+00 0.000E+00 0.000E+00 0.000E+00
   1      1.000E+00 0.000E+00 0.000E+00 1.922E-02   0.000000 1.000E+00 1.000E+00
   1  400940  1     1.893E+23 0.000E+00 0.000E+00 0.000E+00 0.000E+00 0.000E+00
   1      0.000E+00 0.000E+00 0.000E+00 1.144E+00  17.380000 1.000E+00 1.000E+00    1 1.000E+00 1.100E+00 1.000E+00
   1  400950  1     5.532E+06 1.080E-02 0.000E+00 0.000E+00 0.000E+00 0.000E+00
   1      1.000E+00 0.000E+00 0.000E+00 8.529E-01   0.000000 1.000E+00 1.000E+00
   1  400960  1     1.231E+27 0.000E+00 0.000E+00 0.000E+00 0.000E+00 0.000E+00
   1      0.000E+00 0.000E+00 0.000E+00 3.350E+00   2.800000 1.000E+00 1.000E+00    1 1.000E+00 1.100E+00 1.000E+00
   1  400970  1     6.028E+04 9.505E-01 0.000E+00 0.000E+00 0.000E+00 0.000E+00
   1      1.000E+00 0.000E+00 0.000E+00 8.614E-01   0.000000 1.000E+00 1.000E+00
   1  400980  1     3.070E+01 0.000E+00 0.000E+00 0.000E+00 0.000E+00 0.000E+00
   1      1.000E+00 0.000E+00 0.000E+00 9.100E-01   0.000000 1.000E+00 1.000E+00
   1  400990  1     2.200E+00 3.680E-01 0.000E+00 0.000E+00 0.000E+00 0.000E+00
   1      1.000E+00 0.000E+00 0.000E+00 2.380E+00   0.000000 1.000E+00 1.000E+00
   1  410860  1     8.800E+01 0.000E+00 1.000E+00 0.000E+00 0.000E+00 0.000E+00
   1      0.000E+00 0.000E+00 0.000E+00 5.690E+00   0.000000 1.000E+00 1.000E+00
   1  410861  1     5.600E+01 0.000E+00 1.000E+00 0.000E+00 0.000E+00 0.000E+00
   1      0.000E+00 0.000E+00 0.000E+00 5.480E+00   0.000000 1.000E+00 1.000E+00
   1  410870  1     2.250E+02 0.000E+00 1.000E+00 0.000E+00 0.000E+00 0.000E+00
   1      0.000E+00 0.000E+00 0.000E+00 2.994E+00   0.000000 1.000E+00 1.000E+00
   1  410871  1     1.560E+02 0.000E+00 1.000E+00 0.000E+00 0.000E+00 0.000E+00
   1      0.000E+00 0.000E+00 0.000E+00 3.157E+00   0.000000 1.000E+00 1.000E+00
   1  410880  1     8.700E+02 0.000E+00 1.000E+00 0.000E+00 0.000E+00 0.000E+00
   1      0.000E+00 0.000E+00 0.000E+00 5.750E+00   0.000000 1.000E+00 1.000E+00
   1  410881  1     4.668E+02 0.000E+00 1.000E+00 0.000E+00 0.000E+00 0.000E+00
   1      0.000E+00 0.000E+00 0.000E+00 5.452E+00   0.000000 1.000E+00 1.000E+00
   1  410890  1     7.308E+03 0.000E+00 1.000E+00 1.225E-02 0.000E+00 0.000E+00
   1      0.000E+00 0.000E+00 0.000E+00 2.470E+00   0.000000 1.000E+00 1.000E+00
   1  410891  1     3.960E+03 0.000E+00 9.950E-01 1.700E-01 0.000E+00 0.000E+00
   1      0.000E+00 0.000E+00 0.000E+00 2.698E+00   0.000000 1.000E+00 1.000E+00
   1  410900  1     5.256E+04 0.000E+00 1.000E+00 0.000E+00 0.000E+00 0.000E+00
   1      0.000E+00 0.000E+00 0.000E+00 4.560E+00   0.000000 1.000E+00 1.000E+00
   1  410901  1     1.882E+01 0.000E+00 0.000E+00 0.000E+00 0.000E+00 1.000E+00
   1      0.000E+00 0.000E+00 0.000E+00 1.218E-01   0.000000 1.000E+00 1.000E+00
   1  410910  1     2.146E+10 0.000E+00 1.000E+00 0.000E+00 0.000E+00 0.000E+00
   1      0.000E+00 0.000E+00 0.000E+00 1.845E-02   0.000000 1.000E+00 1.000E+00
   1  410911  1     5.262E+06 0.000E+00 2.400E-02 0.000E+00 0.000E+00 9.760E-01
   1      0.000E+00 0.000E+00 0.000E+00 1.315E-01   0.000000 1.000E+00 1.000E+00
   1  410920  1     1.105E+15 0.000E+00 1.000E+00 0.000E+00 0.000E+00 0.000E+00
   1      0.000E+00 0.000E+00 0.000E+00 1.511E+00   0.000000 1.000E+00 1.000E+00
   1  410921  1     8.770E+05 0.000E+00 1.000E+00 0.000E+00 0.000E+00 0.000E+00
   1      0.000E+00 0.000E+00 0.000E+00 9.768E-01   0.000000 1.000E+00 1.000E+00
   1  410930  6     0.000E+00 0.000E+00 0.000E+00 0.000E+00 0.000E+00 0.000E+00
   1      0.000E+00 0.000E+00 0.000E+00 0.000E+00 100.000000 1.000E+00 1.000E+00
   1  410931  1     5.089E+08 0.000E+00 0.000E+00 0.000E+00 0.000E+00 1.000E+00
   1      0.000E+00 0.000E+00 0.000E+00 3.091E-02   0.000000 1.000E+00 1.000E+00
   1  410940  1     6.307E+11 0.000E+00 0.000E+00 0.000E+00 0.000E+00 0.000E+00
   1      1.000E+00 0.000E+00 0.000E+00 1.740E+00   0.000000 1.000E+00 1.000E+00
   1  410941  1     3.756E+02 0.000E+00 0.000E+00 0.000E+00 0.000E+00 9.950E-01
   1      5.000E-03 0.000E+00 0.000E+00 4.736E-02   0.000000 1.000E+00 1.000E+00
   1  410950  1     3.023E+06 0.000E+00 0.000E+00 0.000E+00 0.000E+00 0.000E+00
   1      1.000E+00 0.000E+00 0.000E+00 8.090E-01   0.000000 1.000E+00 1.000E+00
   1  410951  1     3.118E+05 0.000E+00 0.000E+00 0.000E+00 0.000E+00 9.440E-01
   1      5.600E-02 0.000E+00 0.000E+00 2.494E-01   0.000000 1.000E+00 1.000E+00
   1  410960  1     8.406E+04 0.000E+00 0.000E+00 0.000E+00 0.000E+00 0.000E+00
   1      1.000E+00 0.000E+00 0.000E+00 2.696E+00   0.000000 1.000E+00 1.000E+00
   1  410970  1     4.326E+03 0.000E+00 0.000E+00 0.000E+00 0.000E+00 0.000E+00
   1      1.000E+00 0.000E+00 0.000E+00 1.133E+00   0.000000 1.000E+00 1.000E+00
   1  410971  1     5.270E+01 0.000E+00 0.000E+00 0.000E+00 0.000E+00 1.000E+00
   1      0.000E+00 0.000E+00 0.000E+00 7.424E-01   0.000000 1.000E+00 1.000E+00
   1  410980  1     2.860E+00 0.000E+00 0.000E+00 0.000E+00 0.000E+00 0.000E+00
   1      1.000E+00 0.000E+00 0.000E+00 2.290E+00   0.000000 1.000E+00 1.000E+00
   1  410981  1     3.078E+03 0.000E+00 0.000E+00 0.000E+00 0.000E+00 0.000E+00
   1      1.000E+00 0.000E+00 0.000E+00 3.553E+00   0.000000 1.000E+00 1.000E+00
   1  410990  1     1.500E+01 0.000E+00 0.000E+00 0.000E+00 0.000E+00 0.000E+00
   1      1.000E+00 0.000E+00 0.000E+00 1.688E+00   0.000000 1.000E+00 1.000E+00
   1  410991  1     1.560E+02 0.000E+00 0.000E+00 0.000E+00 0.000E+00 2.000E-02
   1      9.800E-01 0.000E+00 0.000E+00 2.066E+00   0.000000 1.000E+00 1.000E+00
   1  411000  1     1.500E+00 0.000E+00 0.000E+00 0.000E+00 0.000E+00 0.000E+00
   1      1.000E+00 0.000E+00 0.000E+00 3.201E+00   0.000000 1.000E+00 1.000E+00
   1  411001  1     2.900E+00 0.000E+00 0.000E+00 0.000E+00 0.000E+00 0.000E+00
   1      1.000E+00 0.000E+00 0.000E+00 4.112E+00   0.000000 1.000E+00 1.000E+00
   1  411010  1     7.100E+00 0.000E+00 0.000E+00 0.000E+00 0.000E+00 0.000E+00
   1      1.000E+00 0.000E+00 0.000E+00 2.108E+00   0.000000 1.000E+00 1.000E+00
   1  411020  1     1.300E+00 0.000E+00 0.000E+00 0.000E+00 0.000E+00 0.000E+00
   1      1.000E+00 0.000E+00 0.000E+00 4.805E+00   0.000000 1.000E+00 1.000E+00
   1  411021  1     4.300E+00 0.000E+00 0.000E+00 0.000E+00 0.000E+00 0.000E+00
   1      1.000E+00 0.000E+00 0.000E+00 4.369E+00   0.000000 1.000E+00 1.000E+00
   1  411030  1     1.500E+00 0.000E+00 0.000E+00 0.000E+00 0.000E+00 0.000E+00
   1      9.999E-01 0.000E+00 1.000E-04 2.863E+00   0.000000 1.000E+00 1.000E+00
   1  411040  1     4.900E+00 0.000E+00 0.000E+00 0.000E+00 0.000E+00 0.000E+00
   1      9.994E-01 0.000E+00 6.000E-04 5.404E+00   0.000000 1.000E+00 1.000E+00
   1  411041  1     9.400E-01 0.000E+00 0.000E+00 0.000E+00 0.000E+00 0.000E+00
   1      9.995E-01 0.000E+00 5.000E-04 5.551E+00   0.000000 1.000E+00 1.000E+00
   1  420880  1     4.800E+02 0.000E+00 1.000E+00 0.000E+00 0.000E+00 0.000E+00
   1      0.000E+00 0.000E+00 0.000E+00 1.506E+00   0.000000 1.000E+00 1.000E+00
   1  420890  1     1.266E+02 0.000E+00 1.000E+00 0.000E+00 0.000E+00 0.000E+00
   1      0.000E+00 0.000E+00 0.000E+00 3.181E+00   0.000000 1.000E+00 1.000E+00
   1  420900  1     2.002E+04 0.000E+00 1.000E+00 0.000E+00 0.000E+00 0.000E+00
   1      0.000E+00 0.000E+00 0.000E+00 1.019E+00   0.000000 1.000E+00 1.000E+00
   1  420910  1     9.294E+02 0.000E+00 1.000E+00 3.420E-04 0.000E+00 0.000E+00
   1      0.000E+00 0.000E+00 0.000E+00 2.429E+00   0.000000 1.000E+00 1.000E+00
   1  420911  1     6.460E+01 0.000E+00 5.000E-01 1.000E+00 0.000E+00 5.000E-01
   1      0.000E+00 0.000E+00 0.000E+00 1.943E+00   0.000000 1.000E+00 1.000E+00
   1  420920  1     5.996E+27 0.000E+00 0.000E+00 0.000E+00 0.000E+00 0.000E+00
   1      0.000E+00 0.000E+00 0.000E+00 1.649E+00  14.840000 1.000E+00 1.000E+00    1 1.000E+00 2.200E+00 1.000E+00
   1  420930  1     1.262E+11 0.000E+00 1.000E+00 8.800E-01 0.000E+00 0.000E+00
   1      0.000E+00 0.000E+00 0.000E+00 1.581E-02   0.000000 1.000E+00 1.000E+00
   1  420931  1     2.466E+04 0.000E+00 1.200E-03 0.000E+00 0.000E+00 9.988E-01
   1      0.000E+00 0.000E+00 0.000E+00 2.425E+00   0.000000 1.000E+00 1.000E+00
   1  420940  6     0.000E+00 0.000E+00 0.000E+00 0.000E+00 0.000E+00 0.000E+00
   1      0.000E+00 0.000E+00 0.000E+00 0.000E+00   9.250000 1.000E+00 1.000E+00
   1  420950  6     0.000E+00 0.000E+00 0.000E+00 0.000E+00 0.000E+00 0.000E+00
   1      0.000E+00 0.000E+00 0.000E+00 0.000E+00  15.920000 1.000E+00 1.000E+00
   1  420960  6     0.000E+00 0.000E+00 0.000E+00 0.000E+00 0.000E+00 0.000E+00
   1      0.000E+00 0.000E+00 0.000E+00 0.000E+00  16.680000 1.000E+00 1.000E+00
   1  420970  6     0.000E+00 0.000E+00 0.000E+00 0.000E+00 0.000E+00 0.000E+00
   1      0.000E+00 0.000E+00 0.000E+00 0.000E+00   9.550000 1.000E+00 1.000E+00
   1  420980  1     3.156E+21 0.000E+00 0.000E+00 0.000E+00 0.000E+00 0.000E+00
   1      0.000E+00 0.000E+00 0.000E+00 1.120E-01  24.130000 1.000E+00 1.000E+00    1 1.000E+00 1.100E+00 1.000E+00
   1  420990  1     2.374E+05 8.806E-01 0.000E+00 0.000E+00 0.000E+00 0.000E+00
   1      1.000E+00 0.000E+00 0.000E+00 5.422E-01   0.000000 1.000E+00 1.000E+00
   1  421000  1     3.124E+26 0.000E+00 0.000E+00 0.000E+00 0.000E+00 0.000E+00
   1      0.000E+00 0.000E+00 0.000E+00 3.034E+00   9.630000 1.000E+00 1.000E+00    1 1.000E+00 1.100E+00 1.000E+00
   1  421010  1     8.766E+02 0.000E+00 0.000E+00 0.000E+00 0.000E+00 0.000E+00
   1      1.000E+00 0.000E+00 0.000E+00 1.968E+00   0.000000 1.000E+00 1.000E+00
   1  421020  1     6.780E+02 0.000E+00 0.000E+00 0.000E+00 0.000E+00 0.000E+00
   1      1.000E+00 0.000E+00 0.000E+00 3.675E-01   0.000000 1.000E+00 1.000E+00
   1  421030  1     6.790E+01 0.000E+00 0.000E+00 0.000E+00 0.000E+00 0.000E+00
   1      1.000E+00 0.000E+00 0.000E+00 1.952E+00   0.000000 1.000E+00 1.000E+00
   1  421040  1     6.000E+01 0.000E+00 0.000E+00 0.000E+00 0.000E+00 0.000E+00
   1      1.000E+00 0.000E+00 0.000E+00 1.056E+00   0.000000 1.000E+00 1.000E+00
   1  421050  1     3.560E+01 0.000E+00 0.000E+00 0.000E+00 0.000E+00 0.000E+00
   1      1.000E+00 0.000E+00 0.000E+00 2.474E+00   0.000000 1.000E+00 1.000E+00
   1  430900  1     8.700E+00 0.000E+00 1.000E+00 0.000E+00 0.000E+00 0.000E+00
   1      0.000E+00 0.000E+00 0.000E+00 5.100E+00   0.000000 1.000E+00 1.000E+00
   1  430901  1     4.920E+01 0.000E+00 1.000E+00 0.000E+00 0.000E+00 0.000E+00
   1      0.000E+00 0.000E+00 0.000E+00 6.178E+00   0.000000 1.000E+00 1.000E+00
   1  430910  1     1.884E+02 0.000E+00 1.000E+00 0.000E+00 0.000E+00 0.000E+00
   1      0.000E+00 0.000E+00 0.000E+00 4.019E+00   0.000000 1.000E+00 1.000E+00
   1  430911  1     1.980E+02 0.000E+00 1.000E+00 0.000E+00 0.000E+00 0.000E+00
   1      0.000E+00 0.000E+00 0.000E+00 3.460E+00   0.000000 1.000E+00 1.000E+00
   1  430920  1     2.640E+02 0.000E+00 1.000E+00 0.000E+00 0.000E+00 0.000E+00
   1      0.000E+00 0.000E+00 0.000E+00 5.690E+00   0.000000 1.000E+00 1.000E+00
   1  430930  1     9.900E+03 0.000E+00 1.000E+00 0.000E+00 0.000E+00 0.000E+00
   1      0.000E+00 0.000E+00 0.000E+00 1.612E+00   0.000000 1.000E+00 1.000E+00
   1  430931  1     2.610E+03 0.000E+00 2.340E-01 0.000E+00 0.000E+00 7.660E-01
   1      0.000E+00 0.000E+00 0.000E+00 8.985E-01   0.000000 1.000E+00 1.000E+00
   1  430940  1     1.758E+04 0.000E+00 1.000E+00 0.000E+00 0.000E+00 0.000E+00
   1      0.000E+00 0.000E+00 0.000E+00 2.692E+00   0.000000 1.000E+00 1.000E+00
   1  430941  1     3.120E+03 0.000E+00 1.000E+00 0.000E+00 0.000E+00 0.000E+00
   1      0.000E+00 0.000E+00 0.000E+00 2.684E+00   0.000000 1.000E+00 1.000E+00
   1  430950  1     7.200E+04 0.000E+00 1.000E+00 0.000E+00 0.000E+00 0.000E+00
   1      0.000E+00 0.000E+00 0.000E+00 8.028E-01   0.000000 1.000E+00 1.000E+00
   1  430951  1     5.270E+06 0.000E+00 9.612E-01 0.000E+00 0.000E+00 3.880E-02
   1      0.000E+00 0.000E+00 0.000E+00 7.032E-01   0.000000 1.000E+00 1.000E+00
   1  430960  1     3.698E+05 0.000E+00 1.000E+00 0.000E+00 0.000E+00 0.000E+00
   1      0.000E+00 0.000E+00 0.000E+00 2.508E+00   0.000000 1.000E+00 1.000E+00
   1  430961  1     3.090E+03 0.000E+00 2.000E-02 0.000E+00 0.000E+00 9.800E-01
   1      0.000E+00 0.000E+00 0.000E+00 4.521E-02   0.000000 1.000E+00 1.000E+00
   1  430970  1     8.205E+13 0.000E+00 1.000E+00 0.000E+00 0.000E+00 0.000E+00
   1      0.000E+00 0.000E+00 0.000E+00 1.733E-02   0.000000 1.000E+00 1.000E+00
   1  430971  1     7.793E+06 0.000E+00 0.000E+00 0.000E+00 0.000E+00 1.000E+00
   1      0.000E+00 0.000E+00 0.000E+00 9.654E-02   0.000000 1.000E+00 1.000E+00
   1  430980  1     1.325E+14 0.000E+00 0.000E+00 0.000E+00 0.000E+00 0.000E+00
   1      1.000E+00 0.000E+00 0.000E+00 1.531E+00   0.000000 1.000E+00 1.000E+00
   1  430990  1     6.753E+12 0.000E+00 0.000E+00 0.000E+00 0.000E+00 0.000E+00
   1      1.000E+00 0.000E+00 0.000E+00 8.540E-02   0.000000 1.000E+00 1.000E+00
   1  430991  1     2.164E+04 0.000E+00 0.000E+00 0.000E+00 0.000E+00 1.000E+00
   1      3.700E-05 0.000E+00 0.000E+00 1.420E-01   0.000000 1.000E+00 1.000E+00
   1  431000  1     1.580E+01 0.000E+00 0.000E+00 0.000E+00 0.000E+00 0.000E+00
   1      1.000E+00 0.000E+00 0.000E+00 1.398E+00   0.000000 1.000E+00 1.000E+00
   1  431010  1     8.520E+02 0.000E+00 0.000E+00 0.000E+00 0.000E+00 0.000E+00
   1      1.000E+00 0.000E+00 0.000E+00 8.145E-01   0.000000 1.000E+00 1.000E+00
   1  431020  1     5.280E+00 0.000E+00 0.000E+00 0.000E+00 0.000E+00 0.000E+00
   1      1.000E+00 0.000E+00 0.000E+00 2.026E+00   0.000000 1.000E+00 1.000E+00
   1  431021  1     2.610E+02 0.000E+00 0.000E+00 0.000E+00 0.000E+00 0.000E+00
   1      1.000E+00 0.000E+00 0.000E+00 3.291E+00   0.000000 1.000E+00 1.000E+00
   1  431030  1     5.420E+01 0.000E+00 0.000E+00 0.000E+00 0.000E+00 0.000E+00
   1      1.000E+00 0.000E+00 0.000E+00 1.229E+00   0.000000 1.000E+00 1.000E+00
   1  431040  1     1.098E+03 0.000E+00 0.000E+00 0.000E+00 0.000E+00 0.000E+00
   1      1.000E+00 0.000E+00 0.000E+00 3.485E+00   0.000000 1.000E+00 1.000E+00
   1  431050  1     4.560E+02 0.000E+00 0.000E+00 0.000E+00 0.000E+00 0.000E+00
   1      1.000E+00 0.000E+00 0.000E+00 1.978E+00   0.000000 1.000E+00 1.000E+00
   1  431060  1     3.600E+01 0.000E+00 0.000E+00 0.000E+00 0.000E+00 0.000E+00
   1      1.000E+00 0.000E+00 0.000E+00 4.134E+00   0.000000 1.000E+00 1.000E+00
   1  431070  1     2.120E+01 0.000E+00 0.000E+00 0.000E+00 0.000E+00 0.000E+00
   1      1.000E+00 0.000E+00 0.000E+00 2.570E+00   0.000000 1.000E+00 1.000E+00
   1  431080  1     5.170E+00 0.000E+00 0.000E+00 0.000E+00 0.000E+00 0.000E+00
   1      1.000E+00 0.000E+00 0.000E+00 3.750E+00   0.000000 1.000E+00 1.000E+00
   1  431090  1     8.600E-01 0.000E+00 0.000E+00 0.000E+00 0.000E+00 0.000E+00
   1      9.992E-01 0.000E+00 8.000E-04 4.204E+00   0.000000 1.000E+00 1.000E+00
   1  440920  1     2.190E+02 0.000E+00 1.000E+00 0.000E+00 0.000E+00 0.000E+00
   1      0.000E+00 0.000E+00 0.000E+00 2.736E+00   0.000000 1.000E+00 1.000E+00
   1  440930  1     5.970E+01 0.000E+00 1.000E+00 0.000E+00 0.000E+00 0.000E+00
   1      0.000E+00 0.000E+00 0.000E+00 3.471E+00   0.000000 1.000E+00 1.000E+00
   1  440931  1     1.080E+01 0.000E+00 7.780E-01 0.000E+00 0.000E+00 2.220E-01
   1      0.000E+00 0.000E+00 0.000E+00 3.540E+00   0.000000 1.000E+00 1.000E+00
   1  440940  1     3.108E+03 0.000E+00 1.000E+00 1.000E+00 0.000E+00 0.000E+00
   1      0.000E+00 0.000E+00 0.000E+00 5.245E-01   0.000000 1.000E+00 1.000E+00
   1  440950  1     5.915E+03 0.000E+00 1.000E+00 2.606E-02 0.000E+00 0.000E+00
   1      0.000E+00 0.000E+00 0.000E+00 1.320E+00   0.000000 1.000E+00 1.000E+00
   1  440960  1     2.114E+24 0.000E+00 0.000E+00 0.000E+00 0.000E+00 0.000E+00
   1      0.000E+00 0.000E+00 0.000E+00 2.718E+00   5.520000 1.000E+00 1.000E+00    1 1.000E+00 2.200E+00 1.000E+00
   1  440970  1     2.506E+05 0.000E+00 1.000E+00 4.217E-04 0.000E+00 0.000E+00
   1      0.000E+00 0.000E+00 0.000E+00 2.530E-01   0.000000 1.000E+00 1.000E+00
   1  440980  6     0.000E+00 0.000E+00 0.000E+00 0.000E+00 0.000E+00 0.000E+00
   1      0.000E+00 0.000E+00 0.000E+00 0.000E+00   1.880000 1.000E+00 1.000E+00
   1  440990  6     0.000E+00 0.000E+00 0.000E+00 0.000E+00 0.000E+00 0.000E+00
   1      0.000E+00 0.000E+00 0.000E+00 0.000E+00  12.700000 1.000E+00 1.000E+00
   1  441000  6     0.000E+00 0.000E+00 0.000E+00 0.000E+00 0.000E+00 0.000E+00
   1      0.000E+00 0.000E+00 0.000E+00 0.000E+00  12.600000 1.000E+00 1.000E+00
   1  441010  6     0.000E+00 0.000E+00 0.000E+00 0.000E+00 0.000E+00 0.000E+00
   1      0.000E+00 0.000E+00 0.000E+00 0.000E+00  17.000000 1.000E+00 1.000E+00
   1  441020  6     0.000E+00 0.000E+00 0.000E+00 0.000E+00 0.000E+00 0.000E+00
   1      0.000E+00 0.000E+00 0.000E+00 0.000E+00  31.600000 1.000E+00 1.000E+00
   1  441030  1     3.392E+06 9.880E-01 0.000E+00 0.000E+00 0.000E+00 0.000E+00
   1      1.000E+00 0.000E+00 0.000E+00 5.627E-01   0.000000 1.000E+00 1.000E+00
   1  441040  6     0.000E+00 0.000E+00 0.000E+00 0.000E+00 0.000E+00 0.000E+00
   1      0.000E+00 0.000E+00 0.000E+00 0.000E+00  18.700000 1.000E+00 1.000E+00
   1  441050  1     1.598E+04 2.839E-01 0.000E+00 0.000E+00 0.000E+00 0.000E+00
   1      1.000E+00 0.000E+00 0.000E+00 1.151E+00   0.000000 1.000E+00 1.000E+00
   1  441060  1     3.219E+07 0.000E+00 0.000E+00 0.000E+00 0.000E+00 0.000E+00
   1      1.000E+00 0.000E+00 0.000E+00 1.010E-02   0.000000 1.000E+00 1.000E+00
   1  441070  1     2.250E+02 0.000E+00 0.000E+00 0.000E+00 0.000E+00 0.000E+00
   1      1.000E+00 0.000E+00 0.000E+00 1.429E+00   0.000000 1.000E+00 1.000E+00
   1  441080  1     2.700E+02 0.000E+00 0.000E+00 0.000E+00 0.000E+00 0.000E+00
   1      1.000E+00 0.000E+00 0.000E+00 5.131E-01   0.000000 1.000E+00 1.000E+00
   1  441090  1     3.450E+01 0.000E+00 0.000E+00 0.000E+00 0.000E+00 0.000E+00
   1      1.000E+00 0.000E+00 0.000E+00 2.709E+00   0.000000 1.000E+00 1.000E+00
   1  441100  1     1.160E+01 0.000E+00 0.000E+00 0.000E+00 0.000E+00 0.000E+00
   1      1.000E+00 0.000E+00 0.000E+00 1.192E+00   0.000000 1.000E+00 1.000E+00
   1  441110  1     2.120E+00 0.000E+00 0.000E+00 0.000E+00 0.000E+00 0.000E+00
   1      1.000E+00 0.000E+00 0.000E+00 3.791E+00   0.000000 1.000E+00 1.000E+00
   1  450950  1     3.010E+02 0.000E+00 1.000E+00 0.000E+00 0.000E+00 0.000E+00
   1      0.000E+00 0.000E+00 0.000E+00 3.360E+00   0.000000 1.000E+00 1.000E+00
   1  450951  1     1.176E+02 0.000E+00 1.200E-01 0.000E+00 0.000E+00 8.800E-01
   1      0.000E+00 0.000E+00 0.000E+00 1.080E+00   0.000000 1.000E+00 1.000E+00
   1  450960  1     5.940E+02 0.000E+00 1.000E+00 0.000E+00 0.000E+00 0.000E+00
   1      0.000E+00 0.000E+00 0.000E+00 4.840E+00   0.000000 1.000E+00 1.000E+00
   1  450961  1     9.060E+01 0.000E+00 4.000E-01 0.000E+00 0.000E+00 6.000E-01
   1      0.000E+00 0.000E+00 0.000E+00 1.820E+00   0.000000 1.000E+00 1.000E+00
   1  450970  1     1.842E+03 0.000E+00 1.000E+00 0.000E+00 0.000E+00 0.000E+00
   1      0.000E+00 0.000E+00 0.000E+00 1.875E+00   0.000000 1.000E+00 1.000E+00
   1  450971  1     2.772E+03 0.000E+00 9.440E-01 0.000E+00 0.000E+00 5.600E-02
   1      0.000E+00 0.000E+00 0.000E+00 2.278E+00   0.000000 1.000E+00 1.000E+00
   1  450980  1     5.232E+02 0.000E+00 1.000E+00 0.000E+00 0.000E+00 0.000E+00
   1      0.000E+00 0.000E+00 0.000E+00 3.095E+00   0.000000 1.000E+00 1.000E+00
   1  450981  1     2.100E+02 0.000E+00 1.000E+00 0.000E+00 0.000E+00 0.000E+00
   1      0.000E+00 0.000E+00 0.000E+00 3.330E+00   0.000000 1.000E+00 1.000E+00
   1  450990  1     1.391E+06 0.000E+00 1.000E+00 0.000E+00 0.000E+00 0.000E+00
   1      0.000E+00 0.000E+00 0.000E+00 5.600E-01   0.000000 1.000E+00 1.000E+00
   1  450991  1     1.690E+04 0.000E+00 1.000E+00 0.000E+00 0.000E+00 0.000E+00
   1      0.000E+00 0.000E+00 0.000E+00 6.772E-01   0.000000 1.000E+00 1.000E+00
   1  451000  1     7.488E+04 0.000E+00 1.000E+00 0.000E+00 0.000E+00 0.000E+00
   1      0.000E+00 0.000E+00 0.000E+00 2.788E+00   0.000000 1.000E+00 1.000E+00
   1  451001  1     2.760E+02 0.000E+00 1.700E-02 0.000E+00 0.000E+00 9.830E-01
   1      0.000E+00 0.000E+00 0.000E+00 4.920E-02   0.000000 1.000E+00 1.000E+00
   1  451010  1     1.041E+08 0.000E+00 1.000E+00 0.000E+00 0.000E+00 0.000E+00
   1      0.000E+00 0.000E+00 0.000E+00 3.133E-01   0.000000 1.000E+00 1.000E+00
   1  451011  1     3.750E+05 0.000E+00 9.230E-01 0.000E+00 0.000E+00 7.700E-02
   1      0.000E+00 0.000E+00 0.000E+00 3.238E-01   0.000000 1.000E+00 1.000E+00
   1  451020  1     9.158E+07 0.000E+00 1.000E+00 0.000E+00 0.000E+00 0.000E+00
   1      0.000E+00 0.000E+00 0.000E+00 2.134E+00   0.000000 1.000E+00 1.000E+00
   1  451021  1     1.797E+07 0.000E+00 7.500E-01 0.000E+00 0.000E+00 5.000E-02
   1      2.000E-01 0.000E+00 0.000E+00 6.668E-01   0.000000 1.000E+00 1.000E+00
   1  451030  6     0.000E+00 0.000E+00 0.000E+00 0.000E+00 0.000E+00 0.000E+00
   1      0.000E+00 0.000E+00 0.000E+00 0.000E+00 100.000000 1.000E+00 1.000E+00
   1  451031  1     3.367E+03 0.000E+00 0.000E+00 0.000E+00 0.000E+00 1.000E+00
   1      0.000E+00 0.000E+00 0.000E+00 3.749E-02   0.000000 1.000E+00 1.000E+00
   1  451040  1     4.230E+01 0.000E+00 4.500E-03 0.000E+00 0.000E+00 0.000E+00
   1      9.955E-01 0.000E+00 0.000E+00 9.955E-01   0.000000 1.000E+00 1.000E+00
   1  451041  1     2.604E+02 0.000E+00 0.000E+00 0.000E+00 0.000E+00 9.987E-01
   1      1.300E-03 0.000E+00 0.000E+00 1.317E-01   0.000000 1.000E+00 1.000E+00
   1  451050  1     1.273E+05 0.000E+00 0.000E+00 0.000E+00 0.000E+00 0.000E+00
   1      1.000E+00 0.000E+00 0.000E+00 2.307E-01   0.000000 1.000E+00 1.000E+00
   1  451051  1     4.000E+01 0.000E+00 0.000E+00 0.000E+00 0.000E+00 1.000E+00
   1      0.000E+00 0.000E+00 0.000E+00 1.270E-01   0.000000 1.000E+00 1.000E+00
   1  451060  1     3.000E+01 0.000E+00 0.000E+00 0.000E+00 0.000E+00 0.000E+00
   1      1.000E+00 0.000E+00 0.000E+00 1.616E+00   0.000000 1.000E+00 1.000E+00
   1  451061  1     7.920E+03 0.000E+00 0.000E+00 0.000E+00 0.000E+00 0.000E+00
   1      1.000E+00 0.000E+00 0.000E+00 3.081E+00   0.000000 1.000E+00 1.000E+00
   1  451070  1     1.302E+03 0.000E+00 0.000E+00 0.000E+00 0.000E+00 0.000E+00
   1      1.000E+00 0.000E+00 0.000E+00 7.439E-01   0.000000 1.000E+00 1.000E+00
   1  451080  1     1.680E+01 0.000E+00 0.000E+00 0.000E+00 0.000E+00 0.000E+00
   1      1.000E+00 0.000E+00 0.000E+00 2.171E+00   0.000000 1.000E+00 1.000E+00
   1  451081  1     3.600E+02 0.000E+00 0.000E+00 0.000E+00 0.000E+00 0.000E+00
   1      1.000E+00 0.000E+00 0.000E+00 3.320E+00   0.000000 1.000E+00 1.000E+00
   1  451090  1     8.000E+01 0.000E+00 0.000E+00 0.000E+00 0.000E+00 0.000E+00
   1      1.000E+00 0.000E+00 0.000E+00 1.246E+00   0.000000 1.000E+00 1.000E+00
   1  451100  1     2.850E+01 0.000E+00 0.000E+00 0.000E+00 0.000E+00 0.000E+00
   1      1.000E+00 0.000E+00 0.000E+00 3.736E+00   0.000000 1.000E+00 1.000E+00
   1  451101  1     3.200E+00 0.000E+00 0.000E+00 0.000E+00 0.000E+00 0.000E+00
   1      1.000E+00 0.000E+00 0.000E+00 2.602E+00   0.000000 1.000E+00 1.000E+00
   1  451110  1     1.200E+01 0.000E+00 0.000E+00 0.000E+00 0.000E+00 0.000E+00
   1      1.000E+00 0.000E+00 0.000E+00 1.746E+00   0.000000 1.000E+00 1.000E+00
   1  451120  1     2.100E+00 0.000E+00 0.000E+00 0.000E+00 0.000E+00 0.000E+00
   1      1.000E+00 0.000E+00 0.000E+00 3.065E+00   0.000000 1.000E+00 1.000E+00
   1  451121  1     6.800E+00 0.000E+00 0.000E+00 0.000E+00 0.000E+00 0.000E+00
   1      1.000E+00 0.000E+00 0.000E+00 4.170E+00   0.000000 1.000E+00 1.000E+00
   1  451130  1     2.800E+00 0.000E+00 0.000E+00 0.000E+00 0.000E+00 0.000E+00
   1      1.000E+00 0.000E+00 0.000E+00 3.340E+00   0.000000 1.000E+00 1.000E+00
   1  451140  1     1.850E+00 0.000E+00 0.000E+00 0.000E+00 0.000E+00 0.000E+00
   1      1.000E+00 0.000E+00 0.000E+00 2.364E+00   0.000000 1.000E+00 1.000E+00
   1  451141  1     1.850E+00 0.000E+00 0.000E+00 0.000E+00 0.000E+00 0.000E+00
   1      1.000E+00 0.000E+00 0.000E+00 4.546E+00   0.000000 1.000E+00 1.000E+00
   1  460960  1     1.220E+02 0.000E+00 1.000E+00 1.000E+00 0.000E+00 0.000E+00
   1      0.000E+00 0.000E+00 0.000E+00 1.657E+00   0.000000 1.000E+00 1.000E+00
   1  460970  1     1.860E+02 0.000E+00 1.000E+00 1.687E-02 0.000E+00 0.000E+00
   1      0.000E+00 0.000E+00 0.000E+00 2.975E+00   0.000000 1.000E+00 1.000E+00
   1  460980  1     1.062E+03 0.000E+00 1.000E+00 0.000E+00 0.000E+00 0.000E+00
   1      0.000E+00 0.000E+00 0.000E+00 4.598E-01   0.000000 1.000E+00 1.000E+00
   1  460990  1     1.284E+03 0.000E+00 1.000E+00 9.705E-01 0.000E+00 0.000E+00
   1      0.000E+00 0.000E+00 0.000E+00 1.685E+00   0.000000 1.000E+00 1.000E+00
   1  461000  1     3.136E+05 0.000E+00 1.000E+00 0.000E+00 0.000E+00 0.000E+00
   1      0.000E+00 0.000E+00 0.000E+00 1.661E-01   0.000000 1.000E+00 1.000E+00
   1  461010  1     3.049E+04 0.000E+00 1.000E+00 9.973E-01 0.000E+00 0.000E+00
   1      0.000E+00 0.000E+00 0.000E+00 3.821E-01   0.000000 1.000E+00 1.000E+00
   1  461020  6     0.000E+00 0.000E+00 0.000E+00 0.000E+00 0.000E+00 0.000E+00
   1      0.000E+00 0.000E+00 0.000E+00 0.000E+00   1.020000 1.000E+00 1.000E+00
   1  461030  1     1.467E+06 0.000E+00 1.000E+00 9.997E-01 0.000E+00 0.000E+00
   1      0.000E+00 0.000E+00 0.000E+00 2.056E-02   0.000000 1.000E+00 1.000E+00
   1  461040  6     0.000E+00 0.000E+00 0.000E+00 0.000E+00 0.000E+00 0.000E+00
   1      0.000E+00 0.000E+00 0.000E+00 0.000E+00  11.140000 1.000E+00 1.000E+00
   1  461050  6     0.000E+00 0.000E+00 0.000E+00 0.000E+00 0.000E+00 0.000E+00
   1      0.000E+00 0.000E+00 0.000E+00 0.000E+00  22.330000 1.000E+00 1.000E+00
   1  461060  6     0.000E+00 0.000E+00 0.000E+00 0.000E+00 0.000E+00 0.000E+00
   1      0.000E+00 0.000E+00 0.000E+00 0.000E+00  27.330000 1.000E+00 1.000E+00
   1  461070  1     2.051E+14 0.000E+00 0.000E+00 0.000E+00 0.000E+00 0.000E+00
   1      1.000E+00 0.000E+00 0.000E+00 9.300E-03   0.000000 1.000E+00 1.000E+00
   1  461071  1     2.130E+01 0.000E+00 0.000E+00 0.000E+00 0.000E+00 1.000E+00
   1      0.000E+00 0.000E+00 0.000E+00 2.145E-01   0.000000 1.000E+00 1.000E+00
   1  461080  6     0.000E+00 0.000E+00 0.000E+00 0.000E+00 0.000E+00 0.000E+00
   1      0.000E+00 0.000E+00 0.000E+00 0.000E+00  26.460000 1.000E+00 1.000E+00
   1  461090  1     4.932E+04 9.995E-01 0.000E+00 0.000E+00 0.000E+00 0.000E+00
   1      1.000E+00 0.000E+00 0.000E+00 3.614E-01   0.000000 1.000E+00 1.000E+00
   1  461091  1     2.814E+02 0.000E+00 0.000E+00 0.000E+00 0.000E+00 1.000E+00
   1      0.000E+00 0.000E+00 0.000E+00 1.875E-01   0.000000 1.000E+00 1.000E+00
   1  461100  1     1.893E+25 0.000E+00 0.000E+00 0.000E+00 0.000E+00 0.000E+00
   1      0.000E+00 0.000E+00 0.000E+00 2.000E+00  11.720000 1.000E+00 1.000E+00    1 1.000E+00 1.100E+00 1.000E+00
   1  461110  1     1.404E+03 9.930E-01 0.000E+00 0.000E+00 0.000E+00 0.000E+00
   1      1.000E+00 0.000E+00 0.000E+00 8.781E-01   0.000000 1.000E+00 1.000E+00
   1  461111  1     1.980E+04 7.222E-01 0.000E+00 0.000E+00 0.000E+00 7.300E-01
   1      2.700E-01 0.000E+00 0.000E+00 5.562E-01   0.000000 1.000E+00 1.000E+00
   1  461120  1     7.308E+04 0.000E+00 0.000E+00 0.000E+00 0.000E+00 0.000E+00
   1      1.000E+00 0.000E+00 0.000E+00 9.515E-02   0.000000 1.000E+00 1.000E+00
   1  461130  1     9.100E+01 9.500E-01 0.000E+00 0.000E+00 0.000E+00 0.000E+00
   1      1.000E+00 0.000E+00 0.000E+00 1.458E+00   0.000000 1.000E+00 1.000E+00
   1  461131  1     3.000E-01 0.000E+00 0.000E+00 0.000E+00 0.000E+00 1.000E+00
   1      0.000E+00 0.000E+00 0.000E+00 8.082E-02   0.000000 1.000E+00 1.000E+00
   1  461140  1     1.452E+02 0.000E+00 0.000E+00 0.000E+00 0.000E+00 0.000E+00
   1      1.000E+00 0.000E+00 0.000E+00 5.586E-01   0.000000 1.000E+00 1.000E+00
   1  461150  1     2.500E+01 2.700E-01 0.000E+00 0.000E+00 0.000E+00 0.000E+00
   1      1.000E+00 0.000E+00 0.000E+00 3.053E+00   0.000000 1.000E+00 1.000E+00
   1  461151  1     5.000E+01 1.000E+00 0.000E+00 0.000E+00 0.000E+00 8.000E-02
   1      9.200E-01 0.000E+00 0.000E+00 2.852E+00   0.000000 1.000E+00 1.000E+00
   1  461160  1     1.180E+01 0.000E+00 0.000E+00 0.000E+00 0.000E+00 0.000E+00
   1      1.000E+00 0.000E+00 0.000E+00 1.161E+00   0.000000 1.000E+00 1.000E+00
   1  461170  1     4.300E+00 5.000E-01 0.000E+00 0.000E+00 0.000E+00 0.000E+00
   1      1.000E+00 0.000E+00 0.000E+00 3.817E+00   0.000000 1.000E+00 1.000E+00
   1  461180  1     1.900E+00 1.430E-01 0.000E+00 0.000E+00 0.000E+00 0.000E+00
   1      1.000E+00 0.000E+00 0.000E+00 1.978E+00   0.000000 1.000E+00 1.000E+00
   1  471000  1     1.210E+02 0.000E+00 1.000E+00 0.000E+00 0.000E+00 0.000E+00
   1      0.000E+00 0.000E+00 0.000E+00 4.870E+00   0.000000 1.000E+00 1.000E+00
   1  471001  1     1.340E+02 0.000E+00 1.000E+00 0.000E+00 0.000E+00 0.000E+00
   1      0.000E+00 0.000E+00 0.000E+00 4.080E+00   0.000000 1.000E+00 1.000E+00
   1  471010  1     6.660E+02 0.000E+00 1.000E+00 0.000E+00 0.000E+00 0.000E+00
   1      0.000E+00 0.000E+00 0.000E+00 2.376E+00   0.000000 1.000E+00 1.000E+00
   1  471011  1     3.100E+00 0.000E+00 0.000E+00 0.000E+00 0.000E+00 1.000E+00
   1      0.000E+00 0.000E+00 0.000E+00 2.705E-01   0.000000 1.000E+00 1.000E+00
   1  471020  1     7.740E+02 0.000E+00 1.000E+00 0.000E+00 0.000E+00 0.000E+00
   1      0.000E+00 0.000E+00 0.000E+00 3.942E+00   0.000000 1.000E+00 1.000E+00
   1  471021  1     4.600E+02 0.000E+00 5.100E-01 0.000E+00 0.000E+00 4.900E-01
   1      0.000E+00 0.000E+00 0.000E+00 2.460E+00   0.000000 1.000E+00 1.000E+00
   1  471030  1     3.942E+03 0.000E+00 1.000E+00 0.000E+00 0.000E+00 0.000E+00
   1      0.000E+00 0.000E+00 0.000E+00 1.022E+00   0.000000 1.000E+00 1.000E+00
   1  471031  1     5.700E+00 0.000E+00 0.000E+00 0.000E+00 0.000E+00 1.000E+00
   1      0.000E+00 0.000E+00 0.000E+00 1.327E-01   0.000000 1.000E+00 1.000E+00
   1  471040  1     4.150E+03 0.000E+00 1.000E+00 0.000E+00 0.000E+00 0.000E+00
   1      0.000E+00 0.000E+00 0.000E+00 2.800E+00   0.000000 1.000E+00 1.000E+00
   1  471041  1     2.010E+03 0.000E+00 6.700E-01 0.000E+00 0.000E+00 3.300E-01
   1      0.000E+00 0.000E+00 0.000E+00 1.750E+00   0.000000 1.000E+00 1.000E+00
   1  471050  1     3.568E+06 0.000E+00 1.000E+00 0.000E+00 0.000E+00 0.000E+00
   1      0.000E+00 0.000E+00 0.000E+00 5.503E-01   0.000000 1.000E+00 1.000E+00
   1  471051  1     4.338E+02 0.000E+00 3.400E-03 0.000E+00 0.000E+00 9.966E-01
   1      0.000E+00 0.000E+00 0.000E+00 2.656E-02   0.000000 1.000E+00 1.000E+00
   1  471060  1     1.440E+03 0.000E+00 9.950E-01 0.000E+00 0.000E+00 0.000E+00
   1      5.000E-03 0.000E+00 0.000E+00 1.209E+00   0.000000 1.000E+00 1.000E+00
   1  471061  1     7.309E+05 0.000E+00 1.000E+00 0.000E+00 0.000E+00 0.000E+00
   1      0.000E+00 0.000E+00 0.000E+00 2.767E+00   0.000000 1.000E+00 1.000E+00
   1  471070  6     0.000E+00 0.000E+00 0.000E+00 0.000E+00 0.000E+00 0.000E+00
   1      0.000E+00 0.000E+00 0.000E+00 0.000E+00  51.839000 1.000E+00 1.000E+00
   1  471071  1     4.430E+01 0.000E+00 0.000E+00 0.000E+00 0.000E+00 1.000E+00
   1      0.000E+00 0.000E+00 0.000E+00 9.191E-02   0.000000 1.000E+00 1.000E+00
   1  471080  1     1.440E+02 0.000E+00 2.900E-02 0.000E+00 0.000E+00 0.000E+00
   1      9.710E-01 0.000E+00 0.000E+00 6.284E-01   0.000000 1.000E+00 1.000E+00
   1  471081  1     1.319E+10 0.000E+00 9.130E-01 0.000E+00 0.000E+00 8.700E-02
   1      0.000E+00 0.000E+00 0.000E+00 1.646E+00   0.000000 1.000E+00 1.000E+00
   1  471090  6     0.000E+00 0.000E+00 0.000E+00 0.000E+00 0.000E+00 0.000E+00
   1      0.000E+00 0.000E+00 0.000E+00 0.000E+00  48.161000 1.000E+00 1.000E+00
   1  471091  1     3.960E+01 0.000E+00 0.000E+00 0.000E+00 0.000E+00 1.000E+00
   1      0.000E+00 0.000E+00 0.000E+00 8.699E-02   0.000000 1.000E+00 1.000E+00
   1  471100  1     2.456E+01 0.000E+00 3.000E-03 0.000E+00 0.000E+00 0.000E+00
   1      9.970E-01 0.000E+00 0.000E+00 1.213E+00   0.000000 1.000E+00 1.000E+00
   1  471101  1     2.158E+07 0.000E+00 0.000E+00 0.000E+00 0.000E+00 1.360E-02
   1      9.864E-01 0.000E+00 0.000E+00 2.835E+00   0.000000 1.000E+00 1.000E+00
   1  471110  1     6.437E+05 0.000E+00 0.000E+00 0.000E+00 0.000E+00 0.000E+00
   1      1.000E+00 0.000E+00 0.000E+00 3.774E-01   0.000000 1.000E+00 1.000E+00
   1  471111  1     6.480E+01 0.000E+00 0.000E+00 0.000E+00 0.000E+00 9.950E-01
   1      5.000E-03 0.000E+00 0.000E+00 6.289E-02   0.000000 1.000E+00 1.000E+00
   1  471120  1     1.127E+04 0.000E+00 0.000E+00 0.000E+00 0.000E+00 0.000E+00
   1      1.000E+00 0.000E+00 0.000E+00 2.103E+00   0.000000 1.000E+00 1.000E+00
   1  471130  1     1.933E+04 1.729E-02 0.000E+00 0.000E+00 0.000E+00 0.000E+00
   1      1.000E+00 0.000E+00 0.000E+00 8.328E-01   0.000000 1.000E+00 1.000E+00
   1  471131  1     6.870E+01 0.000E+00 0.000E+00 0.000E+00 0.000E+00 6.400E-01
   1      3.600E-01 0.000E+00 0.000E+00 4.335E-01   0.000000 1.000E+00 1.000E+00
   1  471140  1     4.600E+00 0.000E+00 0.000E+00 0.000E+00 0.000E+00 0.000E+00
   1      1.000E+00 0.000E+00 0.000E+00 2.408E+00   0.000000 1.000E+00 1.000E+00
   1  471141  1     1.500E-03 0.000E+00 0.000E+00 0.000E+00 0.000E+00 1.000E+00
   1      0.000E+00 0.000E+00 0.000E+00 1.990E-01   0.000000 1.000E+00 1.000E+00
   1  471150  1     1.200E+03 5.762E-02 0.000E+00 0.000E+00 0.000E+00 0.000E+00
   1      1.000E+00 0.000E+00 0.000E+00 1.532E+00   0.000000 1.000E+00 1.000E+00
   1  471151  1     1.860E+01 2.911E-02 0.000E+00 0.000E+00 0.000E+00 2.100E-01
   1      7.900E-01 0.000E+00 0.000E+00 1.299E+00   0.000000 1.000E+00 1.000E+00
   1  471160  1     1.608E+02 0.000E+00 0.000E+00 0.000E+00 0.000E+00 0.000E+00
   1      1.000E+00 0.000E+00 0.000E+00 3.845E+00   0.000000 1.000E+00 1.000E+00
   1  471161  1     8.600E+00 0.000E+00 0.000E+00 0.000E+00 0.000E+00 6.000E-02
   1      9.400E-01 0.000E+00 0.000E+00 3.349E+00   0.000000 1.000E+00 1.000E+00
   1  471170  1     7.280E+01 1.400E-01 0.000E+00 0.000E+00 0.000E+00 0.000E+00
   1      1.000E+00 0.000E+00 0.000E+00 2.399E+00   0.000000 1.000E+00 1.000E+00
   1  471171  1     5.340E+00 7.850E-01 0.000E+00 0.000E+00 0.000E+00 0.000E+00
   1      1.000E+00 0.000E+00 0.000E+00 2.148E+00   0.000000 1.000E+00 1.000E+00
   1  471180  1     3.700E+00 0.000E+00 0.000E+00 0.000E+00 0.000E+00 0.000E+00
   1      1.000E+00 0.000E+00 0.000E+00 3.401E+00   0.000000 1.000E+00 1.000E+00
   1  471181  1     2.000E+00 0.000E+00 0.000E+00 0.000E+00 0.000E+00 4.100E-01
   1      5.900E-01 0.000E+00 0.000E+00 2.750E+00   0.000000 1.000E+00 1.000E+00
   1  471190  1     2.100E+00 2.100E-01 0.000E+00 0.000E+00 0.000E+00 0.000E+00
   1      9.999E-01 0.000E+00 1.000E-04 3.107E+00   0.000000 1.000E+00 1.000E+00
   1  471191  1     6.000E+00 5.000E-01 0.000E+00 0.000E+00 0.000E+00 0.000E+00
   1      1.000E+00 0.000E+00 0.000E+00 3.518E+00   0.000000 1.000E+00 1.000E+00
   1  471200  1     1.170E+00 0.000E+00 0.000E+00 0.000E+00 0.000E+00 0.000E+00
   1      1.000E+00 0.000E+00 3.000E-05 3.360E+00   0.000000 1.000E+00 1.000E+00
   1  471210  1     7.800E-01 1.045E-01 0.000E+00 0.000E+00 0.000E+00 0.000E+00
   1      1.000E+00 0.000E+00 0.000E+00 3.468E+00   0.000000 1.000E+00 1.000E+00
   1  471220  1     4.800E-01 0.000E+00 0.000E+00 0.000E+00 0.000E+00 0.000E+00
   1      1.000E+00 0.000E+00 0.000E+00 4.647E+00   0.000000 1.000E+00 1.000E+00
   1  471221  1     1.500E+00 0.000E+00 0.000E+00 0.000E+00 0.000E+00 0.000E+00
   1      1.000E+00 0.000E+00 0.000E+00 6.387E+00   0.000000 1.000E+00 1.000E+00
   1  481020  1     3.300E+02 0.000E+00 1.000E+00 9.423E-01 0.000E+00 0.000E+00
   1      0.000E+00 0.000E+00 0.000E+00 9.012E-01   0.000000 1.000E+00 1.000E+00
   1  481030  1     4.380E+02 0.000E+00 1.000E+00 0.000E+00 0.000E+00 0.000E+00
   1      0.000E+00 0.000E+00 0.000E+00 2.420E+00   0.000000 1.000E+00 1.000E+00
   1  481040  1     3.460E+03 0.000E+00 1.000E+00 0.000E+00 0.000E+00 0.000E+00
   1      0.000E+00 0.000E+00 0.000E+00 2.154E-01   0.000000 1.000E+00 1.000E+00
   1  481050  1     3.330E+03 0.000E+00 1.000E+00 0.000E+00 0.000E+00 0.000E+00
   1      0.000E+00 0.000E+00 0.000E+00 1.475E+00   0.000000 1.000E+00 1.000E+00
   1  481060  1     2.083E+26 0.000E+00 0.000E+00 0.000E+00 0.000E+00 0.000E+00
   1      0.000E+00 0.000E+00 0.000E+00 2.770E+00   1.250000 1.000E+00 1.000E+00    1 1.000E+00 2.200E+00 1.000E+00
   1  481070  1     2.347E+04 0.000E+00 1.000E+00 9.994E-01 0.000E+00 0.000E+00
   1      0.000E+00 0.000E+00 0.000E+00 2.752E-02   0.000000 1.000E+00 1.000E+00
   1  481080  1     1.294E+25 0.000E+00 0.000E+00 0.000E+00 0.000E+00 0.000E+00
   1      0.000E+00 0.000E+00 0.000E+00 2.720E-01   0.890000 1.000E+00 1.000E+00    1 1.000E+00 2.200E+00 1.000E+00
   1  481090  1     3.997E+07 0.000E+00 1.000E+00 1.000E+00 0.000E+00 0.000E+00
   1      0.000E+00 0.000E+00 0.000E+00 2.086E-02   0.000000 1.000E+00 1.000E+00
   1  481100  6     0.000E+00 0.000E+00 0.000E+00 0.000E+00 0.000E+00 0.000E+00
   1      0.000E+00 0.000E+00 0.000E+00 0.000E+00  12.490000 1.000E+00 1.000E+00
   1  481110  6     0.000E+00 0.000E+00 0.000E+00 0.000E+00 0.000E+00 0.000E+00
   1      0.000E+00 0.000E+00 0.000E+00 0.000E+00  12.800000 1.000E+00 1.000E+00
   1  481111  1     2.912E+03 0.000E+00 0.000E+00 0.000E+00 0.000E+00 1.000E+00
   1      0.000E+00 0.000E+00 0.000E+00 3.896E-01   0.000000 1.000E+00 1.000E+00
   1  481120  6     0.000E+00 0.000E+00 0.000E+00 0.000E+00 0.000E+00 0.000E+00
   1      0.000E+00 0.000E+00 0.000E+00 0.000E+00  24.130000 1.000E+00 1.000E+00
   1  481130  1     2.430E+23 0.000E+00 0.000E+00 0.000E+00 0.000E+00 0.000E+00
   1      1.000E+00 0.000E+00 0.000E+00 9.330E-02  12.220000 1.000E+00 1.000E+00
   1  481131  1     4.450E+08 0.000E+00 0.000E+00 0.000E+00 0.000E+00 1.400E-03
   1      9.986E-01 0.000E+00 0.000E+00 1.857E-01   0.000000 1.000E+00 1.000E+00
   1  481140  1     1.893E+25 0.000E+00 0.000E+00 0.000E+00 0.000E+00 0.000E+00
   1      0.000E+00 0.000E+00 0.000E+00 5.360E-01  28.730000 1.000E+00 1.000E+00    1 1.000E+00 1.100E+00 1.000E+00
   1  481150  1     1.925E+05 1.000E+00 0.000E+00 0.000E+00 0.000E+00 0.000E+00
   1      1.000E+00 0.000E+00 0.000E+00 5.112E-01   0.000000 1.000E+00 1.000E+00
   1  481151  1     3.853E+06 1.058E-04 0.000E+00 0.000E+00 0.000E+00 0.000E+00
   1      1.000E+00 0.000E+00 0.000E+00 6.374E-01   0.000000 1.000E+00 1.000E+00
   1  481160  1     1.073E+27 0.000E+00 0.000E+00 0.000E+00 0.000E+00 0.000E+00
   1      0.000E+00 0.000E+00 0.000E+00 2.804E+00   7.490000 1.000E+00 1.000E+00    1 1.000E+00 1.100E+00 1.000E+00
   1  481170  1     8.964E+03 9.164E-01 0.000E+00 0.000E+00 0.000E+00 0.000E+00
   1      1.000E+00 0.000E+00 0.000E+00 1.510E+00   0.000000 1.000E+00 1.000E+00
   1  481171  1     1.210E+04 1.524E-02 0.000E+00 0.000E+00 0.000E+00 0.000E+00
   1      1.000E+00 0.000E+00 0.000E+00 2.242E+00   0.000000 1.000E+00 1.000E+00
   1  481180  1     3.018E+03 0.000E+00 0.000E+00 0.000E+00 0.000E+00 0.000E+00
   1      1.000E+00 0.000E+00 0.000E+00 1.610E-01   0.000000 1.000E+00 1.000E+00
   1  481190  1     1.614E+02 9.028E-01 0.000E+00 0.000E+00 0.000E+00 0.000E+00
   1      1.000E+00 0.000E+00 0.000E+00 2.296E+00   0.000000 1.000E+00 1.000E+00
   1  481191  1     1.320E+02 2.151E-03 0.000E+00 0.000E+00 0.000E+00 0.000E+00
   1      1.000E+00 0.000E+00 0.000E+00 2.862E+00   0.000000 1.000E+00 1.000E+00
   1  481200  1     5.080E+01 0.000E+00 0.000E+00 0.000E+00 0.000E+00 0.000E+00
   1      1.000E+00 0.000E+00 0.000E+00 7.080E-01   0.000000 1.000E+00 1.000E+00
   1  481210  1     1.350E+01 6.632E-01 0.000E+00 0.000E+00 0.000E+00 0.000E+00
   1      1.000E+00 0.000E+00 0.000E+00 2.965E+00   0.000000 1.000E+00 1.000E+00
   1  481211  1     8.300E+00 0.000E+00 0.000E+00 0.000E+00 0.000E+00 0.000E+00
   1      1.000E+00 0.000E+00 0.000E+00 3.315E+00   0.000000 1.000E+00 1.000E+00
   1  481220  1     5.240E+00 0.000E+00 0.000E+00 0.000E+00 0.000E+00 0.000E+00
   1      1.000E+00 0.000E+00 0.000E+00 1.247E+00   0.000000 1.000E+00 1.000E+00
   1  481230  1     2.100E+00 6.903E-01 0.000E+00 0.000E+00 0.000E+00 0.000E+00
   1      1.000E+00 0.000E+00 0.000E+00 3.613E+00   0.000000 1.000E+00 1.000E+00
   1  481231  1     1.820E+00 1.220E-02 0.000E+00 0.000E+00 0.000E+00 0.000E+00
   1      1.000E+00 0.000E+00 0.000E+00 3.940E+00   0.000000 1.000E+00 1.000E+00
   1  481240  1     1.000E+00 0.000E+00 0.000E+00 0.000E+00 0.000E+00 0.000E+00
   1      1.000E+00 0.000E+00 0.000E+00 2.167E+00   0.000000 1.000E+00 1.000E+00
   1  481250  1     6.500E-01 5.214E-01 0.000E+00 0.000E+00 0.000E+00 0.000E+00
   1      1.000E+00 0.000E+00 0.000E+00 4.077E+00   0.000000 1.000E+00 1.000E+00
   1  491060  1     3.720E+02 0.000E+00 1.000E+00 0.000E+00 0.000E+00 0.000E+00
   1      0.000E+00 0.000E+00 0.000E+00 4.480E+00   0.000000 1.000E+00 1.000E+00
   1  491061  1     3.120E+02 0.000E+00 1.000E+00 0.000E+00 0.000E+00 0.000E+00
   1      0.000E+00 0.000E+00 0.000E+00 4.500E+00   0.000000 1.000E+00 1.000E+00
   1  491070  1     1.944E+03 0.000E+00 1.000E+00 0.000E+00 0.000E+00 0.000E+00
   1      0.000E+00 0.000E+00 0.000E+00 1.845E+00   0.000000 1.000E+00 1.000E+00
   1  491071  1     5.040E+01 0.000E+00 0.000E+00 0.000E+00 0.000E+00 1.000E+00
   1      0.000E+00 0.000E+00 0.000E+00 6.780E-01   0.000000 1.000E+00 1.000E+00
   1  491080  1     3.480E+03 0.000E+00 1.000E+00 0.000E+00 0.000E+00 0.000E+00
   1      0.000E+00 0.000E+00 0.000E+00 3.397E+00   0.000000 1.000E+00 1.000E+00
   1  491081  1     2.380E+03 0.000E+00 1.000E+00 0.000E+00 0.000E+00 0.000E+00
   1      0.000E+00 0.000E+00 0.000E+00 3.469E+00   0.000000 1.000E+00 1.000E+00
   1  491090  1     1.512E+04 0.000E+00 1.000E+00 0.000E+00 0.000E+00 0.000E+00
   1      0.000E+00 0.000E+00 0.000E+00 6.649E-01   0.000000 1.000E+00 1.000E+00
   1  491091  1     8.040E+01 0.000E+00 0.000E+00 0.000E+00 0.000E+00 1.000E+00
   1      0.000E+00 0.000E+00 0.000E+00 6.470E-01   0.000000 1.000E+00 1.000E+00
   1  491092  1     2.090E-01 0.000E+00 0.000E+00 0.000E+00 0.000E+00 1.000E+00
   1      0.000E+00 0.000E+00 0.000E+00 2.102E+00   0.000000 1.000E+00 1.000E+00
   1  491100  1     1.764E+04 0.000E+00 1.000E+00 0.000E+00 0.000E+00 0.000E+00
   1      0.000E+00 0.000E+00 0.000E+00 3.090E+00   0.000000 1.000E+00 1.000E+00
   1  491101  1     4.146E+03 0.000E+00 1.000E+00 0.000E+00 0.000E+00 0.000E+00
   1      0.000E+00 0.000E+00 0.000E+00 2.225E+00   0.000000 1.000E+00 1.000E+00
   1  491110  1     2.423E+05 0.000E+00 1.000E+00 5.001E-05 0.000E+00 0.000E+00
   1      0.000E+00 0.000E+00 0.000E+00 4.384E-01   0.000000 1.000E+00 1.000E+00
   1  491111  1     4.740E+02 0.000E+00 0.000E+00 0.000E+00 0.000E+00 1.000E+00
   1      0.000E+00 0.000E+00 0.000E+00 5.375E-01   0.000000 1.000E+00 1.000E+00
   1  491120  1     8.820E+02 0.000E+00 5.600E-01 0.000E+00 0.000E+00 0.000E+00
   1      4.400E-01 0.000E+00 0.000E+00 5.354E-01   0.000000 1.000E+00 1.000E+00
   1  491121  1     1.242E+03 0.000E+00 0.000E+00 0.000E+00 0.000E+00 1.000E+00
   1      0.000E+00 0.000E+00 0.000E+00 1.568E-01   0.000000 1.000E+00 1.000E+00
   1  491130  6     0.000E+00 0.000E+00 0.000E+00 0.000E+00 0.000E+00 0.000E+00
   1      0.000E+00 0.000E+00 0.000E+00 0.000E+00   4.290000 1.000E+00 1.000E+00
   1  491131  1     5.968E+03 0.000E+00 0.000E+00 0.000E+00 0.000E+00 1.000E+00
   1      0.000E+00 0.000E+00 0.000E+00 3.914E-01   0.000000 1.000E+00 1.000E+00
   1  491140  1     7.190E+01 0.000E+00 5.000E-03 0.000E+00 0.000E+00 0.000E+00
   1      9.950E-01 0.000E+00 0.000E+00 7.736E-01   0.000000 1.000E+00 1.000E+00
   1  491141  1     4.320E+06 0.000E+00 3.500E-02 0.000E+00 0.000E+00 9.650E-01
   1      0.000E+00 0.000E+00 0.000E+00 2.299E-01   0.000000 1.000E+00 1.000E+00
   1  491150  1     1.392E+22 0.000E+00 0.000E+00 0.000E+00 0.000E+00 0.000E+00
   1      1.000E+00 0.000E+00 0.000E+00 1.520E-01  95.710000 1.000E+00 1.000E+00
   1  491151  1     1.615E+04 0.000E+00 0.000E+00 0.000E+00 0.000E+00 9.500E-01
   1      5.000E-02 0.000E+00 0.000E+00 3.360E-01   0.000000 1.000E+00 1.000E+00
   1  491160  1     1.420E+01 0.000E+00 0.000E+00 0.000E+00 0.000E+00 0.000E+00
   1      1.000E+00 0.000E+00 0.000E+00 1.362E+00   0.000000 1.000E+00 1.000E+00
   1  491161  1     3.276E+03 0.000E+00 0.000E+00 0.000E+00 0.000E+00 0.000E+00
   1      1.000E+00 0.000E+00 0.000E+00 2.803E+00   0.000000 1.000E+00 1.000E+00
   1  491162  1     2.170E+00 0.000E+00 0.000E+00 0.000E+00 0.000E+00 0.000E+00
   1      0.000E+00 1.000E+00 0.000E+00 1.623E-01   0.000000 1.000E+00 1.000E+00
   1  491170  1     2.592E+03 3.407E-03 0.000E+00 0.000E+00 0.000E+00 0.000E+00
   1      1.000E+00 0.000E+00 0.000E+00 9.583E-01   0.000000 1.000E+00 1.000E+00
   1  491171  1     6.972E+03 0.000E+00 0.000E+00 0.000E+00 0.000E+00 4.710E-01
   1      5.290E-01 0.000E+00 0.000E+00 5.245E-01   0.000000 1.000E+00 1.000E+00
   1  491180  1     5.000E+00 0.000E+00 0.000E+00 0.000E+00 0.000E+00 0.000E+00
   1      1.000E+00 0.000E+00 0.000E+00 1.957E+00   0.000000 1.000E+00 1.000E+00
   1  491181  1     2.670E+02 0.000E+00 0.000E+00 0.000E+00 0.000E+00 0.000E+00
   1      1.000E+00 0.000E+00 0.000E+00 3.373E+00   0.000000 1.000E+00 1.000E+00
   1  491182  1     8.500E+00 0.000E+00 0.000E+00 0.000E+00 0.000E+00 0.000E+00
   1      1.500E-02 9.850E-01 0.000E+00 1.857E-01   0.000000 1.000E+00 1.000E+00
   1  491190  1     1.440E+02 9.300E-03 0.000E+00 0.000E+00 0.000E+00 0.000E+00
   1      1.000E+00 0.000E+00 0.000E+00 1.378E+00   0.000000 1.000E+00 1.000E+00
   1  491191  1     1.080E+03 0.000E+00 0.000E+00 0.000E+00 0.000E+00 2.500E-02
   1      9.750E-01 0.000E+00 0.000E+00 1.061E+00   0.000000 1.000E+00 1.000E+00
   1  491200  1     3.080E+00 0.000E+00 0.000E+00 0.000E+00 0.000E+00 0.000E+00
   1      1.000E+00 0.000E+00 0.000E+00 2.466E+00   0.000000 1.000E+00 1.000E+00
   1  491201  1     4.620E+01 0.000E+00 0.000E+00 0.000E+00 0.000E+00 0.000E+00
   1      1.000E+00 0.000E+00 0.000E+00 4.148E+00   0.000000 1.000E+00 1.000E+00
   1  491202  1     4.620E+01 0.000E+00 0.000E+00 0.000E+00 0.000E+00 0.000E+00
   1      1.000E+00 0.000E+00 0.000E+00 4.140E+00   0.000000 1.000E+00 1.000E+00
   1  491210  1     2.310E+01 1.133E-01 0.000E+00 0.000E+00 0.000E+00 0.000E+00
   1      1.000E+00 0.000E+00 0.000E+00 1.908E+00   0.000000 1.000E+00 1.000E+00
   1  491211  1     2.328E+02 0.000E+00 0.000E+00 0.000E+00 0.000E+00 1.200E-02
   1      9.880E-01 0.000E+00 0.000E+00 1.580E+00   0.000000 1.000E+00 1.000E+00
   1  491220  1     1.500E+00 0.000E+00 0.000E+00 0.000E+00 0.000E+00 0.000E+00
   1      1.000E+00 0.000E+00 0.000E+00 3.166E+00   0.000000 1.000E+00 1.000E+00
   1  491221  1     1.080E+01 0.000E+00 0.000E+00 0.000E+00 0.000E+00 0.000E+00
   1      1.000E+00 0.000E+00 0.000E+00 4.824E+00   0.000000 1.000E+00 1.000E+00
   1  491222  1     1.080E+01 0.000E+00 0.000E+00 0.000E+00 0.000E+00 0.000E+00
   1      1.000E+00 0.000E+00 0.000E+00 4.824E+00   0.000000 1.000E+00 1.000E+00
   1  491230  1     5.980E+00 9.238E-01 0.000E+00 0.000E+00 0.000E+00 0.000E+00
   1      1.000E+00 0.000E+00 0.000E+00 2.452E+00   0.000000 1.000E+00 1.000E+00
   1  491231  1     4.780E+01 1.000E+00 0.000E+00 0.000E+00 0.000E+00 0.000E+00
   1      1.000E+00 0.000E+00 0.000E+00 2.094E+00   0.000000 1.000E+00 1.000E+00
   1  491240  1     3.110E+00 0.000E+00 0.000E+00 0.000E+00 0.000E+00 0.000E+00
   1      1.000E+00 0.000E+00 0.000E+00 4.703E+00   0.000000 1.000E+00 1.000E+00
   1  491241  1     3.700E+00 0.000E+00 0.000E+00 0.000E+00 0.000E+00 0.000E+00
   1      1.000E+00 0.000E+00 0.000E+00 5.154E+00   0.000000 1.000E+00 1.000E+00
   1  491250  1     2.360E+00 8.311E-01 0.000E+00 0.000E+00 0.000E+00 0.000E+00
   1      1.000E+00 0.000E+00 0.000E+00 3.012E+00   0.000000 1.000E+00 1.000E+00
   1  491251  1     1.220E+01 1.000E+00 0.000E+00 0.000E+00 0.000E+00 0.000E+00
   1      1.000E+00 0.000E+00 0.000E+00 2.587E+00   0.000000 1.000E+00 1.000E+00
   1  491260  1     1.600E+00 0.000E+00 0.000E+00 0.000E+00 0.000E+00 0.000E+00
   1      1.000E+00 0.000E+00 0.000E+00 5.163E+00   0.000000 1.000E+00 1.000E+00
   1  491261  1     1.450E+00 0.000E+00 0.000E+00 0.000E+00 0.000E+00 0.000E+00
   1      1.000E+00 0.000E+00 0.000E+00 6.196E+00   0.000000 1.000E+00 1.000E+00
   1  491270  1     1.090E+00 6.102E-01 0.000E+00 0.000E+00 0.000E+00 0.000E+00
   1      1.000E+00 0.000E+00 0.000E+00 3.554E+00   0.000000 1.000E+00 1.000E+00
   1  491271  1     3.700E+00 5.016E-01 0.000E+00 0.000E+00 0.000E+00 0.000E+00
   1      9.931E-01 0.000E+00 6.900E-03 3.353E+00   0.000000 1.000E+00 1.000E+00
   1  491280  1     8.400E-01 0.000E+00 0.000E+00 0.000E+00 0.000E+00 0.000E+00
   1      1.000E+00 0.000E+00 0.000E+00 5.660E+00   0.000000 1.000E+00 1.000E+00
   1  491281  1     1.000E-02 0.000E+00 0.000E+00 0.000E+00 0.000E+00 1.000E+00
   1      0.000E+00 0.000E+00 0.000E+00 2.479E-01   0.000000 1.000E+00 1.000E+00
   1  491282  1     7.200E-01 1.000E+00 0.000E+00 0.000E+00 0.000E+00 0.000E+00
   1      1.000E+00 0.000E+00 0.000E+00 4.802E+00   0.000000 1.000E+00 1.000E+00
   1  501070  1     1.740E+02 0.000E+00 1.000E+00 0.000E+00 0.000E+00 0.000E+00
   1      0.000E+00 0.000E+00 0.000E+00 3.400E+00   0.000000 1.000E+00 1.000E+00
   1  501080  1     6.180E+02 0.000E+00 1.000E+00 1.000E+00 0.000E+00 0.000E+00
   1      0.000E+00 0.000E+00 0.000E+00 7.023E-01   0.000000 1.000E+00 1.000E+00
   1  501090  1     1.080E+03 0.000E+00 1.000E+00 1.278E-01 0.000E+00 0.000E+00
   1      0.000E+00 0.000E+00 0.000E+00 2.386E+00   0.000000 1.000E+00 1.000E+00
   1  501100  1     1.476E+04 0.000E+00 1.000E+00 1.000E+00 0.000E+00 0.000E+00
   1      0.000E+00 0.000E+00 0.000E+00 3.046E-01   0.000000 1.000E+00 1.000E+00
   1  501110  1     2.118E+03 0.000E+00 1.000E+00 9.059E-04 0.000E+00 0.000E+00
   1      0.000E+00 0.000E+00 0.000E+00 6.944E-01   0.000000 1.000E+00 1.000E+00
   1  501120  6     0.000E+00 0.000E+00 0.000E+00 0.000E+00 0.000E+00 0.000E+00
   1      0.000E+00 0.000E+00 0.000E+00 0.000E+00   0.970000 1.000E+00 1.000E+00
   1  501130  1     9.944E+06 0.000E+00 1.000E+00 9.999E-01 0.000E+00 0.000E+00
   1      0.000E+00 0.000E+00 0.000E+00 2.953E-02   0.000000 1.000E+00 1.000E+00
   1  501131  1     1.254E+03 0.000E+00 8.900E-02 0.000E+00 0.000E+00 9.110E-01
   1      0.000E+00 0.000E+00 0.000E+00 7.306E-02   0.000000 1.000E+00 1.000E+00
   1  501140  6     0.000E+00 0.000E+00 0.000E+00 0.000E+00 0.000E+00 0.000E+00
   1      0.000E+00 0.000E+00 0.000E+00 0.000E+00   0.650000 1.000E+00 1.000E+00
   1  501150  6     0.000E+00 0.000E+00 0.000E+00 0.000E+00 0.000E+00 0.000E+00
   1      0.000E+00 0.000E+00 0.000E+00 0.000E+00   0.340000 1.000E+00 1.000E+00
   1  501160  6     0.000E+00 0.000E+00 0.000E+00 0.000E+00 0.000E+00 0.000E+00
   1      0.000E+00 0.000E+00 0.000E+00 0.000E+00  14.540000 1.000E+00 1.000E+00
   1  501170  6     0.000E+00 0.000E+00 0.000E+00 0.000E+00 0.000E+00 0.000E+00
   1      0.000E+00 0.000E+00 0.000E+00 0.000E+00   7.680000 1.000E+00 1.000E+00
   1  501171  1     1.175E+06 0.000E+00 0.000E+00 0.000E+00 0.000E+00 1.000E+00
   1      0.000E+00 0.000E+00 0.000E+00 3.133E-01   0.000000 1.000E+00 1.000E+00
   1  501180  6     0.000E+00 0.000E+00 0.000E+00 0.000E+00 0.000E+00 0.000E+00
   1      0.000E+00 0.000E+00 0.000E+00 0.000E+00  24.220000 1.000E+00 1.000E+00
   1  501190  6     0.000E+00 0.000E+00 0.000E+00 0.000E+00 0.000E+00 0.000E+00
   1      0.000E+00 0.000E+00 0.000E+00 0.000E+00   8.580000 1.000E+00 1.000E+00
   1  501191  1     2.532E+07 0.000E+00 0.000E+00 0.000E+00 0.000E+00 1.000E+00
   1      0.000E+00 0.000E+00 0.000E+00 8.962E-02   0.000000 1.000E+00 1.000E+00
   1  501200  6     0.000E+00 0.000E+00 0.000E+00 0.000E+00 0.000E+00 0.000E+00
   1      0.000E+00 0.000E+00 0.000E+00 0.000E+00  32.590000 1.000E+00 1.000E+00
   1  501210  1     9.742E+04 0.000E+00 0.000E+00 0.000E+00 0.000E+00 0.000E+00
   1      1.000E+00 0.000E+00 0.000E+00 1.152E-01   0.000000 1.000E+00 1.000E+00
   1  501211  1     1.736E+09 0.000E+00 0.000E+00 0.000E+00 0.000E+00 7.760E-01
   1      2.240E-01 0.000E+00 0.000E+00 4.042E-02   0.000000 1.000E+00 1.000E+00
   1  501220  6     0.000E+00 0.000E+00 0.000E+00 0.000E+00 0.000E+00 0.000E+00
   1      0.000E+00 0.000E+00 0.000E+00 0.000E+00   4.630000 1.000E+00 1.000E+00
   1  501230  1     1.116E+07 0.000E+00 0.000E+00 0.000E+00 0.000E+00 0.000E+00
   1      1.000E+00 0.000E+00 0.000E+00 5.297E-01   0.000000 1.000E+00 1.000E+00
   1  501231  1     2.404E+03 0.000E+00 0.000E+00 0.000E+00 0.000E+00 0.000E+00
   1      1.000E+00 0.000E+00 0.000E+00 6.191E-01   0.000000 1.000E+00 1.000E+00
   1  501240  1     3.156E+24 0.000E+00 0.000E+00 0.000E+00 0.000E+00 0.000E+00
   1      0.000E+00 0.000E+00 0.000E+00 2.288E+00   5.790000 1.000E+00 1.000E+00    1 1.000E+00 1.100E+00 1.000E+00
   1  501250  1     8.329E+05 0.000E+00 0.000E+00 0.000E+00 0.000E+00 0.000E+00
   1      1.000E+00 0.000E+00 0.000E+00 1.137E+00   0.000000 1.000E+00 1.000E+00
   1  501251  1     5.712E+02 0.000E+00 0.000E+00 0.000E+00 0.000E+00 0.000E+00
   1      1.000E+00 0.000E+00 0.000E+00 1.152E+00   0.000000 1.000E+00 1.000E+00
   1  501260  1     7.258E+12 1.000E+00 0.000E+00 0.000E+00 0.000E+00 0.000E+00
   1      1.000E+00 0.000E+00 0.000E+00 1.787E-01   0.000000 1.000E+00 1.000E+00
   1  501270  1     7.560E+03 0.000E+00 0.000E+00 0.000E+00 0.000E+00 0.000E+00
   1      1.000E+00 0.000E+00 0.000E+00 2.347E+00   0.000000 1.000E+00 1.000E+00
   1  501271  1     2.478E+02 0.000E+00 0.000E+00 0.000E+00 0.000E+00 0.000E+00
   1      1.000E+00 0.000E+00 0.000E+00 1.569E+00   0.000000 1.000E+00 1.000E+00
   1  501280  1     3.546E+03 0.000E+00 0.000E+00 0.000E+00 0.000E+00 0.000E+00
   1      1.000E+00 0.000E+00 0.000E+00 8.536E-01   0.000000 1.000E+00 1.000E+00
   1  501281  1     6.500E+00 0.000E+00 0.000E+00 0.000E+00 0.000E+00 1.000E+00
   1      0.000E+00 0.000E+00 0.000E+00 2.090E+00   0.000000 1.000E+00 1.000E+00
   1  501290  1     1.338E+02 0.000E+00 0.000E+00 0.000E+00 0.000E+00 0.000E+00
   1      1.000E+00 0.000E+00 0.000E+00 2.448E+00   0.000000 1.000E+00 1.000E+00
   1  501291  1     4.320E+02 3.100E-01 0.000E+00 0.000E+00 0.000E+00 0.000E+00
   1      1.000E+00 0.000E+00 0.000E+00 2.413E+00   0.000000 1.000E+00 1.000E+00
   1  501300  1     2.238E+02 1.000E+00 0.000E+00 0.000E+00 0.000E+00 0.000E+00
   1      1.000E+00 0.000E+00 0.000E+00 1.400E+00   0.000000 1.000E+00 1.000E+00
   1  501301  1     1.020E+02 1.600E-01 0.000E+00 0.000E+00 0.000E+00 0.000E+00
   1      1.000E+00 0.000E+00 0.000E+00 2.201E+00   0.000000 1.000E+00 1.000E+00
   1  501310  1     3.900E+01 0.000E+00 0.000E+00 0.000E+00 0.000E+00 0.000E+00
   1      1.000E+00 0.000E+00 0.000E+00 3.240E+00   0.000000 1.000E+00 1.000E+00
   1  501311  1     6.120E+01 0.000E+00 0.000E+00 0.000E+00 0.000E+00 0.000E+00
   1      1.000E+00 0.000E+00 0.000E+00 3.489E+00   0.000000 1.000E+00 1.000E+00
   1  511120  1     5.140E+01 0.000E+00 1.000E+00 0.000E+00 0.000E+00 0.000E+00
   1      0.000E+00 0.000E+00 0.000E+00 4.509E+00   0.000000 1.000E+00 1.000E+00
   1  511130  1     4.000E+02 0.000E+00 1.000E+00 0.000E+00 0.000E+00 0.000E+00
   1      0.000E+00 0.000E+00 0.000E+00 2.020E+00   0.000000 1.000E+00 1.000E+00
   1  511140  1     2.094E+02 0.000E+00 1.000E+00 0.000E+00 0.000E+00 0.000E+00
   1      0.000E+00 0.000E+00 0.000E+00 3.784E+00   0.000000 1.000E+00 1.000E+00
   1  511150  1     1.926E+03 0.000E+00 1.000E+00 0.000E+00 0.000E+00 0.000E+00
   1      0.000E+00 0.000E+00 0.000E+00 1.121E+00   0.000000 1.000E+00 1.000E+00
   1  511160  1     9.480E+02 0.000E+00 1.000E+00 0.000E+00 0.000E+00 0.000E+00
   1      0.000E+00 0.000E+00 0.000E+00 2.809E+00   0.000000 1.000E+00 1.000E+00
   1  511161  1     3.618E+03 0.000E+00 1.000E+00 0.000E+00 0.000E+00 0.000E+00
   1      0.000E+00 0.000E+00 0.000E+00 3.401E+00   0.000000 1.000E+00 1.000E+00
   1  511170  1     1.008E+04 0.000E+00 1.000E+00 0.000E+00 0.000E+00 0.000E+00
   1      0.000E+00 0.000E+00 0.000E+00 2.129E-01   0.000000 1.000E+00 1.000E+00
   1  511180  1     2.160E+02 0.000E+00 1.000E+00 0.000E+00 0.000E+00 0.000E+00
   1      0.000E+00 0.000E+00 0.000E+00 1.677E+00   0.000000 1.000E+00 1.000E+00
   1  511181  1     1.800E+04 0.000E+00 1.000E+00 0.000E+00 0.000E+00 0.000E+00
   1      0.000E+00 0.000E+00 0.000E+00 2.634E+00   0.000000 1.000E+00 1.000E+00
   1  511190  1     1.379E+05 0.000E+00 1.000E+00 0.000E+00 0.000E+00 0.000E+00
   1      0.000E+00 0.000E+00 0.000E+00 4.939E-02   0.000000 1.000E+00 1.000E+00
   1  511191  1     8.500E-01 0.000E+00 0.000E+00 0.000E+00 0.000E+00 1.000E+00
   1      0.000E+00 0.000E+00 0.000E+00 2.852E+00   0.000000 1.000E+00 1.000E+00
   1  511200  1     9.540E+02 0.000E+00 1.000E+00 0.000E+00 0.000E+00 0.000E+00
   1      0.000E+00 0.000E+00 0.000E+00 7.668E-01   0.000000 1.000E+00 1.000E+00
   1  511201  1     4.977E+05 0.000E+00 1.000E+00 0.000E+00 0.000E+00 0.000E+00
   1      0.000E+00 0.000E+00 0.000E+00 2.507E+00   0.000000 1.000E+00 1.000E+00
   1  511210  6     0.000E+00 0.000E+00 0.000E+00 0.000E+00 0.000E+00 0.000E+00
   1      0.000E+00 0.000E+00 0.000E+00 0.000E+00  57.210000 1.000E+00 1.000E+00
   1  511220  1     2.333E+05 0.000E+00 2.600E-02 0.000E+00 0.000E+00 0.000E+00
   1      9.740E-01 0.000E+00 0.000E+00 1.006E+00   0.000000 1.000E+00 1.000E+00
   1  511221  1     2.514E+02 0.000E+00 0.000E+00 0.000E+00 0.000E+00 1.000E+00
   1      0.000E+00 0.000E+00 0.000E+00 1.636E-01   0.000000 1.000E+00 1.000E+00
   1  511230  6     0.000E+00 0.000E+00 0.000E+00 0.000E+00 0.000E+00 0.000E+00
   1      0.000E+00 0.000E+00 0.000E+00 0.000E+00  42.790000 1.000E+00 1.000E+00
   1  511240  1     5.201E+06 0.000E+00 0.000E+00 0.000E+00 0.000E+00 0.000E+00
   1      1.000E+00 0.000E+00 0.000E+00 2.232E+00   0.000000 1.000E+00 1.000E+00
   1  511241  1     9.300E+01 0.000E+00 0.000E+00 0.000E+00 0.000E+00 7.500E-01
   1      2.500E-01 0.000E+00 0.000E+00 5.516E-01   0.000000 1.000E+00 1.000E+00
   1  511242  1     1.212E+03 0.000E+00 0.000E+00 0.000E+00 0.000E+00 0.000E+00
   1      0.000E+00 1.000E+00 0.000E+00 2.611E-02   0.000000 1.000E+00 1.000E+00
   1  511250  1     8.705E+07 2.238E-01 0.000E+00 0.000E+00 0.000E+00 0.000E+00
   1      1.000E+00 0.000E+00 0.000E+00 5.373E-01   0.000000 1.000E+00 1.000E+00
   1  511260  1     1.071E+06 0.000E+00 0.000E+00 0.000E+00 0.000E+00 0.000E+00
   1      1.000E+00 0.000E+00 0.000E+00 3.114E+00   0.000000 1.000E+00 1.000E+00
   1  511261  1     1.146E+03 0.000E+00 0.000E+00 0.000E+00 0.000E+00 1.400E-01
   1      8.600E-01 0.000E+00 0.000E+00 2.201E+00   0.000000 1.000E+00 1.000E+00
   1  511262  1     1.100E+01 0.000E+00 0.000E+00 0.000E+00 0.000E+00 0.000E+00
   1      0.000E+00 1.000E+00 0.000E+00 2.281E-02   0.000000 1.000E+00 1.000E+00
   1  511270  1     3.326E+05 1.648E-01 0.000E+00 0.000E+00 0.000E+00 0.000E+00
   1      1.000E+00 0.000E+00 0.000E+00 1.005E+00   0.000000 1.000E+00 1.000E+00
   1  511280  1     3.244E+04 0.000E+00 0.000E+00 0.000E+00 0.000E+00 0.000E+00
   1      1.000E+00 0.000E+00 0.000E+00 3.535E+00   0.000000 1.000E+00 1.000E+00
   1  511281  1     6.240E+02 0.000E+00 0.000E+00 0.000E+00 0.000E+00 3.600E-02
   1      9.640E-01 0.000E+00 0.000E+00 2.826E+00   0.000000 1.000E+00 1.000E+00
   1  511290  1     1.570E+04 1.660E-01 0.000E+00 0.000E+00 0.000E+00 0.000E+00
   1      1.000E+00 0.000E+00 0.000E+00 1.735E+00   0.000000 1.000E+00 1.000E+00
   1  511291  1     1.062E+03 9.765E-01 0.000E+00 0.000E+00 0.000E+00 1.500E-01
   1      8.500E-01 0.000E+00 0.000E+00 2.477E+00   0.000000 1.000E+00 1.000E+00
   1  511300  1     2.370E+03 0.000E+00 0.000E+00 0.000E+00 0.000E+00 0.000E+00
   1      1.000E+00 0.000E+00 0.000E+00 3.840E+00   0.000000 1.000E+00 1.000E+00
   1  511301  1     3.780E+02 0.000E+00 0.000E+00 0.000E+00 0.000E+00 0.000E+00
   1      1.000E+00 0.000E+00 0.000E+00 3.488E+00   0.000000 1.000E+00 1.000E+00
   1  511310  1     1.382E+03 8.006E-02 0.000E+00 0.000E+00 0.000E+00 0.000E+00
   1      1.000E+00 0.000E+00 0.000E+00 2.312E+00   0.000000 1.000E+00 1.000E+00
   1  511320  1     1.674E+02 0.000E+00 0.000E+00 0.000E+00 0.000E+00 0.000E+00
   1      1.000E+00 0.000E+00 0.000E+00 3.750E+00   0.000000 1.000E+00 1.000E+00
   1  511321  1     2.460E+02 0.000E+00 0.000E+00 0.000E+00 0.000E+00 0.000E+00
   1      1.000E+00 0.000E+00 0.000E+00 3.684E+00   0.000000 1.000E+00 1.000E+00
   1  511330  1     1.500E+02 1.729E-01 0.000E+00 0.000E+00 0.000E+00 0.000E+00
   1      1.000E+00 0.000E+00 0.000E+00 2.841E+00   0.000000 1.000E+00 1.000E+00
   1  521130  1     1.020E+02 0.000E+00 1.000E+00 0.000E+00 0.000E+00 0.000E+00
   1      0.000E+00 0.000E+00 0.000E+00 3.570E+00   0.000000 1.000E+00 1.000E+00
   1  521140  1     9.120E+02 0.000E+00 1.000E+00 0.000E+00 0.000E+00 0.000E+00
   1      0.000E+00 0.000E+00 0.000E+00 1.265E+00   0.000000 1.000E+00 1.000E+00
   1  521150  1     3.480E+02 0.000E+00 1.000E+00 0.000E+00 0.000E+00 0.000E+00
   1      0.000E+00 0.000E+00 0.000E+00 2.659E+00   0.000000 1.000E+00 1.000E+00
   1  521151  1     4.020E+02 0.000E+00 1.000E+00 0.000E+00 0.000E+00 0.000E+00
   1      0.000E+00 0.000E+00 0.000E+00 2.591E+00   0.000000 1.000E+00 1.000E+00
   1  521160  1     8.964E+03 0.000E+00 1.000E+00 0.000E+00 0.000E+00 0.000E+00
   1      0.000E+00 0.000E+00 0.000E+00 1.711E-01   0.000000 1.000E+00 1.000E+00
   1  521170  1     3.720E+03 0.000E+00 1.000E+00 0.000E+00 0.000E+00 0.000E+00
   1      0.000E+00 0.000E+00 0.000E+00 1.752E+00   0.000000 1.000E+00 1.000E+00
   1  521171  1     1.030E-01 0.000E+00 0.000E+00 0.000E+00 0.000E+00 1.000E+00
   1      0.000E+00 0.000E+00 0.000E+00 2.993E-01   0.000000 1.000E+00 1.000E+00
   1  521180  1     5.184E+05 0.000E+00 1.000E+00 0.000E+00 0.000E+00 0.000E+00
   1      0.000E+00 0.000E+00 0.000E+00 2.484E-02   0.000000 1.000E+00 1.000E+00
   1  521190  1     5.778E+04 0.000E+00 1.000E+00 0.000E+00 0.000E+00 0.000E+00
   1      0.000E+00 0.000E+00 0.000E+00 7.799E-01   0.000000 1.000E+00 1.000E+00
   1  521191  1     4.061E+05 0.000E+00 1.000E+00 0.000E+00 0.000E+00 0.000E+00
   1      0.000E+00 0.000E+00 0.000E+00 1.514E+00   0.000000 1.000E+00 1.000E+00
   1  521200  6     0.000E+00 0.000E+00 0.000E+00 0.000E+00 0.000E+00 0.000E+00
   1      0.000E+00 0.000E+00 0.000E+00 0.000E+00   0.096000 1.000E+00 1.000E+00
   1  521210  1     1.655E+06 0.000E+00 1.000E+00 0.000E+00 0.000E+00 0.000E+00
   1      0.000E+00 0.000E+00 0.000E+00 5.873E-01   0.000000 1.000E+00 1.000E+00
   1  521211  1     1.331E+07 0.000E+00 1.130E-01 0.000E+00 0.000E+00 8.870E-01
   1      0.000E+00 0.000E+00 0.000E+00 2.970E-01   0.000000 1.000E+00 1.000E+00
   1  521220  6     0.000E+00 0.000E+00 0.000E+00 0.000E+00 0.000E+00 0.000E+00
   1      0.000E+00 0.000E+00 0.000E+00 0.000E+00   2.603000 1.000E+00 1.000E+00
   1  521230  1     2.903E+24 0.000E+00 1.000E+00 0.000E+00 0.000E+00 0.000E+00
   1      0.000E+00 0.000E+00 0.000E+00 2.261E-03   0.908000 1.000E+00 1.000E+00
   1  521231  1     1.032E+07 0.000E+00 0.000E+00 0.000E+00 0.000E+00 1.000E+00
   1      0.000E+00 0.000E+00 0.000E+00 2.437E-01   0.000000 1.000E+00 1.000E+00
   1  521240  6     0.000E+00 0.000E+00 0.000E+00 0.000E+00 0.000E+00 0.000E+00
   1      0.000E+00 0.000E+00 0.000E+00 0.000E+00   4.816000 1.000E+00 1.000E+00
   1  521250  6     0.000E+00 0.000E+00 0.000E+00 0.000E+00 0.000E+00 0.000E+00
   1      0.000E+00 0.000E+00 0.000E+00 0.000E+00   7.139000 1.000E+00 1.000E+00
   1  521251  1     4.959E+06 0.000E+00 0.000E+00 0.000E+00 0.000E+00 1.000E+00
   1      0.000E+00 0.000E+00 0.000E+00 1.405E-01   0.000000 1.000E+00 1.000E+00
   1  521260  6     0.000E+00 0.000E+00 0.000E+00 0.000E+00 0.000E+00 0.000E+00
   1      0.000E+00 0.000E+00 0.000E+00 0.000E+00  18.952000 1.000E+00 1.000E+00
   1  521270  1     3.366E+04 0.000E+00 0.000E+00 0.000E+00 0.000E+00 0.000E+00
   1      1.000E+00 0.000E+00 0.000E+00 2.292E-01   0.000000 1.000E+00 1.000E+00
   1  521271  1     9.418E+06 0.000E+00 0.000E+00 0.000E+00 0.000E+00 9.760E-01
   1      2.400E-02 0.000E+00 0.000E+00 9.372E-02   0.000000 1.000E+00 1.000E+00
   1  521280  1     6.943E+31 0.000E+00 0.000E+00 0.000E+00 0.000E+00 0.000E+00
   1      0.000E+00 0.000E+00 0.000E+00 8.672E-01  31.687000 1.000E+00 1.000E+00    1 1.000E+00 1.100E+00 1.000E+00
   1  521290  1     4.176E+03 0.000E+00 0.000E+00 0.000E+00 0.000E+00 0.000E+00
   1      1.000E+00 0.000E+00 0.000E+00 6.052E-01   0.000000 1.000E+00 1.000E+00
   1  521291  1     2.903E+06 0.000E+00 0.000E+00 0.000E+00 0.000E+00 6.300E-01
   1      3.700E-01 0.000E+00 0.000E+00 3.006E-01   0.000000 1.000E+00 1.000E+00
   1  521300  1     2.493E+31 0.000E+00 0.000E+00 0.000E+00 0.000E+00 0.000E+00
   1      0.000E+00 0.000E+00 0.000E+00 2.528E+00  33.799000 1.000E+00 1.000E+00    1 1.000E+00 1.100E+00 1.000E+00
   1  521310  1     1.500E+03 0.000E+00 0.000E+00 0.000E+00 0.000E+00 0.000E+00
   1      1.000E+00 0.000E+00 0.000E+00 1.183E+00   0.000000 1.000E+00 1.000E+00
   1  521311  1     1.080E+05 0.000E+00 0.000E+00 0.000E+00 0.000E+00 2.100E-01
   1      7.900E-01 0.000E+00 0.000E+00 1.650E+00   0.000000 1.000E+00 1.000E+00
   1  521320  1     2.768E+05 0.000E+00 0.000E+00 0.000E+00 0.000E+00 0.000E+00
   1      1.000E+00 0.000E+00 0.000E+00 3.354E-01   0.000000 1.000E+00 1.000E+00
   1  521330  1     7.470E+02 0.000E+00 0.000E+00 0.000E+00 0.000E+00 0.000E+00
   1      1.000E+00 0.000E+00 0.000E+00 1.860E+00   0.000000 1.000E+00 1.000E+00
   1  521331  1     3.324E+03 0.000E+00 0.000E+00 0.000E+00 0.000E+00 1.750E-01
   1      8.250E-01 0.000E+00 0.000E+00 2.199E+00   0.000000 1.000E+00 1.000E+00
   1  521340  1     2.508E+03 0.000E+00 0.000E+00 0.000E+00 0.000E+00 0.000E+00
   1      1.000E+00 0.000E+00 0.000E+00 1.102E+00   0.000000 1.000E+00 1.000E+00
   1  521350  1     1.900E+01 0.000E+00 0.000E+00 0.000E+00 0.000E+00 0.000E+00
   1      1.000E+00 0.000E+00 0.000E+00 2.826E+00   0.000000 1.000E+00 1.000E+00
   1  531160  1     2.910E+00 0.000E+00 1.000E+00 0.000E+00 0.000E+00 0.000E+00
   1      0.000E+00 0.000E+00 0.000E+00 4.075E+00   0.000000 1.000E+00 1.000E+00
   1  531170  1     1.380E+02 0.000E+00 1.000E+00 0.000E+00 0.000E+00 0.000E+00
   1      0.000E+00 0.000E+00 0.000E+00 1.600E+00   0.000000 1.000E+00 1.000E+00
   1  531180  1     8.220E+02 0.000E+00 1.000E+00 0.000E+00 0.000E+00 0.000E+00
   1      0.000E+00 0.000E+00 0.000E+00 4.068E+00   0.000000 1.000E+00 1.000E+00
   1  531181  1     5.100E+02 0.000E+00 1.000E+00 0.000E+00 0.000E+00 0.000E+00
   1      0.000E+00 0.000E+00 0.000E+00 4.849E+00   0.000000 1.000E+00 1.000E+00
   1  531190  1     1.146E+03 0.000E+00 1.000E+00 9.491E-03 0.000E+00 0.000E+00
   1      0.000E+00 0.000E+00 0.000E+00 1.361E+00   0.000000 1.000E+00 1.000E+00
   1  531200  1     4.896E+03 0.000E+00 1.000E+00 0.000E+00 0.000E+00 0.000E+00
   1      0.000E+00 0.000E+00 0.000E+00 3.267E+00   0.000000 1.000E+00 1.000E+00
   1  531201  1     3.180E+03 0.000E+00 1.000E+00 0.000E+00 0.000E+00 0.000E+00
   1      0.000E+00 0.000E+00 0.000E+00 6.009E+00   0.000000 1.000E+00 1.000E+00
   1  531210  1     7.632E+03 0.000E+00 1.000E+00 2.853E-03 0.000E+00 0.000E+00
   1      0.000E+00 0.000E+00 0.000E+00 4.638E-01   0.000000 1.000E+00 1.000E+00
   1  531220  1     2.178E+02 0.000E+00 1.000E+00 0.000E+00 0.000E+00 0.000E+00
   1      0.000E+00 0.000E+00 0.000E+00 2.068E+00   0.000000 1.000E+00 1.000E+00
   1  531230  1     4.760E+04 0.000E+00 1.000E+00 0.000E+00 0.000E+00 0.000E+00
   1      0.000E+00 0.000E+00 0.000E+00 1.981E-01   0.000000 1.000E+00 1.000E+00
   1  531240  1     3.608E+05 0.000E+00 1.000E+00 0.000E+00 0.000E+00 0.000E+00
   1      0.000E+00 0.000E+00 0.000E+00 1.304E+00   0.000000 1.000E+00 1.000E+00
   1  531250  1     5.133E+06 0.000E+00 1.000E+00 0.000E+00 0.000E+00 0.000E+00
   1      0.000E+00 0.000E+00 0.000E+00 5.872E-02   0.000000 1.000E+00 1.000E+00
   1  531260  1     1.121E+06 0.000E+00 5.630E-01 0.000E+00 0.000E+00 0.000E+00
   1      4.370E-01 0.000E+00 0.000E+00 5.794E-01   0.000000 1.000E+00 1.000E+00
   1  531270  6     0.000E+00 0.000E+00 0.000E+00 0.000E+00 0.000E+00 0.000E+00
   1      0.000E+00 0.000E+00 0.000E+00 0.000E+00 100.000000 1.000E+00 1.000E+00
   1  531280  1     1.499E+03 0.000E+00 6.900E-02 0.000E+00 0.000E+00 0.000E+00
   1      9.310E-01 0.000E+00 0.000E+00 8.262E-01   0.000000 1.000E+00 1.000E+00
   1  531290  1     5.081E+14 0.000E+00 0.000E+00 0.000E+00 0.000E+00 0.000E+00
   1      1.000E+00 0.000E+00 0.000E+00 8.684E-02   0.000000 1.000E+00 1.000E+00
   1  531300  1     4.450E+04 0.000E+00 0.000E+00 0.000E+00 0.000E+00 0.000E+00
   1      1.000E+00 0.000E+00 0.000E+00 2.415E+00   0.000000 1.000E+00 1.000E+00
   1  531301  1     5.400E+02 0.000E+00 0.000E+00 0.000E+00 0.000E+00 8.330E-01
   1      1.670E-01 0.000E+00 0.000E+00 3.093E-01   0.000000 1.000E+00 1.000E+00
   1  531310  1     6.932E+05 1.086E-02 0.000E+00 0.000E+00 0.000E+00 0.000E+00
   1      1.000E+00 0.000E+00 0.000E+00 5.740E-01   0.000000 1.000E+00 1.000E+00
   1  531320  1     8.262E+03 0.000E+00 0.000E+00 0.000E+00 0.000E+00 0.000E+00
   1      1.000E+00 0.000E+00 0.000E+00 2.751E+00   0.000000 1.000E+00 1.000E+00
   1  531321  1     4.980E+03 0.000E+00 0.000E+00 0.000E+00 0.000E+00 8.600E-01
   1      1.400E-01 0.000E+00 0.000E+00 5.076E-01   0.000000 1.000E+00 1.000E+00
   1  531330  1     7.488E+04 2.846E-02 0.000E+00 0.000E+00 0.000E+00 0.000E+00
   1      1.000E+00 0.000E+00 0.000E+00 1.020E+00   0.000000 1.000E+00 1.000E+00
   1  531331  1     9.000E+00 0.000E+00 0.000E+00 0.000E+00 0.000E+00 1.000E+00
   1      0.000E+00 0.000E+00 0.000E+00 1.630E+00   0.000000 1.000E+00 1.000E+00
   1  531340  1     3.150E+03 0.000E+00 0.000E+00 0.000E+00 0.000E+00 0.000E+00
   1      1.000E+00 0.000E+00 0.000E+00 3.146E+00   0.000000 1.000E+00 1.000E+00
   1  531341  1     2.160E+02 1.000E+00 0.000E+00 0.000E+00 0.000E+00 9.770E-01
   1      2.300E-02 0.000E+00 0.000E+00 3.292E-01   0.000000 1.000E+00 1.000E+00
   1  531350  1     2.365E+04 1.651E-01 0.000E+00 0.000E+00 0.000E+00 0.000E+00
   1      1.000E+00 0.000E+00 0.000E+00 1.944E+00   0.000000 1.000E+00 1.000E+00
   1  531360  1     8.340E+01 0.000E+00 0.000E+00 0.000E+00 0.000E+00 0.000E+00
   1      1.000E+00 0.000E+00 0.000E+00 4.336E+00   0.000000 1.000E+00 1.000E+00
   1  531361  1     4.500E+01 0.000E+00 0.000E+00 0.000E+00 0.000E+00 0.000E+00
   1      1.000E+00 0.000E+00 0.000E+00 4.720E+00   0.000000 1.000E+00 1.000E+00
   1  531370  1     2.451E+01 0.000E+00 0.000E+00 0.000E+00 0.000E+00 0.000E+00
   1      9.350E-01 0.000E+00 6.500E-02 3.121E+00   0.000000 1.000E+00 1.000E+00
   1  541170  1     6.100E+01 0.000E+00 1.000E+00 0.000E+00 0.000E+00 0.000E+00
   1      0.000E+00 0.000E+00 0.000E+00 3.079E-01   0.000000 1.000E+00 1.000E+00
   1  541180  1     3.600E+02 0.000E+00 1.000E+00 0.000E+00 0.000E+00 0.000E+00
   1      0.000E+00 0.000E+00 0.000E+00 1.637E+00   0.000000 1.000E+00 1.000E+00
   1  541190  1     3.480E+02 0.000E+00 1.000E+00 0.000E+00 0.000E+00 0.000E+00
   1      0.000E+00 0.000E+00 0.000E+00 2.973E+00   0.000000 1.000E+00 1.000E+00
   1  541200  1     2.400E+03 0.000E+00 1.000E+00 0.000E+00 0.000E+00 0.000E+00
   1      0.000E+00 0.000E+00 0.000E+00 4.747E-01   0.000000 1.000E+00 1.000E+00
   1  541210  1     2.406E+03 0.000E+00 1.000E+00 0.000E+00 0.000E+00 0.000E+00
   1      0.000E+00 0.000E+00 0.000E+00 1.944E+00   0.000000 1.000E+00 1.000E+00
   1  541220  1     7.236E+04 0.000E+00 1.000E+00 0.000E+00 0.000E+00 0.000E+00
   1      0.000E+00 0.000E+00 0.000E+00 7.688E-02   0.000000 1.000E+00 1.000E+00
   1  541230  1     7.488E+03 0.000E+00 1.000E+00 0.000E+00 0.000E+00 0.000E+00
   1      0.000E+00 0.000E+00 0.000E+00 8.193E-01   0.000000 1.000E+00 1.000E+00
   1  541240  1     6.312E+21 0.000E+00 0.000E+00 0.000E+00 0.000E+00 0.000E+00
   1      0.000E+00 0.000E+00 0.000E+00 2.864E+00   0.100000 1.000E+00 1.000E+00    1 1.000E+00 2.200E+00 1.000E+00
   1  541250  1     6.084E+04 0.000E+00 1.000E+00 0.000E+00 0.000E+00 0.000E+00
   1      0.000E+00 0.000E+00 0.000E+00 3.050E-01   0.000000 1.000E+00 1.000E+00
   1  541251  1     5.600E+01 0.000E+00 0.000E+00 0.000E+00 0.000E+00 1.000E+00
   1      0.000E+00 0.000E+00 0.000E+00 2.524E-01   0.000000 1.000E+00 1.000E+00
   1  541260  6     0.000E+00 0.000E+00 0.000E+00 0.000E+00 0.000E+00 0.000E+00
   1      0.000E+00 0.000E+00 0.000E+00 0.000E+00   0.090000 1.000E+00 1.000E+00
   1  541270  1     3.145E+06 0.000E+00 1.000E+00 0.000E+00 0.000E+00 0.000E+00
   1      0.000E+00 0.000E+00 0.000E+00 3.104E-01   0.000000 1.000E+00 1.000E+00
   1  541271  1     6.960E+01 0.000E+00 0.000E+00 0.000E+00 0.000E+00 1.000E+00
   1      0.000E+00 0.000E+00 0.000E+00 2.972E-01   0.000000 1.000E+00 1.000E+00
   1  541280  6     0.000E+00 0.000E+00 0.000E+00 0.000E+00 0.000E+00 0.000E+00
   1      0.000E+00 0.000E+00 0.000E+00 0.000E+00   1.910000 1.000E+00 1.000E+00
   1  541290  6     0.000E+00 0.000E+00 0.000E+00 0.000E+00 0.000E+00 0.000E+00
   1      0.000E+00 0.000E+00 0.000E+00 0.000E+00  26.400000 1.000E+00 1.000E+00
   1  541291  1     7.672E+05 0.000E+00 0.000E+00 0.000E+00 0.000E+00 1.000E+00
   1      0.000E+00 0.000E+00 0.000E+00 2.326E-01   0.000000 1.000E+00 1.000E+00
   1  541300  6     0.000E+00 0.000E+00 0.000E+00 0.000E+00 0.000E+00 0.000E+00
   1      0.000E+00 0.000E+00 0.000E+00 0.000E+00   4.100000 1.000E+00 1.000E+00
   1  541310  6     0.000E+00 0.000E+00 0.000E+00 0.000E+00 0.000E+00 0.000E+00
   1      0.000E+00 0.000E+00 0.000E+00 0.000E+00  21.200000 1.000E+00 1.000E+00
   1  541311  1     1.031E+06 0.000E+00 0.000E+00 0.000E+00 0.000E+00 1.000E+00
   1      0.000E+00 0.000E+00 0.000E+00 1.624E-01   0.000000 1.000E+00 1.000E+00
   1  541320  6     0.000E+00 0.000E+00 0.000E+00 0.000E+00 0.000E+00 0.000E+00
   1      0.000E+00 0.000E+00 0.000E+00 0.000E+00  26.900000 1.000E+00 1.000E+00
   1  541330  1     4.531E+05 0.000E+00 0.000E+00 0.000E+00 0.000E+00 0.000E+00
   1      1.000E+00 0.000E+00 0.000E+00 1.796E-01   0.000000 1.000E+00 1.000E+00
   1  541331  1     1.890E+05 0.000E+00 0.000E+00 0.000E+00 0.000E+00 1.000E+00
   1      0.000E+00 0.000E+00 0.000E+00 2.311E-01   0.000000 1.000E+00 1.000E+00
   1  541340  1     3.471E+23 0.000E+00 0.000E+00 0.000E+00 0.000E+00 0.000E+00
   1      0.000E+00 0.000E+00 0.000E+00 8.300E-01  10.400000 1.000E+00 1.000E+00    1 1.000E+00 1.100E+00 1.000E+00
   1  541341  1     2.900E-01 0.000E+00 0.000E+00 0.000E+00 0.000E+00 1.000E+00
   1      0.000E+00 0.000E+00 0.000E+00 1.970E+00   0.000000 1.000E+00 1.000E+00
   1  541350  1     3.290E+04 0.000E+00 0.000E+00 0.000E+00 0.000E+00 0.000E+00
   1      1.000E+00 0.000E+00 0.000E+00 5.632E-01   0.000000 1.000E+00 1.000E+00
   1  541351  1     9.174E+02 0.000E+00 0.000E+00 0.000E+00 0.000E+00 9.940E-01
   1      6.000E-03 0.000E+00 0.000E+00 5.192E-01   0.000000 1.000E+00 1.000E+00
   1  541360  1     6.627E+27 0.000E+00 0.000E+00 0.000E+00 0.000E+00 0.000E+00
   1      0.000E+00 0.000E+00 0.000E+00 2.467E+00   8.900000 1.000E+00 1.000E+00    1 1.000E+00 1.100E+00 1.000E+00
   1  541370  1     2.291E+02 0.000E+00 0.000E+00 0.000E+00 0.000E+00 0.000E+00
   1      1.000E+00 0.000E+00 0.000E+00 1.885E+00   0.000000 1.000E+00 1.000E+00
   1  541380  1     8.448E+02 0.000E+00 0.000E+00 0.000E+00 0.000E+00 0.000E+00
   1      1.000E+00 0.000E+00 0.000E+00 1.766E+00   0.000000 1.000E+00 1.000E+00
   1  541390  1     3.968E+01 0.000E+00 0.000E+00 0.000E+00 0.000E+00 0.000E+00
   1      1.000E+00 0.000E+00 0.000E+00 2.775E+00   0.000000 1.000E+00 1.000E+00
   1  551220  1     2.120E+01 0.000E+00 1.000E+00 0.000E+00 0.000E+00 0.000E+00
   1      0.000E+00 0.000E+00 0.000E+00 3.816E+00   0.000000 1.000E+00 1.000E+00
   1  551221  1     2.700E+02 0.000E+00 1.000E+00 0.000E+00 0.000E+00 0.000E+00
   1      0.000E+00 0.000E+00 0.000E+00 4.589E+00   0.000000 1.000E+00 1.000E+00
   1  551222  1     3.600E-01 0.000E+00 0.000E+00 0.000E+00 0.000E+00 1.000E+00
   1      0.000E+00 0.000E+00 0.000E+00 7.300E-03   0.000000 1.000E+00 1.000E+00
   1  551230  1     3.546E+02 0.000E+00 1.000E+00 0.000E+00 0.000E+00 0.000E+00
   1      0.000E+00 0.000E+00 0.000E+00 2.010E+00   0.000000 1.000E+00 1.000E+00
   1  551231  1     1.700E+00 0.000E+00 0.000E+00 0.000E+00 0.000E+00 1.000E+00
   1      0.000E+00 0.000E+00 0.000E+00 1.563E-01   0.000000 1.000E+00 1.000E+00
   1  551240  1     3.080E+01 0.000E+00 1.000E+00 0.000E+00 0.000E+00 0.000E+00
   1      0.000E+00 0.000E+00 0.000E+00 3.030E+00   0.000000 1.000E+00 1.000E+00
   1  551241  1     6.300E+00 0.000E+00 0.000E+00 0.000E+00 0.000E+00 1.000E+00
   1      0.000E+00 0.000E+00 0.000E+00 4.080E-01   0.000000 1.000E+00 1.000E+00
   1  551250  1     2.802E+03 0.000E+00 1.000E+00 0.000E+00 0.000E+00 0.000E+00
   1      0.000E+00 0.000E+00 0.000E+00 1.038E+00   0.000000 1.000E+00 1.000E+00
   1  551251  1     9.000E-01 0.000E+00 0.000E+00 0.000E+00 0.000E+00 1.000E+00
   1      0.000E+00 0.000E+00 0.000E+00 2.666E-01   0.000000 1.000E+00 1.000E+00
   1  551260  1     9.840E+01 0.000E+00 1.000E+00 0.000E+00 0.000E+00 0.000E+00
   1      0.000E+00 0.000E+00 0.000E+00 2.458E+00   0.000000 1.000E+00 1.000E+00
   1  551270  1     2.250E+04 0.000E+00 1.000E+00 0.000E+00 0.000E+00 0.000E+00
   1      0.000E+00 0.000E+00 0.000E+00 4.590E-01   0.000000 1.000E+00 1.000E+00
   1  551280  1     2.172E+02 0.000E+00 1.000E+00 0.000E+00 0.000E+00 0.000E+00
   1      0.000E+00 0.000E+00 0.000E+00 1.766E+00   0.000000 1.000E+00 1.000E+00
   1  551290  1     1.159E+05 0.000E+00 1.000E+00 0.000E+00 0.000E+00 0.000E+00
   1      0.000E+00 0.000E+00 0.000E+00 3.006E-01   0.000000 1.000E+00 1.000E+00
   1  551300  1     1.753E+03 0.000E+00 9.840E-01 0.000E+00 0.000E+00 0.000E+00
   1      1.600E-02 0.000E+00 0.000E+00 8.894E-01   0.000000 1.000E+00 1.000E+00
   1  551301  1     2.076E+02 0.000E+00 1.600E-03 0.000E+00 0.000E+00 9.984E-01
   1      0.000E+00 0.000E+00 0.000E+00 1.663E-01   0.000000 1.000E+00 1.000E+00
   1  551310  1     8.372E+05 0.000E+00 1.000E+00 0.000E+00 0.000E+00 0.000E+00
   1      0.000E+00 0.000E+00 0.000E+00 2.949E-02   0.000000 1.000E+00 1.000E+00
   1  551320  1     5.642E+05 0.000E+00 9.820E-01 0.000E+00 0.000E+00 0.000E+00
   1      1.800E-02 0.000E+00 0.000E+00 7.294E-01   0.000000 1.000E+00 1.000E+00
   1  551330  6     0.000E+00 0.000E+00 0.000E+00 0.000E+00 0.000E+00 0.000E+00
   1      0.000E+00 0.000E+00 0.000E+00 0.000E+00 100.000000 1.000E+00 1.000E+00
   1  551340  1     6.517E+07 0.000E+00 3.000E-06 0.000E+00 0.000E+00 0.000E+00
   1      1.000E+00 0.000E+00 0.000E+00 1.719E+00   0.000000 1.000E+00 1.000E+00
   1  551341  1     1.047E+04 0.000E+00 0.000E+00 0.000E+00 0.000E+00 1.000E+00
   1      0.000E+00 0.000E+00 0.000E+00 1.389E-01   0.000000 1.000E+00 1.000E+00
   1  551350  1     7.258E+13 0.000E+00 0.000E+00 0.000E+00 0.000E+00 0.000E+00
   1      1.000E+00 0.000E+00 0.000E+00 8.940E-02   0.000000 1.000E+00 1.000E+00
   1  551351  1     3.180E+03 0.000E+00 0.000E+00 0.000E+00 0.000E+00 1.000E+00
   1      0.000E+00 0.000E+00 0.000E+00 1.634E+00   0.000000 1.000E+00 1.000E+00
   1  551360  1     1.126E+06 0.000E+00 0.000E+00 0.000E+00 0.000E+00 0.000E+00
   1      1.000E+00 0.000E+00 0.000E+00 2.287E+00   0.000000 1.000E+00 1.000E+00
   1  551361  1     1.900E+01 0.000E+00 0.000E+00 0.000E+00 0.000E+00 5.000E-01
   1      5.000E-01 0.000E+00 0.000E+00 1.233E+00   0.000000 1.000E+00 1.000E+00
   1  551370  1     9.480E+08 9.440E-01 0.000E+00 0.000E+00 0.000E+00 0.000E+00
   1      1.000E+00 0.000E+00 0.000E+00 1.879E-01   0.000000 1.000E+00 1.000E+00
   1  551380  1     2.005E+03 0.000E+00 0.000E+00 0.000E+00 0.000E+00 0.000E+00
   1      1.000E+00 0.000E+00 0.000E+00 3.601E+00   0.000000 1.000E+00 1.000E+00
   1  551381  1     1.746E+02 0.000E+00 0.000E+00 0.000E+00 0.000E+00 8.100E-01
   1      1.900E-01 0.000E+00 0.000E+00 7.369E-01   0.000000 1.000E+00 1.000E+00
   1  551390  1     5.562E+02 0.000E+00 0.000E+00 0.000E+00 0.000E+00 0.000E+00
   1      1.000E+00 0.000E+00 0.000E+00 1.984E+00   0.000000 1.000E+00 1.000E+00
   1  551400  1     6.370E+01 0.000E+00 0.000E+00 0.000E+00 0.000E+00 0.000E+00
   1      1.000E+00 0.000E+00 0.000E+00 3.639E+00   0.000000 1.000E+00 1.000E+00
   1  551410  1     2.494E+01 0.000E+00 0.000E+00 0.000E+00 0.000E+00 0.000E+00
   1      1.000E+00 0.000E+00 0.000E+00 2.705E+00   0.000000 1.000E+00 1.000E+00
   1  561230  1     1.620E+02 0.000E+00 1.000E+00 0.000E+00 0.000E+00 0.000E+00
   1      0.000E+00 0.000E+00 0.000E+00 2.214E+00   0.000000 1.000E+00 1.000E+00
   1  561240  1     6.600E+02 0.000E+00 1.000E+00 0.000E+00 0.000E+00 0.000E+00
   1      0.000E+00 0.000E+00 0.000E+00 7.122E-01   0.000000 1.000E+00 1.000E+00
   1  561250  1     2.100E+02 0.000E+00 1.000E+00 0.000E+00 0.000E+00 0.000E+00
   1      0.000E+00 0.000E+00 0.000E+00 1.843E+00   0.000000 1.000E+00 1.000E+00
   1  561260  1     6.000E+03 0.000E+00 1.000E+00 0.000E+00 0.000E+00 0.000E+00
   1      0.000E+00 0.000E+00 0.000E+00 5.832E-01   0.000000 1.000E+00 1.000E+00
   1  561270  1     7.620E+02 0.000E+00 1.000E+00 0.000E+00 0.000E+00 0.000E+00
   1      0.000E+00 0.000E+00 0.000E+00 1.305E+00   0.000000 1.000E+00 1.000E+00
   1  561271  1     1.900E+00 0.000E+00 0.000E+00 0.000E+00 0.000E+00 1.000E+00
   1      0.000E+00 0.000E+00 0.000E+00 8.033E-02   0.000000 1.000E+00 1.000E+00
   1  561280  1     2.100E+05 0.000E+00 1.000E+00 0.000E+00 0.000E+00 0.000E+00
   1      0.000E+00 0.000E+00 0.000E+00 7.304E-02   0.000000 1.000E+00 1.000E+00
   1  561290  1     8.568E+03 0.000E+00 1.000E+00 0.000E+00 0.000E+00 0.000E+00
   1      0.000E+00 0.000E+00 0.000E+00 5.937E-01   0.000000 1.000E+00 1.000E+00
   1  561291  1     7.704E+03 0.000E+00 1.000E+00 0.000E+00 0.000E+00 0.000E+00
   1      0.000E+00 0.000E+00 0.000E+00 1.277E+00   0.000000 1.000E+00 1.000E+00
   1  561300  6     0.000E+00 0.000E+00 0.000E+00 0.000E+00 0.000E+00 0.000E+00
   1      0.000E+00 0.000E+00 0.000E+00 0.000E+00   0.106000 1.000E+00 1.000E+00
   1  561310  1     9.979E+05 0.000E+00 1.000E+00 0.000E+00 0.000E+00 0.000E+00
   1      0.000E+00 0.000E+00 0.000E+00 5.058E-01   0.000000 1.000E+00 1.000E+00
   1  561311  1     8.760E+02 0.000E+00 0.000E+00 0.000E+00 0.000E+00 1.000E+00
   1      0.000E+00 0.000E+00 0.000E+00 1.872E-01   0.000000 1.000E+00 1.000E+00
   1  561320  6     0.000E+00 0.000E+00 0.000E+00 0.000E+00 0.000E+00 0.000E+00
   1      0.000E+00 0.000E+00 0.000E+00 0.000E+00   0.101000 1.000E+00 1.000E+00
   1  561330  1     3.326E+08 0.000E+00 1.000E+00 0.000E+00 0.000E+00 0.000E+00
   1      0.000E+00 0.000E+00 0.000E+00 4.551E-01   0.000000 1.000E+00 1.000E+00
   1  561331  1     1.375E+05 0.000E+00 1.010E-04 0.000E+00 0.000E+00 9.999E-01
   1      0.000E+00 0.000E+00 0.000E+00 2.885E-01   0.000000 1.000E+00 1.000E+00
   1  561340  6     0.000E+00 0.000E+00 0.000E+00 0.000E+00 0.000E+00 0.000E+00
   1      0.000E+00 0.000E+00 0.000E+00 0.000E+00   2.417000 1.000E+00 1.000E+00
   1  561350  6     0.000E+00 0.000E+00 0.000E+00 0.000E+00 0.000E+00 0.000E+00
   1      0.000E+00 0.000E+00 0.000E+00 0.000E+00   6.592000 1.000E+00 1.000E+00
   1  561351  1     1.033E+05 0.000E+00 0.000E+00 0.000E+00 0.000E+00 1.000E+00
   1      0.000E+00 0.000E+00 0.000E+00 2.670E-01   0.000000 1.000E+00 1.000E+00
   1  561360  6     0.000E+00 0.000E+00 0.000E+00 0.000E+00 0.000E+00 0.000E+00
   1      0.000E+00 0.000E+00 0.000E+00 0.000E+00   7.854000 1.000E+00 1.000E+00
   1  561361  1     3.084E-01 0.000E+00 0.000E+00 0.000E+00 0.000E+00 1.000E+00
   1      0.000E+00 0.000E+00 0.000E+00 2.029E+00   0.000000 1.000E+00 1.000E+00
   1  561370  6     0.000E+00 0.000E+00 0.000E+00 0.000E+00 0.000E+00 0.000E+00
   1      0.000E+00 0.000E+00 0.000E+00 0.000E+00  11.230000 1.000E+00 1.000E+00
   1  561371  1     1.531E+02 0.000E+00 0.000E+00 0.000E+00 0.000E+00 1.000E+00
   1      0.000E+00 0.000E+00 0.000E+00 6.591E-01   0.000000 1.000E+00 1.000E+00
   1  561380  6     0.000E+00 0.000E+00 0.000E+00 0.000E+00 0.000E+00 0.000E+00
   1      0.000E+00 0.000E+00 0.000E+00 0.000E+00  71.700000 1.000E+00 1.000E+00
   1  561390  1     4.984E+03 0.000E+00 0.000E+00 0.000E+00 0.000E+00 0.000E+00
   1      1.000E+00 0.000E+00 0.000E+00 9.433E-01   0.000000 1.000E+00 1.000E+00
   1  561400  1     1.103E+06 0.000E+00 0.000E+00 0.000E+00 0.000E+00 0.000E+00
   1      1.000E+00 0.000E+00 0.000E+00 4.907E-01   0.000000 1.000E+00 1.000E+00
   1  561410  1     1.096E+03 0.000E+00 0.000E+00 0.000E+00 0.000E+00 0.000E+00
   1      1.000E+00 0.000E+00 0.000E+00 1.816E+00   0.000000 1.000E+00 1.000E+00
   1  561420  1     6.360E+02 0.000E+00 0.000E+00 0.000E+00 0.000E+00 0.000E+00
   1      1.000E+00 0.000E+00 0.000E+00 1.444E+00   0.000000 1.000E+00 1.000E+00
   1  561430  1     1.450E+01 0.000E+00 0.000E+00 0.000E+00 0.000E+00 0.000E+00
   1      1.000E+00 0.000E+00 0.000E+00 2.353E+00   0.000000 1.000E+00 1.000E+00
   1  571280  1     3.000E+02 0.000E+00 1.000E+00 0.000E+00 0.000E+00 0.000E+00
   1      0.000E+00 0.000E+00 0.000E+00 5.110E+00   0.000000 1.000E+00 1.000E+00
   1  571281  1     8.400E+01 0.000E+00 1.000E+00 0.000E+00 0.000E+00 0.000E+00
   1      0.000E+00 0.000E+00 0.000E+00 4.581E+00   0.000000 1.000E+00 1.000E+00
   1  571290  1     6.960E+02 0.000E+00 1.000E+00 7.395E-02 0.000E+00 0.000E+00
   1      0.000E+00 0.000E+00 0.000E+00 1.543E+00   0.000000 1.000E+00 1.000E+00
   1  571291  1     5.600E-01 0.000E+00 0.000E+00 0.000E+00 0.000E+00 1.000E+00
   1      0.000E+00 0.000E+00 0.000E+00 1.594E-01   0.000000 1.000E+00 1.000E+00
   1  571300  1     5.220E+02 0.000E+00 1.000E+00 0.000E+00 0.000E+00 0.000E+00
   1      0.000E+00 0.000E+00 0.000E+00 3.313E+00   0.000000 1.000E+00 1.000E+00
   1  571310  1     3.540E+03 0.000E+00 1.000E+00 0.000E+00 0.000E+00 0.000E+00
   1      0.000E+00 0.000E+00 0.000E+00 8.701E-01   0.000000 1.000E+00 1.000E+00
   1  571320  1     1.728E+04 0.000E+00 1.000E+00 0.000E+00 0.000E+00 0.000E+00
   1      0.000E+00 0.000E+00 0.000E+00 2.500E+00   0.000000 1.000E+00 1.000E+00
   1  571321  1     1.458E+03 0.000E+00 2.400E-01 0.000E+00 0.000E+00 7.600E-01
   1      0.000E+00 0.000E+00 0.000E+00 4.910E-01   0.000000 1.000E+00 1.000E+00
   1  571330  1     1.408E+04 0.000E+00 1.000E+00 0.000E+00 0.000E+00 0.000E+00
   1      0.000E+00 0.000E+00 0.000E+00 1.651E-01   0.000000 1.000E+00 1.000E+00
   1  571340  1     3.870E+02 0.000E+00 1.000E+00 0.000E+00 0.000E+00 0.000E+00
   1      0.000E+00 0.000E+00 0.000E+00 1.474E+00   0.000000 1.000E+00 1.000E+00
   1  571350  1     7.020E+04 0.000E+00 1.000E+00 0.000E+00 0.000E+00 0.000E+00
   1      0.000E+00 0.000E+00 0.000E+00 4.089E-02   0.000000 1.000E+00 1.000E+00
   1  571360  1     5.922E+02 0.000E+00 1.000E+00 0.000E+00 0.000E+00 0.000E+00
   1      0.000E+00 0.000E+00 0.000E+00 7.175E-01   0.000000 1.000E+00 1.000E+00
   1  571361  1     1.140E-01 0.000E+00 0.000E+00 0.000E+00 0.000E+00 1.000E+00
   1      0.000E+00 0.000E+00 0.000E+00 1.920E-01   0.000000 1.000E+00 1.000E+00
   1  571370  1     1.893E+12 0.000E+00 1.000E+00 0.000E+00 0.000E+00 0.000E+00
   1      0.000E+00 0.000E+00 0.000E+00 3.214E-02   0.000000 1.000E+00 1.000E+00
   1  571380  1     3.219E+18 0.000E+00 6.560E-01 0.000E+00 0.000E+00 0.000E+00
   1      3.440E-01 0.000E+00 0.000E+00 1.262E+00   0.090200 1.000E+00 1.000E+00
   1  571390  6     0.000E+00 0.000E+00 0.000E+00 0.000E+00 0.000E+00 0.000E+00
   1      0.000E+00 0.000E+00 0.000E+00 0.000E+00  99.909800 1.000E+00 1.000E+00
   1  571400  1     1.450E+05 0.000E+00 0.000E+00 0.000E+00 0.000E+00 0.000E+00
   1      1.000E+00 0.000E+00 0.000E+00 2.848E+00   0.000000 1.000E+00 1.000E+00
   1  571410  1     1.411E+04 0.000E+00 0.000E+00 0.000E+00 0.000E+00 0.000E+00
   1      1.000E+00 0.000E+00 0.000E+00 9.893E-01   0.000000 1.000E+00 1.000E+00
   1  571420  1     5.466E+03 0.000E+00 0.000E+00 0.000E+00 0.000E+00 0.000E+00
   1      1.000E+00 0.000E+00 0.000E+00 3.193E+00   0.000000 1.000E+00 1.000E+00
   1  571430  1     8.484E+02 0.000E+00 0.000E+00 0.000E+00 0.000E+00 0.000E+00
   1      1.000E+00 0.000E+00 0.000E+00 1.489E+00   0.000000 1.000E+00 1.000E+00
   1  571440  1     4.080E+01 0.000E+00 0.000E+00 0.000E+00 0.000E+00 0.000E+00
   1      1.000E+00 0.000E+00 0.000E+00 3.712E+00   0.000000 1.000E+00 1.000E+00
   1  571450  1     2.480E+01 0.000E+00 0.000E+00 0.000E+00 0.000E+00 0.000E+00
   1      1.000E+00 0.000E+00 0.000E+00 2.123E+00   0.000000 1.000E+00 1.000E+00
   1  571460  1     6.270E+00 0.000E+00 0.000E+00 0.000E+00 0.000E+00 0.000E+00
   1      1.000E+00 0.000E+00 0.000E+00 3.540E+00   0.000000 1.000E+00 1.000E+00
   1  571461  1     1.000E+01 0.000E+00 0.000E+00 0.000E+00 0.000E+00 0.000E+00
   1      1.000E+00 0.000E+00 0.000E+00 3.498E+00   0.000000 1.000E+00 1.000E+00
   1  571470  1     4.015E+00 0.000E+00 0.000E+00 0.000E+00 0.000E+00 0.000E+00
   1      1.000E+00 0.000E+00 0.000E+00 2.242E+00   0.000000 1.000E+00 1.000E+00
   1  581290  1     2.100E+02 0.000E+00 1.000E+00 5.000E-01 0.000E+00 0.000E+00
   1      0.000E+00 0.000E+00 0.000E+00 3.302E+00   0.000000 1.000E+00 1.000E+00
   1  581300  1     1.374E+03 0.000E+00 1.000E+00 0.000E+00 0.000E+00 0.000E+00
   1      0.000E+00 0.000E+00 0.000E+00 5.182E-01   0.000000 1.000E+00 1.000E+00
   1  581310  1     6.000E+02 0.000E+00 1.000E+00 0.000E+00 0.000E+00 0.000E+00
   1      0.000E+00 0.000E+00 0.000E+00 7.483E-01   0.000000 1.000E+00 1.000E+00
   1  581311  1     3.000E+02 0.000E+00 1.000E+00 0.000E+00 0.000E+00 0.000E+00
   1      0.000E+00 0.000E+00 0.000E+00 1.525E+00   0.000000 1.000E+00 1.000E+00
   1  581320  1     1.264E+04 0.000E+00 1.000E+00 0.000E+00 0.000E+00 0.000E+00
   1      0.000E+00 0.000E+00 0.000E+00 2.871E-01   0.000000 1.000E+00 1.000E+00
   1  581330  1     5.820E+03 0.000E+00 1.000E+00 0.000E+00 0.000E+00 0.000E+00
   1      0.000E+00 0.000E+00 0.000E+00 8.049E-01   0.000000 1.000E+00 1.000E+00
   1  581331  1     1.764E+04 0.000E+00 1.000E+00 0.000E+00 0.000E+00 0.000E+00
   1      0.000E+00 0.000E+00 0.000E+00 1.733E+00   0.000000 1.000E+00 1.000E+00
   1  581340  1     2.730E+05 0.000E+00 1.000E+00 0.000E+00 0.000E+00 0.000E+00
   1      0.000E+00 0.000E+00 0.000E+00 3.341E-02   0.000000 1.000E+00 1.000E+00
   1  581350  1     6.372E+04 0.000E+00 1.000E+00 0.000E+00 0.000E+00 0.000E+00
   1      0.000E+00 0.000E+00 0.000E+00 8.492E-01   0.000000 1.000E+00 1.000E+00
   1  581351  1     2.000E+01 0.000E+00 0.000E+00 0.000E+00 0.000E+00 1.000E+00
   1      0.000E+00 0.000E+00 0.000E+00 4.485E-01   0.000000 1.000E+00 1.000E+00
   1  581360  1     2.209E+21 0.000E+00 0.000E+00 0.000E+00 0.000E+00 0.000E+00
   1      0.000E+00 0.000E+00 0.000E+00 2.419E+00   0.190000 1.000E+00 1.000E+00    1 1.000E+00 2.200E+00 1.000E+00
   1  581370  1     3.240E+04 0.000E+00 1.000E+00 0.000E+00 0.000E+00 0.000E+00
   1      0.000E+00 0.000E+00 0.000E+00 5.056E-02   0.000000 1.000E+00 1.000E+00
   1  581371  1     1.238E+05 0.000E+00 7.800E-03 0.000E+00 0.000E+00 9.922E-01
   1      0.000E+00 0.000E+00 0.000E+00 2.582E-01   0.000000 1.000E+00 1.000E+00
   1  581380  6     0.000E+00 0.000E+00 0.000E+00 0.000E+00 0.000E+00 0.000E+00
   1      0.000E+00 0.000E+00 0.000E+00 0.000E+00   0.250000 1.000E+00 1.000E+00
   1  581390  1     1.189E+07 0.000E+00 1.000E+00 0.000E+00 0.000E+00 0.000E+00
   1      0.000E+00 0.000E+00 0.000E+00 1.927E-01   0.000000 1.000E+00 1.000E+00
   1  581391  1     5.610E+01 0.000E+00 0.000E+00 0.000E+00 0.000E+00 1.000E+00
   1      0.000E+00 0.000E+00 0.000E+00 7.542E-01   0.000000 1.000E+00 1.000E+00
   1  581400  6     0.000E+00 0.000E+00 0.000E+00 0.000E+00 0.000E+00 0.000E+00
   1      0.000E+00 0.000E+00 0.000E+00 0.000E+00  88.480000 1.000E+00 1.000E+00
   1  581410  1     2.808E+06 0.000E+00 0.000E+00 0.000E+00 0.000E+00 0.000E+00
   1      1.000E+00 0.000E+00 0.000E+00 2.449E-01   0.000000 1.000E+00 1.000E+00
   1  581420  1     1.578E+24 0.000E+00 0.000E+00 0.000E+00 0.000E+00 0.000E+00
   1      0.000E+00 0.000E+00 0.000E+00 1.417E+00  11.080000 1.000E+00 1.000E+00    1 1.000E+00 1.100E+00 1.000E+00
   1  581430  1     1.192E+05 0.000E+00 0.000E+00 0.000E+00 0.000E+00 0.000E+00
   1      1.000E+00 0.000E+00 0.000E+00 7.079E-01   0.000000 1.000E+00 1.000E+00
   1  581440  1     2.462E+07 1.380E-02 0.000E+00 0.000E+00 0.000E+00 0.000E+00
   1      1.000E+00 0.000E+00 0.000E+00 1.103E-01   0.000000 1.000E+00 1.000E+00
   1  581450  1     1.770E+02 0.000E+00 0.000E+00 0.000E+00 0.000E+00 0.000E+00
   1      1.000E+00 0.000E+00 0.000E+00 1.364E+00   0.000000 1.000E+00 1.000E+00
   1  581460  1     8.112E+02 0.000E+00 0.000E+00 0.000E+00 0.000E+00 0.000E+00
   1      1.000E+00 0.000E+00 0.000E+00 5.601E-01   0.000000 1.000E+00 1.000E+00
   1  581470  1     5.700E+01 0.000E+00 0.000E+00 0.000E+00 0.000E+00 0.000E+00
   1      1.000E+00 0.000E+00 0.000E+00 1.456E+00   0.000000 1.000E+00 1.000E+00
   1  581480  1     5.600E+01 0.000E+00 0.000E+00 0.000E+00 0.000E+00 0.000E+00
   1      1.000E+00 0.000E+00 0.000E+00 9.330E-01   0.000000 1.000E+00 1.000E+00
   1  581490  1     5.300E+00 0.000E+00 0.000E+00 0.000E+00 0.000E+00 0.000E+00
   1      1.000E+00 0.000E+00 0.000E+00 1.903E+00   0.000000 1.000E+00 1.000E+00
   1  591340  1     1.020E+03 0.000E+00 1.000E+00 0.000E+00 0.000E+00 0.000E+00
   1      0.000E+00 0.000E+00 0.000E+00 3.259E+00   0.000000 1.000E+00 1.000E+00
   1  591341  1     6.600E+02 0.000E+00 1.000E+00 0.000E+00 0.000E+00 0.000E+00
   1      0.000E+00 0.000E+00 0.000E+00 4.067E+00   0.000000 1.000E+00 1.000E+00
   1  591350  1     1.440E+03 0.000E+00 1.000E+00 0.000E+00 0.000E+00 0.000E+00
   1      0.000E+00 0.000E+00 0.000E+00 1.500E+00   0.000000 1.000E+00 1.000E+00
   1  591360  1     7.860E+02 0.000E+00 1.000E+00 0.000E+00 0.000E+00 0.000E+00
   1      0.000E+00 0.000E+00 0.000E+00 2.819E+00   0.000000 1.000E+00 1.000E+00
   1  591370  1     4.608E+03 0.000E+00 1.000E+00 0.000E+00 0.000E+00 0.000E+00
   1      0.000E+00 0.000E+00 0.000E+00 5.568E-01   0.000000 1.000E+00 1.000E+00
   1  591380  1     8.700E+01 0.000E+00 1.000E+00 0.000E+00 0.000E+00 0.000E+00
   1      0.000E+00 0.000E+00 0.000E+00 1.976E+00   0.000000 1.000E+00 1.000E+00
   1  591381  1     7.632E+03 0.000E+00 1.000E+00 0.000E+00 0.000E+00 0.000E+00
   1      0.000E+00 0.000E+00 0.000E+00 2.665E+00   0.000000 1.000E+00 1.000E+00
   1  591390  1     1.588E+04 0.000E+00 1.000E+00 1.640E-04 0.000E+00 0.000E+00
   1      0.000E+00 0.000E+00 0.000E+00 1.756E-01   0.000000 1.000E+00 1.000E+00
   1  591400  1     2.034E+02 0.000E+00 1.000E+00 0.000E+00 0.000E+00 0.000E+00
   1      0.000E+00 0.000E+00 0.000E+00 1.089E+00   0.000000 1.000E+00 1.000E+00
   1  591410  6     0.000E+00 0.000E+00 0.000E+00 0.000E+00 0.000E+00 0.000E+00
   1      0.000E+00 0.000E+00 0.000E+00 0.000E+00 100.000000 1.000E+00 1.000E+00
   1  591420  1     6.883E+04 0.000E+00 1.640E-04 0.000E+00 0.000E+00 0.000E+00
   1      9.998E-01 0.000E+00 0.000E+00 8.674E-01   0.000000 1.000E+00 1.000E+00
   1  591421  1     8.760E+02 0.000E+00 0.000E+00 0.000E+00 0.000E+00 1.000E+00
   1      0.000E+00 0.000E+00 0.000E+00 3.683E-03   0.000000 1.000E+00 1.000E+00
   1  591430  1     1.172E+06 0.000E+00 0.000E+00 0.000E+00 0.000E+00 0.000E+00
   1      1.000E+00 0.000E+00 0.000E+00 3.146E-01   0.000000 1.000E+00 1.000E+00
   1  591440  1     1.037E+03 0.000E+00 0.000E+00 0.000E+00 0.000E+00 0.000E+00
   1      1.000E+00 0.000E+00 0.000E+00 1.234E+00   0.000000 1.000E+00 1.000E+00
   1  591441  1     4.140E+02 0.000E+00 0.000E+00 0.000E+00 0.000E+00 9.993E-01
   1      7.000E-04 0.000E+00 0.000E+00 6.083E-02   0.000000 1.000E+00 1.000E+00
   1  591450  1     2.154E+04 0.000E+00 0.000E+00 0.000E+00 0.000E+00 0.000E+00
   1      1.000E+00 0.000E+00 0.000E+00 6.759E-01   0.000000 1.000E+00 1.000E+00
   1  591460  1     1.449E+03 0.000E+00 0.000E+00 0.000E+00 0.000E+00 0.000E+00
   1      1.000E+00 0.000E+00 0.000E+00 2.304E+00   0.000000 1.000E+00 1.000E+00
   1  591470  1     8.160E+02 0.000E+00 0.000E+00 0.000E+00 0.000E+00 0.000E+00
   1      1.000E+00 0.000E+00 0.000E+00 1.600E+00   0.000000 1.000E+00 1.000E+00
   1  591480  1     1.374E+02 0.000E+00 0.000E+00 0.000E+00 0.000E+00 0.000E+00
   1      1.000E+00 0.000E+00 0.000E+00 2.617E+00   0.000000 1.000E+00 1.000E+00
   1  591481  1     1.212E+02 0.000E+00 0.000E+00 0.000E+00 0.000E+00 0.000E+00
   1      1.000E+00 0.000E+00 0.000E+00 2.638E+00   0.000000 1.000E+00 1.000E+00
   1  591490  1     1.356E+02 0.000E+00 0.000E+00 0.000E+00 0.000E+00 0.000E+00
   1      1.000E+00 0.000E+00 0.000E+00 1.590E+00   0.000000 1.000E+00 1.000E+00
   1  591500  1     6.100E+00 0.000E+00 0.000E+00 0.000E+00 0.000E+00 0.000E+00
   1      1.000E+00 0.000E+00 0.000E+00 2.784E+00   0.000000 1.000E+00 1.000E+00
   1  591510  1     1.890E+01 0.000E+00 0.000E+00 0.000E+00 0.000E+00 0.000E+00
   1      1.000E+00 0.000E+00 0.000E+00 2.128E+00   0.000000 1.000E+00 1.000E+00
   1  601350  1     7.400E+02 0.000E+00 1.000E+00 0.000E+00 0.000E+00 0.000E+00
   1      0.000E+00 0.000E+00 0.000E+00 2.250E+00   0.000000 1.000E+00 1.000E+00
   1  601351  1     3.300E+02 0.000E+00 9.997E-01 0.000E+00 0.000E+00 3.000E-04
   1      0.000E+00 0.000E+00 0.000E+00 3.190E+00   0.000000 1.000E+00 1.000E+00
   1  601360  1     3.039E+03 0.000E+00 1.000E+00 0.000E+00 0.000E+00 0.000E+00
   1      0.000E+00 0.000E+00 0.000E+00 3.413E-01   0.000000 1.000E+00 1.000E+00
   1  601370  1     2.310E+03 0.000E+00 1.000E+00 0.000E+00 0.000E+00 0.000E+00
   1      0.000E+00 0.000E+00 0.000E+00 1.420E+00   0.000000 1.000E+00 1.000E+00
   1  601371  1     1.600E+00 0.000E+00 0.000E+00 0.000E+00 0.000E+00 1.000E+00
   1      0.000E+00 0.000E+00 0.000E+00 5.118E-01   0.000000 1.000E+00 1.000E+00
   1  601380  1     1.814E+04 0.000E+00 1.000E+00 0.000E+00 0.000E+00 0.000E+00
   1      0.000E+00 0.000E+00 0.000E+00 4.919E-02   0.000000 1.000E+00 1.000E+00
   1  601390  1     1.782E+03 0.000E+00 1.000E+00 0.000E+00 0.000E+00 0.000E+00
   1      0.000E+00 0.000E+00 0.000E+00 6.285E-01   0.000000 1.000E+00 1.000E+00
   1  601391  1     1.980E+04 0.000E+00 8.820E-01 0.000E+00 0.000E+00 1.180E-01
   1      0.000E+00 0.000E+00 0.000E+00 1.288E+01   0.000000 1.000E+00 1.000E+00
   1  601400  1     2.912E+05 0.000E+00 1.000E+00 0.000E+00 0.000E+00 0.000E+00
   1      0.000E+00 0.000E+00 0.000E+00 3.446E-02   0.000000 1.000E+00 1.000E+00
   1  601410  1     8.964E+03 0.000E+00 1.000E+00 0.000E+00 0.000E+00 0.000E+00
   1      0.000E+00 0.000E+00 0.000E+00 8.931E-02   0.000000 1.000E+00 1.000E+00
   1  601411  1     6.200E+01 0.000E+00 5.000E-02 0.000E+00 0.000E+00 9.995E-01
   1      0.000E+00 0.000E+00 0.000E+00 8.752E-01   0.000000 1.000E+00 1.000E+00
   1  601420  6     0.000E+00 0.000E+00 0.000E+00 0.000E+00 0.000E+00 0.000E+00
   1      0.000E+00 0.000E+00 0.000E+00 0.000E+00  27.130000 1.000E+00 1.000E+00
   1  601430  6     0.000E+00 0.000E+00 0.000E+00 0.000E+00 0.000E+00 0.000E+00
   1      0.000E+00 0.000E+00 0.000E+00 0.000E+00  12.180000 1.000E+00 1.000E+00
   1  601440  1     7.227E+22 0.000E+00 0.000E+00 0.000E+00 1.000E+00 0.000E+00
   1      0.000E+00 0.000E+00 0.000E+00 1.905E+00  23.800000 1.000E+00 1.000E+00
   1  601450  6     0.000E+00 0.000E+00 0.000E+00 0.000E+00 0.000E+00 0.000E+00
   1      0.000E+00 0.000E+00 0.000E+00 0.000E+00   8.300000 1.000E+00 1.000E+00
   1  601460  6     0.000E+00 0.000E+00 0.000E+00 0.000E+00 0.000E+00 0.000E+00
   1      0.000E+00 0.000E+00 0.000E+00 0.000E+00  17.190000 1.000E+00 1.000E+00
   1  601470  1     9.487E+05 0.000E+00 0.000E+00 0.000E+00 0.000E+00 0.000E+00
   1      1.000E+00 0.000E+00 0.000E+00 4.066E-01   0.000000 1.000E+00 1.000E+00
   1  601480  1     8.521E+25 0.000E+00 0.000E+00 0.000E+00 0.000E+00 0.000E+00
   1      0.000E+00 0.000E+00 0.000E+00 1.929E+00   5.760000 1.000E+00 1.000E+00    1 1.000E+00 1.100E+00 1.000E+00
   1  601490  1     6.221E+03 0.000E+00 0.000E+00 0.000E+00 0.000E+00 0.000E+00
   1      1.000E+00 0.000E+00 0.000E+00 8.721E-01   0.000000 1.000E+00 1.000E+00
   1  601500  1     6.627E+26 0.000E+00 0.000E+00 0.000E+00 0.000E+00 0.000E+00
   1      0.000E+00 0.000E+00 0.000E+00 3.367E+00   5.640000 1.000E+00 1.000E+00    1 1.000E+00 1.100E+00 1.000E+00
   1  601510  1     7.464E+02 0.000E+00 0.000E+00 0.000E+00 0.000E+00 0.000E+00
   1      1.000E+00 0.000E+00 0.000E+00 1.450E+00   0.000000 1.000E+00 1.000E+00
   1  601520  1     6.840E+02 0.000E+00 0.000E+00 0.000E+00 0.000E+00 0.000E+00
   1      1.000E+00 0.000E+00 0.000E+00 4.943E-01   0.000000 1.000E+00 1.000E+00
   1  601530  1     3.160E+01 0.000E+00 0.000E+00 0.000E+00 0.000E+00 0.000E+00
   1      1.000E+00 0.000E+00 0.000E+00 2.224E+00   0.000000 1.000E+00 1.000E+00
   1  601540  1     2.590E+01 0.000E+00 0.000E+00 0.000E+00 0.000E+00 0.000E+00
   1      1.000E+00 0.000E+00 0.000E+00 1.356E+00   0.000000 1.000E+00 1.000E+00
   1  611350  1     4.900E+01 0.000E+00 1.000E+00 0.000E+00 0.000E+00 0.000E+00
   1      0.000E+00 0.000E+00 0.000E+00 4.658E+00   0.000000 1.000E+00 1.000E+00
   1  611351  1     4.000E+01 0.000E+00 1.000E+00 0.000E+00 0.000E+00 0.000E+00
   1      0.000E+00 0.000E+00 0.000E+00 4.189E+00   0.000000 1.000E+00 1.000E+00
   1  611360  1     1.070E+02 0.000E+00 1.000E+00 0.000E+00 0.000E+00 0.000E+00
   1      0.000E+00 0.000E+00 0.000E+00 2.742E+00   0.000000 1.000E+00 1.000E+00
   1  611361  1     4.700E+01 0.000E+00 1.000E+00 0.000E+00 0.000E+00 0.000E+00
   1      0.000E+00 0.000E+00 0.000E+00 5.519E+00   0.000000 1.000E+00 1.000E+00
   1  611370  1     1.200E+02 0.000E+00 1.000E+00 5.000E-01 0.000E+00 0.000E+00
   1      0.000E+00 0.000E+00 0.000E+00 3.498E+00   0.000000 1.000E+00 1.000E+00
   1  611371  1     1.440E+02 0.000E+00 1.000E+00 6.258E-01 0.000E+00 0.000E+00
   1      0.000E+00 0.000E+00 0.000E+00 3.575E+00   0.000000 1.000E+00 1.000E+00
   1  611380  1     1.000E+01 0.000E+00 1.000E+00 0.000E+00 0.000E+00 0.000E+00
   1      0.000E+00 0.000E+00 0.000E+00 3.588E+00   0.000000 1.000E+00 1.000E+00
   1  611381  1     1.940E+02 0.000E+00 1.000E+00 0.000E+00 0.000E+00 0.000E+00
   1      0.000E+00 0.000E+00 0.000E+00 2.429E+00   0.000000 1.000E+00 1.000E+00
   1  611390  1     2.490E+02 0.000E+00 1.000E+00 0.000E+00 0.000E+00 0.000E+00
   1      0.000E+00 0.000E+00 0.000E+00 2.010E+00   0.000000 1.000E+00 1.000E+00
   1  611391  1     1.800E-01 0.000E+00 0.000E+00 0.000E+00 0.000E+00 9.994E-01
   1      0.000E+00 0.000E+00 0.000E+00 1.858E-01   0.000000 1.000E+00 1.000E+00
   1  611400  1     9.200E+00 0.000E+00 1.000E+00 0.000E+00 0.000E+00 0.000E+00
   1      0.000E+00 0.000E+00 0.000E+00 3.018E+00   0.000000 1.000E+00 1.000E+00
   1  611401  1     3.570E+02 0.000E+00 1.000E+00 0.000E+00 0.000E+00 0.000E+00
   1      0.000E+00 0.000E+00 0.000E+00 3.942E+00   0.000000 1.000E+00 1.000E+00
   1  611410  1     1.254E+03 0.000E+00 1.000E+00 1.636E-03 0.000E+00 0.000E+00
   1      0.000E+00 0.000E+00 0.000E+00 1.381E+00   0.000000 1.000E+00 1.000E+00
   1  611420  1     4.050E+01 0.000E+00 1.000E+00 0.000E+00 0.000E+00 0.000E+00
   1      0.000E+00 0.000E+00 0.000E+00 2.237E+00   0.000000 1.000E+00 1.000E+00
   1  611430  1     2.298E+07 0.000E+00 1.000E+00 0.000E+00 0.000E+00 0.000E+00
   1      0.000E+00 0.000E+00 0.000E+00 3.239E-01   0.000000 1.000E+00 1.000E+00
   1  611440  1     3.136E+07 0.000E+00 1.000E+00 0.000E+00 0.000E+00 0.000E+00
   1      0.000E+00 0.000E+00 0.000E+00 1.572E+00   0.000000 1.000E+00 1.000E+00
   1  611450  1     5.586E+08 0.000E+00 1.000E+00 0.000E+00 2.800E-09 0.000E+00
   1      0.000E+00 0.000E+00 0.000E+00 4.373E-02   0.000000 1.000E+00 1.000E+00
   1  611460  1     1.745E+08 0.000E+00 6.600E-01 0.000E+00 0.000E+00 0.000E+00
   1      3.400E-01 0.000E+00 0.000E+00 8.487E-01   0.000000 1.000E+00 1.000E+00
   1  611470  1     8.279E+07 0.000E+00 0.000E+00 0.000E+00 0.000E+00 0.000E+00
   1      1.000E+00 0.000E+00 0.000E+00 6.196E-02   0.000000 1.000E+00 1.000E+00
   1  611480  1     4.638E+05 0.000E+00 0.000E+00 0.000E+00 0.000E+00 0.000E+00
   1      1.000E+00 0.000E+00 0.000E+00 1.303E+00   0.000000 1.000E+00 1.000E+00
   1  611481  1     3.547E+06 0.000E+00 0.000E+00 0.000E+00 0.000E+00 5.000E-02
   1      9.500E-01 0.000E+00 0.000E+00 2.155E+00   0.000000 1.000E+00 1.000E+00
   1  611490  1     1.911E+05 0.000E+00 0.000E+00 0.000E+00 0.000E+00 0.000E+00
   1      1.000E+00 0.000E+00 0.000E+00 3.780E-01   0.000000 1.000E+00 1.000E+00
   1  611500  1     9.648E+03 0.000E+00 0.000E+00 0.000E+00 0.000E+00 0.000E+00
   1      1.000E+00 0.000E+00 0.000E+00 2.184E+00   0.000000 1.000E+00 1.000E+00
   1  611510  1     1.022E+05 0.000E+00 0.000E+00 0.000E+00 0.000E+00 0.000E+00
   1      1.000E+00 0.000E+00 0.000E+00 6.299E-01   0.000000 1.000E+00 1.000E+00
   1  611520  1     2.472E+02 0.000E+00 0.000E+00 0.000E+00 0.000E+00 0.000E+00
   1      1.000E+00 0.000E+00 0.000E+00 1.611E+00   0.000000 1.000E+00 1.000E+00
   1  611521  1     4.512E+02 0.000E+00 0.000E+00 0.000E+00 0.000E+00 0.000E+00
   1      1.000E+00 0.000E+00 0.000E+00 2.392E+00   0.000000 1.000E+00 1.000E+00
   1  611522  1     8.640E+02 0.000E+00 0.000E+00 0.000E+00 0.000E+00 0.000E+00
   1      1.000E+00 0.000E+00 0.000E+00 2.889E+00   0.000000 1.000E+00 1.000E+00
   1  611530  1     3.150E+02 0.000E+00 0.000E+00 0.000E+00 0.000E+00 0.000E+00
   1      1.000E+00 0.000E+00 0.000E+00 7.592E-01   0.000000 1.000E+00 1.000E+00
   1  611540  1     1.020E+02 0.000E+00 0.000E+00 0.000E+00 0.000E+00 0.000E+00
   1      1.000E+00 0.000E+00 0.000E+00 2.677E+00   0.000000 1.000E+00 1.000E+00
   1  611541  1     1.620E+02 0.000E+00 0.000E+00 0.000E+00 0.000E+00 0.000E+00
   1      1.000E+00 0.000E+00 0.000E+00 2.751E+00   0.000000 1.000E+00 1.000E+00
   1  611550  1     4.150E+01 0.000E+00 0.000E+00 0.000E+00 0.000E+00 0.000E+00
   1      1.000E+00 0.000E+00 0.000E+00 1.623E+00   0.000000 1.000E+00 1.000E+00
   1  611560  1     2.670E+01 0.000E+00 0.000E+00 0.000E+00 0.000E+00 0.000E+00
   1      1.000E+00 0.000E+00 0.000E+00 3.433E+00   0.000000 1.000E+00 1.000E+00
   1  611570  1     1.056E+01 0.000E+00 0.000E+00 0.000E+00 0.000E+00 0.000E+00
   1      1.000E+00 0.000E+00 0.000E+00 2.907E+00   0.000000 1.000E+00 1.000E+00
   1  621360  1     4.700E+01 0.000E+00 1.000E+00 0.000E+00 0.000E+00 0.000E+00
   1      0.000E+00 0.000E+00 0.000E+00 1.924E+00   0.000000 1.000E+00 1.000E+00
   1  621370  1     4.500E+01 0.000E+00 1.000E+00 1.000E+00 0.000E+00 0.000E+00
   1      0.000E+00 0.000E+00 0.000E+00 3.909E+00   0.000000 1.000E+00 1.000E+00
   1  621371  1     2.000E+01 0.000E+00 1.000E+00 0.000E+00 0.000E+00 0.000E+00
   1      0.000E+00 0.000E+00 0.000E+00 4.149E+00   0.000000 1.000E+00 1.000E+00
   1  621380  1     1.860E+02 0.000E+00 1.000E+00 1.000E+00 0.000E+00 0.000E+00
   1      0.000E+00 0.000E+00 0.000E+00 2.275E+00   0.000000 1.000E+00 1.000E+00
   1  621390  1     1.542E+02 0.000E+00 1.000E+00 0.000E+00 0.000E+00 0.000E+00
   1      0.000E+00 0.000E+00 0.000E+00 2.550E+00   0.000000 1.000E+00 1.000E+00
   1  621391  1     1.070E+01 0.000E+00 6.300E-02 0.000E+00 0.000E+00 9.370E-01
   1      0.000E+00 0.000E+00 0.000E+00 4.170E-01   0.000000 1.000E+00 1.000E+00
   1  621400  1     8.890E+02 0.000E+00 1.000E+00 0.000E+00 0.000E+00 0.000E+00
   1      0.000E+00 0.000E+00 0.000E+00 8.300E-01   0.000000 1.000E+00 1.000E+00
   1  621410  1     6.120E+02 0.000E+00 1.000E+00 0.000E+00 0.000E+00 0.000E+00
   1      0.000E+00 0.000E+00 0.000E+00 2.071E+00   0.000000 1.000E+00 1.000E+00
   1  621411  1     1.356E+03 0.000E+00 9.969E-01 0.000E+00 0.000E+00 3.100E-03
   1      0.000E+00 0.000E+00 0.000E+00 2.259E+00   0.000000 1.000E+00 1.000E+00
   1  621420  1     4.349E+03 0.000E+00 1.000E+00 0.000E+00 0.000E+00 0.000E+00
   1      0.000E+00 0.000E+00 0.000E+00 1.219E-01   0.000000 1.000E+00 1.000E+00
   1  621430  1     5.250E+02 0.000E+00 1.000E+00 0.000E+00 0.000E+00 0.000E+00
   1      0.000E+00 0.000E+00 0.000E+00 9.904E-01   0.000000 1.000E+00 1.000E+00
   1  621431  1     6.600E+01 0.000E+00 2.400E-03 0.000E+00 0.000E+00 9.976E-01
   1      0.000E+00 0.000E+00 0.000E+00 7.540E-01   0.000000 1.000E+00 1.000E+00
   1  621440  6     0.000E+00 0.000E+00 0.000E+00 0.000E+00 0.000E+00 0.000E+00
   1      0.000E+00 0.000E+00 0.000E+00 0.000E+00   3.100000 1.000E+00 1.000E+00
   1  621450  1     2.938E+07 0.000E+00 1.000E+00 0.000E+00 0.000E+00 0.000E+00
   1      0.000E+00 0.000E+00 0.000E+00 9.248E-02   0.000000 1.000E+00 1.000E+00
   1  621460  1     3.156E+15 0.000E+00 0.000E+00 0.000E+00 1.000E+00 0.000E+00
   1      0.000E+00 0.000E+00 0.000E+00 2.571E+00   0.000000 1.000E+00 1.000E+00
   1  621470  1     3.345E+18 0.000E+00 0.000E+00 0.000E+00 1.000E+00 0.000E+00
   1      0.000E+00 0.000E+00 0.000E+00 2.311E+00  15.000000 1.000E+00 1.000E+00
   1  621480  1     2.525E+23 0.000E+00 0.000E+00 0.000E+00 1.000E+00 0.000E+00
   1      0.000E+00 0.000E+00 0.000E+00 1.986E+00  11.300000 1.000E+00 1.000E+00
   1  621490  1     6.312E+22 0.000E+00 0.000E+00 0.000E+00 1.000E+00 0.000E+00
   1      0.000E+00 0.000E+00 0.000E+00 1.870E+00  13.800000 1.000E+00 1.000E+00
   1  621500  6     0.000E+00 0.000E+00 0.000E+00 0.000E+00 0.000E+00 0.000E+00
   1      0.000E+00 0.000E+00 0.000E+00 0.000E+00   7.400000 1.000E+00 1.000E+00
   1  621510  1     2.840E+09 0.000E+00 0.000E+00 0.000E+00 0.000E+00 0.000E+00
   1      1.000E+00 0.000E+00 0.000E+00 1.989E-02   0.000000 1.000E+00 1.000E+00
   1  621520  6     0.000E+00 0.000E+00 0.000E+00 0.000E+00 0.000E+00 0.000E+00
   1      0.000E+00 0.000E+00 0.000E+00 0.000E+00  26.700000 1.000E+00 1.000E+00
   1  621530  1     1.666E+05 0.000E+00 0.000E+00 0.000E+00 0.000E+00 0.000E+00
   1      1.000E+00 0.000E+00 0.000E+00 3.298E-01   0.000000 1.000E+00 1.000E+00
   1  621540  6     0.000E+00 0.000E+00 0.000E+00 0.000E+00 0.000E+00 0.000E+00
   1      0.000E+00 0.000E+00 0.000E+00 0.000E+00  22.700000 1.000E+00 1.000E+00
   1  621550  1     1.338E+03 0.000E+00 0.000E+00 0.000E+00 0.000E+00 0.000E+00
   1      1.000E+00 0.000E+00 0.000E+00 6.708E-01   0.000000 1.000E+00 1.000E+00
   1  621560  1     3.384E+04 0.000E+00 0.000E+00 0.000E+00 0.000E+00 0.000E+00
   1      1.000E+00 0.000E+00 0.000E+00 3.334E-01   0.000000 1.000E+00 1.000E+00
   1  621570  1     4.840E+02 0.000E+00 0.000E+00 0.000E+00 0.000E+00 0.000E+00
   1      1.000E+00 0.000E+00 0.000E+00 5.440E-01   0.000000 1.000E+00 1.000E+00
   1  621580  1     3.310E+02 0.000E+00 0.000E+00 0.000E+00 0.000E+00 0.000E+00
   1      1.000E+00 0.000E+00 0.000E+00 8.094E-01   0.000000 1.000E+00 1.000E+00
   1  621590  1     1.137E+01 0.000E+00 0.000E+00 0.000E+00 0.000E+00 0.000E+00
   1      1.000E+00 0.000E+00 0.000E+00 1.837E+00   0.000000 1.000E+00 1.000E+00
   1  631380  1     1.210E+01 0.000E+00 1.000E+00 0.000E+00 0.000E+00 0.000E+00
   1      0.000E+00 0.000E+00 0.000E+00 6.133E+00   0.000000 1.000E+00 1.000E+00
   1  631390  1     1.790E+01 0.000E+00 1.000E+00 0.000E+00 0.000E+00 0.000E+00
   1      0.000E+00 0.000E+00 0.000E+00 3.820E+00   0.000000 1.000E+00 1.000E+00
   1  631400  1     1.510E+00 0.000E+00 1.000E+00 0.000E+00 0.000E+00 0.000E+00
   1      0.000E+00 0.000E+00 0.000E+00 4.418E+00   0.000000 1.000E+00 1.000E+00
   1  631410  1     4.070E+01 0.000E+00 1.000E+00 1.769E-02 0.000E+00 0.000E+00
   1      0.000E+00 0.000E+00 0.000E+00 2.919E+00   0.000000 1.000E+00 1.000E+00
   1  631411  1     2.700E+00 0.000E+00 6.700E-01 0.000E+00 0.000E+00 3.300E-01
   1      0.000E+00 0.000E+00 0.000E+00 1.922E+00   0.000000 1.000E+00 1.000E+00
   1  631420  1     2.340E+00 0.000E+00 1.000E+00 0.000E+00 0.000E+00 0.000E+00
   1      0.000E+00 0.000E+00 0.000E+00 3.950E+00   0.000000 1.000E+00 1.000E+00
   1  631421  1     7.338E+01 0.000E+00 1.000E+00 0.000E+00 0.000E+00 0.000E+00
   1      0.000E+00 0.000E+00 0.000E+00 5.189E+00   0.000000 1.000E+00 1.000E+00
   1  631430  1     1.554E+02 0.000E+00 1.000E+00 1.201E-03 0.000E+00 0.000E+00
   1      0.000E+00 0.000E+00 0.000E+00 2.395E+00   0.000000 1.000E+00 1.000E+00
   1  631440  1     1.020E+01 0.000E+00 1.000E+00 0.000E+00 0.000E+00 0.000E+00
   1      0.000E+00 0.000E+00 0.000E+00 3.147E+00   0.000000 1.000E+00 1.000E+00
   1  631450  1     5.124E+05 0.000E+00 1.000E+00 0.000E+00 0.000E+00 0.000E+00
   1      0.000E+00 0.000E+00 0.000E+00 1.301E+00   0.000000 1.000E+00 1.000E+00
   1  631460  1     3.966E+05 0.000E+00 1.000E+00 0.000E+00 0.000E+00 0.000E+00
   1      0.000E+00 0.000E+00 0.000E+00 2.418E+00   0.000000 1.000E+00 1.000E+00
   1  631470  1     2.074E+06 0.000E+00 1.000E+00 0.000E+00 2.200E-05 0.000E+00
   1      0.000E+00 0.000E+00 0.000E+00 4.731E-01   0.000000 1.000E+00 1.000E+00
   1  631480  1     4.709E+06 0.000E+00 1.000E+00 0.000E+00 0.000E+00 0.000E+00
   1      0.000E+00 0.000E+00 0.000E+00 2.246E+00   0.000000 1.000E+00 1.000E+00
   1  631490  1     8.044E+06 0.000E+00 1.000E+00 0.000E+00 0.000E+00 0.000E+00
   1      0.000E+00 0.000E+00 0.000E+00 9.016E-02   0.000000 1.000E+00 1.000E+00
   1  631500  1     1.147E+09 0.000E+00 1.000E+00 0.000E+00 0.000E+00 0.000E+00
   1      0.000E+00 0.000E+00 0.000E+00 1.555E+00   0.000000 1.000E+00 1.000E+00
   1  631501  1     4.608E+04 0.000E+00 1.200E-01 0.000E+00 0.000E+00 0.000E+00
   1      8.800E-01 0.000E+00 0.000E+00 3.575E-01   0.000000 1.000E+00 1.000E+00
   1  631510  6     0.000E+00 0.000E+00 0.000E+00 0.000E+00 0.000E+00 0.000E+00
   1      0.000E+00 0.000E+00 0.000E+00 0.000E+00  47.800000 1.000E+00 1.000E+00
   1  631520  1     4.268E+08 0.000E+00 7.210E-01 0.000E+00 0.000E+00 0.000E+00
   1      2.790E-01 0.000E+00 0.000E+00 1.286E+00   0.000000 1.000E+00 1.000E+00
   1  631521  1     3.339E+04 0.000E+00 2.800E-01 0.000E+00 0.000E+00 0.000E+00
   1      7.200E-01 0.000E+00 0.000E+00 8.130E-01   0.000000 1.000E+00 1.000E+00
   1  631522  1     5.760E+03 0.000E+00 0.000E+00 0.000E+00 0.000E+00 1.000E+00
   1      0.000E+00 0.000E+00 0.000E+00 1.478E-01   0.000000 1.000E+00 1.000E+00
   1  631530  6     0.000E+00 0.000E+00 0.000E+00 0.000E+00 0.000E+00 0.000E+00
   1      0.000E+00 0.000E+00 0.000E+00 0.000E+00  52.200000 1.000E+00 1.000E+00
   1  631540  1     2.712E+08 0.000E+00 2.000E-04 0.000E+00 0.000E+00 0.000E+00
   1      9.998E-01 0.000E+00 0.000E+00 1.520E+00   0.000000 1.000E+00 1.000E+00
   1  631541  1     2.784E+03 0.000E+00 0.000E+00 0.000E+00 0.000E+00 1.000E+00
   1      0.000E+00 0.000E+00 0.000E+00 1.569E-01   0.000000 1.000E+00 1.000E+00
   1  631550  1     1.500E+08 0.000E+00 0.000E+00 0.000E+00 0.000E+00 0.000E+00
   1      1.000E+00 0.000E+00 0.000E+00 1.242E-01   0.000000 1.000E+00 1.000E+00
   1  631560  1     1.312E+06 0.000E+00 0.000E+00 0.000E+00 0.000E+00 0.000E+00
   1      1.000E+00 0.000E+00 0.000E+00 1.684E+00   0.000000 1.000E+00 1.000E+00
   1  631570  1     5.465E+04 0.000E+00 0.000E+00 0.000E+00 0.000E+00 0.000E+00
   1      1.000E+00 0.000E+00 0.000E+00 6.827E-01   0.000000 1.000E+00 1.000E+00
   1  631580  1     2.754E+03 0.000E+00 0.000E+00 0.000E+00 0.000E+00 0.000E+00
   1      1.000E+00 0.000E+00 0.000E+00 2.155E+00   0.000000 1.000E+00 1.000E+00
   1  631590  1     1.086E+03 0.000E+00 0.000E+00 0.000E+00 0.000E+00 0.000E+00
   1      1.000E+00 0.000E+00 0.000E+00 1.188E+00   0.000000 1.000E+00 1.000E+00
   1  631600  1     3.800E+01 0.000E+00 0.000E+00 0.000E+00 0.000E+00 0.000E+00
   1      1.000E+00 0.000E+00 0.000E+00 3.052E+00   0.000000 1.000E+00 1.000E+00
   1  631610  1     2.600E+01 0.000E+00 0.000E+00 0.000E+00 0.000E+00 0.000E+00
   1      1.000E+00 0.000E+00 0.000E+00 2.488E+00   0.000000 1.000E+00 1.000E+00
   1  631620  1     1.060E+01 0.000E+00 0.000E+00 0.000E+00 0.000E+00 0.000E+00
   1      1.000E+00 0.000E+00 0.000E+00 3.758E+00   0.000000 1.000E+00 1.000E+00
   1  631630  1     6.000E+00 0.000E+00 0.000E+00 0.000E+00 0.000E+00 0.000E+00
   1      1.000E+00 0.000E+00 0.000E+00 3.240E+00   0.000000 1.000E+00 1.000E+00
   1  641390  1     5.700E+00 0.000E+00 1.000E+00 0.000E+00 0.000E+00 0.000E+00
   1      0.000E+00 0.000E+00 0.000E+00 5.245E+00   0.000000 1.000E+00 1.000E+00
   1  641391  1     4.800E+00 0.000E+00 1.000E+00 0.000E+00 0.000E+00 0.000E+00
   1      0.000E+00 0.000E+00 0.000E+00 5.412E+00   0.000000 1.000E+00 1.000E+00
   1  641400  1     1.580E+01 0.000E+00 1.000E+00 0.000E+00 0.000E+00 0.000E+00
   1      0.000E+00 0.000E+00 0.000E+00 3.472E+00   0.000000 1.000E+00 1.000E+00
   1  641410  1     1.400E+01 0.000E+00 1.000E+00 0.000E+00 0.000E+00 0.000E+00
   1      0.000E+00 0.000E+00 0.000E+00 3.679E+00   0.000000 1.000E+00 1.000E+00
   1  641411  1     2.450E+01 0.000E+00 8.900E-01 1.000E+00 0.000E+00 1.100E-01
   1      0.000E+00 0.000E+00 0.000E+00 4.186E+00   0.000000 1.000E+00 1.000E+00
   1  641420  1     7.020E+01 0.000E+00 1.000E+00 0.000E+00 0.000E+00 0.000E+00
   1      0.000E+00 0.000E+00 0.000E+00 4.886E-01   0.000000 1.000E+00 1.000E+00
   1  641430  1     3.900E+01 0.000E+00 1.000E+00 0.000E+00 0.000E+00 0.000E+00
   1      0.000E+00 0.000E+00 0.000E+00 3.033E+00   0.000000 1.000E+00 1.000E+00
   1  641431  1     1.100E+02 0.000E+00 1.000E+00 0.000E+00 0.000E+00 0.000E+00
   1      0.000E+00 0.000E+00 0.000E+00 3.345E+00   0.000000 1.000E+00 1.000E+00
   1  641440  1     2.700E+02 0.000E+00 1.000E+00 0.000E+00 0.000E+00 0.000E+00
   1      0.000E+00 0.000E+00 0.000E+00 2.467E+00   0.000000 1.000E+00 1.000E+00
   1  641450  1     1.380E+03 0.000E+00 1.000E+00 0.000E+00 0.000E+00 0.000E+00
   1      0.000E+00 0.000E+00 0.000E+00 2.772E+00   0.000000 1.000E+00 1.000E+00
   1  641451  1     8.500E+01 0.000E+00 5.700E-02 0.000E+00 0.000E+00 9.430E-01
   1      0.000E+00 0.000E+00 0.000E+00 8.570E-01   0.000000 1.000E+00 1.000E+00
   1  641460  1     4.171E+06 0.000E+00 1.000E+00 0.000E+00 0.000E+00 0.000E+00
   1      0.000E+00 0.000E+00 0.000E+00 3.761E-01   0.000000 1.000E+00 1.000E+00
   1  641470  1     1.372E+05 0.000E+00 1.000E+00 0.000E+00 0.000E+00 0.000E+00
   1      0.000E+00 0.000E+00 0.000E+00 1.302E+00   0.000000 1.000E+00 1.000E+00
   1  641480  1     2.354E+09 0.000E+00 0.000E+00 0.000E+00 1.000E+00 0.000E+00
   1      0.000E+00 0.000E+00 0.000E+00 3.271E+00   0.000000 1.000E+00 1.000E+00
   1  641490  1     8.018E+05 0.000E+00 1.000E+00 0.000E+00 0.000E+00 0.000E+00
   1      0.000E+00 0.000E+00 0.000E+00 5.938E-01   0.000000 1.000E+00 1.000E+00
   1  641500  1     5.743E+13 0.000E+00 0.000E+00 0.000E+00 1.000E+00 0.000E+00
   1      0.000E+00 0.000E+00 0.000E+00 2.797E+00   0.000000 1.000E+00 1.000E+00
   1  641510  1     1.071E+07 0.000E+00 1.000E+00 0.000E+00 1.000E-08 0.000E+00
   1      0.000E+00 0.000E+00 0.000E+00 1.092E-01   0.000000 1.000E+00 1.000E+00
   1  641520  1     3.408E+21 0.000E+00 0.000E+00 0.000E+00 1.000E+00 0.000E+00
   1      0.000E+00 0.000E+00 0.000E+00 2.205E+00   0.200000 1.000E+00 1.000E+00
   1  641530  1     2.077E+07 0.000E+00 1.000E+00 0.000E+00 0.000E+00 0.000E+00
   1      0.000E+00 0.000E+00 0.000E+00 1.454E-01   0.000000 1.000E+00 1.000E+00
   1  641540  6     0.000E+00 0.000E+00 0.000E+00 0.000E+00 0.000E+00 0.000E+00
   1      0.000E+00 0.000E+00 0.000E+00 0.000E+00   2.180000 1.000E+00 1.000E+00
   1  641550  6     0.000E+00 0.000E+00 0.000E+00 0.000E+00 0.000E+00 0.000E+00
   1      0.000E+00 0.000E+00 0.000E+00 0.000E+00  14.800000 1.000E+00 1.000E+00
   1  641560  6     0.000E+00 0.000E+00 0.000E+00 0.000E+00 0.000E+00 0.000E+00
   1      0.000E+00 0.000E+00 0.000E+00 0.000E+00  20.470000 1.000E+00 1.000E+00
   1  641570  6     0.000E+00 0.000E+00 0.000E+00 0.000E+00 0.000E+00 0.000E+00
   1      0.000E+00 0.000E+00 0.000E+00 0.000E+00  15.650000 1.000E+00 1.000E+00
   1  641580  6     0.000E+00 0.000E+00 0.000E+00 0.000E+00 0.000E+00 0.000E+00
   1      0.000E+00 0.000E+00 0.000E+00 0.000E+00  24.840000 1.000E+00 1.000E+00
   1  641590  1     6.652E+04 0.000E+00 0.000E+00 0.000E+00 0.000E+00 0.000E+00
   1      1.000E+00 0.000E+00 0.000E+00 3.653E-01   0.000000 1.000E+00 1.000E+00
   1  641600  1     4.102E+24 0.000E+00 0.000E+00 0.000E+00 0.000E+00 0.000E+00
   1      0.000E+00 0.000E+00 0.000E+00 1.729E+00  21.860000 1.000E+00 1.000E+00    1 1.000E+00 1.100E+00 1.000E+00
   1  641610  1     2.196E+02 0.000E+00 0.000E+00 0.000E+00 0.000E+00 0.000E+00
   1      1.000E+00 0.000E+00 0.000E+00 9.788E-01   0.000000 1.000E+00 1.000E+00
   1  641620  1     5.040E+02 0.000E+00 0.000E+00 0.000E+00 0.000E+00 0.000E+00
   1      1.000E+00 0.000E+00 0.000E+00 7.564E-01   0.000000 1.000E+00 1.000E+00
   1  641630  1     6.800E+01 0.000E+00 0.000E+00 0.000E+00 0.000E+00 0.000E+00
   1      1.000E+00 0.000E+00 0.000E+00 1.555E+00   0.000000 1.000E+00 1.000E+00
   1  641640  1     4.500E+01 0.000E+00 0.000E+00 0.000E+00 0.000E+00 0.000E+00
   1      1.000E+00 0.000E+00 0.000E+00 1.553E+00   0.000000 1.000E+00 1.000E+00
   1  641650  1     1.030E+01 0.000E+00 0.000E+00 0.000E+00 0.000E+00 0.000E+00
   1      1.000E+00 0.000E+00 0.000E+00 2.793E+00   0.000000 1.000E+00 1.000E+00
   1  651440  1     1.000E+00 0.000E+00 1.000E+00 0.000E+00 0.000E+00 0.000E+00
   1      0.000E+00 0.000E+00 0.000E+00 2.877E-01   0.000000 1.000E+00 1.000E+00
   1  651441  1     4.250E+00 0.000E+00 3.400E-01 0.000E+00 0.000E+00 6.600E-01
   1      0.000E+00 0.000E+00 0.000E+00 6.592E-01   0.000000 1.000E+00 1.000E+00
   1  651450  1     1.200E+03 0.000E+00 1.000E+00 0.000E+00 0.000E+00 0.000E+00
   1      0.000E+00 0.000E+00 0.000E+00 4.698E+00   0.000000 1.000E+00 1.000E+00
   1  651451  1     2.950E+01 0.000E+00 1.000E+00 0.000E+00 0.000E+00 0.000E+00
   1      0.000E+00 0.000E+00 0.000E+00 3.280E+00   0.000000 1.000E+00 1.000E+00
   1  651460  1     8.000E+00 0.000E+00 1.000E+00 0.000E+00 0.000E+00 0.000E+00
   1      0.000E+00 0.000E+00 0.000E+00 4.360E+00   0.000000 1.000E+00 1.000E+00
   1  651461  1     2.400E+01 0.000E+00 1.000E+00 0.000E+00 0.000E+00 0.000E+00
   1      0.000E+00 0.000E+00 0.000E+00 5.552E+00   0.000000 1.000E+00 1.000E+00
   1  651470  1     6.120E+03 0.000E+00 1.000E+00 0.000E+00 0.000E+00 0.000E+00
   1      0.000E+00 0.000E+00 0.000E+00 2.175E+00   0.000000 1.000E+00 1.000E+00
   1  651471  1     1.098E+02 0.000E+00 1.000E+00 0.000E+00 0.000E+00 0.000E+00
   1      0.000E+00 0.000E+00 0.000E+00 1.566E+00   0.000000 1.000E+00 1.000E+00
   1  651480  1     3.600E+03 0.000E+00 1.000E+00 0.000E+00 0.000E+00 0.000E+00
   1      0.000E+00 0.000E+00 0.000E+00 3.025E+00   0.000000 1.000E+00 1.000E+00
   1  651481  1     1.320E+02 0.000E+00 1.000E+00 0.000E+00 0.000E+00 0.000E+00
   1      0.000E+00 0.000E+00 0.000E+00 3.179E+00   0.000000 1.000E+00 1.000E+00
   1  651490  1     1.482E+04 0.000E+00 8.330E-01 0.000E+00 1.670E-01 0.000E+00
   1      0.000E+00 0.000E+00 0.000E+00 2.123E+00   0.000000 1.000E+00 1.000E+00
   1  651491  1     2.496E+02 0.000E+00 9.998E-01 0.000E+00 2.200E-04 0.000E+00
   1      0.000E+00 0.000E+00 0.000E+00 1.243E+00   0.000000 1.000E+00 1.000E+00
   1  651500  1     1.250E+04 0.000E+00 9.500E-01 0.000E+00 5.000E-02 0.000E+00
   1      0.000E+00 0.000E+00 0.000E+00 2.595E+00   0.000000 1.000E+00 1.000E+00
   1  651501  1     3.480E+02 0.000E+00 1.000E+00 0.000E+00 0.000E+00 0.000E+00
   1      0.000E+00 0.000E+00 0.000E+00 2.385E+00   0.000000 1.000E+00 1.000E+00
   1  651510  1     6.339E+04 0.000E+00 1.000E+00 0.000E+00 9.500E-05 0.000E+00
   1      0.000E+00 0.000E+00 0.000E+00 1.064E+00   0.000000 1.000E+00 1.000E+00
   1  651511  1     2.500E+01 0.000E+00 6.600E-02 0.000E+00 0.000E+00 9.340E-01
   1      0.000E+00 0.000E+00 0.000E+00 7.920E-02   0.000000 1.000E+00 1.000E+00
   1  651520  1     6.300E+04 0.000E+00 1.000E+00 0.000E+00 0.000E+00 0.000E+00
   1      0.000E+00 0.000E+00 0.000E+00 1.602E+00   0.000000 1.000E+00 1.000E+00
   1  651521  1     2.580E+02 0.000E+00 2.110E-01 0.000E+00 0.000E+00 7.890E-01
   1      0.000E+00 0.000E+00 0.000E+00 8.800E-01   0.000000 1.000E+00 1.000E+00
   1  651530  1     2.022E+05 0.000E+00 1.000E+00 0.000E+00 0.000E+00 0.000E+00
   1      0.000E+00 0.000E+00 0.000E+00 3.639E-01   0.000000 1.000E+00 1.000E+00
   1  651540  1     7.740E+04 0.000E+00 1.000E+00 0.000E+00 0.000E+00 0.000E+00
   1      0.000E+00 0.000E+00 0.000E+00 2.242E+00   0.000000 1.000E+00 1.000E+00
   1  651541  1     3.240E+04 0.000E+00 7.820E-01 0.000E+00 0.000E+00 2.180E-01
   1      0.000E+00 0.000E+00 0.000E+00 1.336E+00   0.000000 1.000E+00 1.000E+00
   1  651542  1     8.170E+04 0.000E+00 9.820E-01 0.000E+00 0.000E+00 1.800E-02
   1      0.000E+00 0.000E+00 0.000E+00 2.154E+00   0.000000 1.000E+00 1.000E+00
   1  651550  1     4.596E+05 0.000E+00 1.000E+00 0.000E+00 0.000E+00 0.000E+00
   1      0.000E+00 0.000E+00 0.000E+00 2.149E-01   0.000000 1.000E+00 1.000E+00
   1  651560  1     4.467E+05 0.000E+00 1.000E+00 0.000E+00 0.000E+00 0.000E+00
   1      0.000E+00 0.000E+00 0.000E+00 2.020E+00   0.000000 1.000E+00 1.000E+00
   1  651561  1     8.784E+04 0.000E+00 0.000E+00 0.000E+00 0.000E+00 1.000E+00
   1      0.000E+00 0.000E+00 0.000E+00 5.965E-02   0.000000 1.000E+00 1.000E+00
   1  651562  1     1.836E+04 0.000E+00 1.900E-03 0.000E+00 0.000E+00 9.981E-01
   1      0.000E+00 0.000E+00 0.000E+00 8.880E-02   0.000000 1.000E+00 1.000E+00
   1  651570  1     3.124E+09 0.000E+00 1.000E+00 0.000E+00 0.000E+00 0.000E+00
   1      0.000E+00 0.000E+00 0.000E+00 1.609E-02   0.000000 1.000E+00 1.000E+00
   1  651580  1     5.680E+09 0.000E+00 8.320E-01 0.000E+00 0.000E+00 0.000E+00
   1      1.680E-01 0.000E+00 0.000E+00 9.254E-01   0.000000 1.000E+00 1.000E+00
   1  651581  1     1.080E+01 0.000E+00 0.000E+00 0.000E+00 0.000E+00 1.000E+00
   1      0.000E+00 0.000E+00 0.000E+00 1.101E-01   0.000000 1.000E+00 1.000E+00
   1  651590  6     0.000E+00 0.000E+00 0.000E+00 0.000E+00 0.000E+00 0.000E+00
   1      0.000E+00 0.000E+00 0.000E+00 0.000E+00 100.000000 1.000E+00 1.000E+00
   1  651600  1     6.247E+06 0.000E+00 0.000E+00 0.000E+00 0.000E+00 0.000E+00
   1      1.000E+00 0.000E+00 0.000E+00 1.387E+00   0.000000 1.000E+00 1.000E+00
   1  651610  1     5.953E+05 0.000E+00 0.000E+00 0.000E+00 0.000E+00 0.000E+00
   1      1.000E+00 0.000E+00 0.000E+00 2.345E-01   0.000000 1.000E+00 1.000E+00
   1  651620  1     4.560E+02 0.000E+00 0.000E+00 0.000E+00 0.000E+00 0.000E+00
   1      1.000E+00 0.000E+00 0.000E+00 1.645E+00   0.000000 1.000E+00 1.000E+00
   1  651630  1     1.170E+03 0.000E+00 0.000E+00 0.000E+00 0.000E+00 0.000E+00
   1      1.000E+00 0.000E+00 0.000E+00 1.148E+00   0.000000 1.000E+00 1.000E+00
   1  651640  1     1.800E+02 0.000E+00 0.000E+00 0.000E+00 0.000E+00 0.000E+00
   1      1.000E+00 0.000E+00 0.000E+00 2.410E+00   0.000000 1.000E+00 1.000E+00
   1  651650  1     1.266E+02 0.000E+00 0.000E+00 0.000E+00 0.000E+00 0.000E+00
   1      1.000E+00 0.000E+00 0.000E+00 1.553E+00   0.000000 1.000E+00 1.000E+00
   1  651660  1     2.560E+01 0.000E+00 0.000E+00 0.000E+00 0.000E+00 0.000E+00
   1      1.000E+00 0.000E+00 0.000E+00 3.220E+00   0.000000 1.000E+00 1.000E+00
   1  651670  1     1.900E+01 0.000E+00 0.000E+00 0.000E+00 0.000E+00 0.000E+00
   1      1.000E+00 0.000E+00 0.000E+00 2.733E+00   0.000000 1.000E+00 1.000E+00
   1  651680  1     8.200E+00 0.000E+00 0.000E+00 0.000E+00 0.000E+00 0.000E+00
   1      1.000E+00 0.000E+00 0.000E+00 4.040E+00   0.000000 1.000E+00 1.000E+00
   1  661470  1     4.000E+01 0.000E+00 9.995E-01 0.000E+00 0.000E+00 0.000E+00
   1      0.000E+00 0.000E+00 0.000E+00 4.376E+00   0.000000 1.000E+00 1.000E+00    1 5.000E-04 2.700E+00 1.000E+00
   1  661471  1     5.900E+01 0.000E+00 6.000E-01 0.000E+00 0.000E+00 4.000E-01
   1      0.000E+00 0.000E+00 0.000E+00 3.722E+00   0.000000 1.000E+00 1.000E+00
   1  661480  1     1.980E+02 0.000E+00 1.000E+00 0.000E+00 0.000E+00 0.000E+00
   1      0.000E+00 0.000E+00 0.000E+00 7.432E-01   0.000000 1.000E+00 1.000E+00
   1  661490  1     2.520E+02 0.000E+00 1.000E+00 0.000E+00 0.000E+00 0.000E+00
   1      0.000E+00 0.000E+00 0.000E+00 1.716E+00   0.000000 1.000E+00 1.000E+00
   1  661500  1     4.302E+02 0.000E+00 6.400E-01 0.000E+00 3.600E-01 0.000E+00
   1      0.000E+00 0.000E+00 0.000E+00 1.653E+00   0.000000 1.000E+00 1.000E+00
   1  661510  1     1.074E+03 0.000E+00 9.440E-01 0.000E+00 5.600E-02 0.000E+00
   1      0.000E+00 0.000E+00 0.000E+00 1.653E+00   0.000000 1.000E+00 1.000E+00
   1  661520  1     8.568E+03 0.000E+00 9.990E-01 0.000E+00 1.000E-03 0.000E+00
   1      0.000E+00 0.000E+00 0.000E+00 3.005E-01   0.000000 1.000E+00 1.000E+00
   1  661530  1     2.304E+04 0.000E+00 1.000E+00 0.000E+00 9.400E-05 0.000E+00
   1      0.000E+00 0.000E+00 0.000E+00 7.902E-01   0.000000 1.000E+00 1.000E+00
   1  661540  1     9.467E+13 0.000E+00 0.000E+00 0.000E+00 1.000E+00 0.000E+00
   1      0.000E+00 0.000E+00 0.000E+00 2.947E+00   0.000000 1.000E+00 1.000E+00
   1  661550  1     3.564E+04 0.000E+00 1.000E+00 0.000E+00 0.000E+00 0.000E+00
   1      0.000E+00 0.000E+00 0.000E+00 6.290E-01   0.000000 1.000E+00 1.000E+00
   1  661560  1     3.156E+25 0.000E+00 0.000E+00 0.000E+00 5.000E-01 0.000E+00
   1      0.000E+00 0.000E+00 0.000E+00 1.886E+00   0.060000 1.000E+00 1.000E+00    1 5.000E-01 2.200E+00 1.000E+00
   1  661570  1     2.930E+04 0.000E+00 1.000E+00 0.000E+00 0.000E+00 0.000E+00
   1      0.000E+00 0.000E+00 0.000E+00 3.636E-01   0.000000 1.000E+00 1.000E+00
   1  661580  6     0.000E+00 0.000E+00 0.000E+00 0.000E+00 0.000E+00 0.000E+00
   1      0.000E+00 0.000E+00 0.000E+00 0.000E+00   0.100000 1.000E+00 1.000E+00
   1  661590  1     1.248E+07 0.000E+00 1.000E+00 0.000E+00 0.000E+00 0.000E+00
   1      0.000E+00 0.000E+00 0.000E+00 5.833E-02   0.000000 1.000E+00 1.000E+00
   1  661600  6     0.000E+00 0.000E+00 0.000E+00 0.000E+00 0.000E+00 0.000E+00
   1      0.000E+00 0.000E+00 0.000E+00 0.000E+00   2.340000 1.000E+00 1.000E+00
   1  661610  6     0.000E+00 0.000E+00 0.000E+00 0.000E+00 0.000E+00 0.000E+00
   1      0.000E+00 0.000E+00 0.000E+00 0.000E+00  18.900000 1.000E+00 1.000E+00
   1  661620  6     0.000E+00 0.000E+00 0.000E+00 0.000E+00 0.000E+00 0.000E+00
   1      0.000E+00 0.000E+00 0.000E+00 0.000E+00  25.500000 1.000E+00 1.000E+00
   1  661630  6     0.000E+00 0.000E+00 0.000E+00 0.000E+00 0.000E+00 0.000E+00
   1      0.000E+00 0.000E+00 0.000E+00 0.000E+00  24.900000 1.000E+00 1.000E+00
   1  661640  6     0.000E+00 0.000E+00 0.000E+00 0.000E+00 0.000E+00 0.000E+00
   1      0.000E+00 0.000E+00 0.000E+00 0.000E+00  28.200000 1.000E+00 1.000E+00
   1  661650  1     8.402E+03 0.000E+00 0.000E+00 0.000E+00 0.000E+00 0.000E+00
   1      1.000E+00 0.000E+00 0.000E+00 4.742E-01   0.000000 1.000E+00 1.000E+00
   1  661651  1     7.548E+01 0.000E+00 0.000E+00 0.000E+00 0.000E+00 9.760E-01
   1      2.400E-02 0.000E+00 0.000E+00 1.247E-01   0.000000 1.000E+00 1.000E+00
   1  661660  1     2.938E+05 0.000E+00 0.000E+00 0.000E+00 0.000E+00 0.000E+00
   1      1.000E+00 0.000E+00 0.000E+00 1.956E-01   0.000000 1.000E+00 1.000E+00
   1  661670  1     3.720E+02 0.000E+00 0.000E+00 0.000E+00 0.000E+00 0.000E+00
   1      1.000E+00 0.000E+00 0.000E+00 1.230E+00   0.000000 1.000E+00 1.000E+00
   1  661680  1     5.220E+02 0.000E+00 0.000E+00 0.000E+00 0.000E+00 0.000E+00
   1      1.000E+00 0.000E+00 0.000E+00 1.007E+00   0.000000 1.000E+00 1.000E+00
   1  661690  1     3.900E+01 0.000E+00 0.000E+00 0.000E+00 0.000E+00 0.000E+00
   1      1.000E+00 0.000E+00 0.000E+00 2.135E+00   0.000000 1.000E+00 1.000E+00
   1  661700  1     3.000E+01 1.000E+00 0.000E+00 0.000E+00 0.000E+00 0.000E+00
   1      1.000E+00 0.000E+00 0.000E+00 1.653E+00   0.000000 1.000E+00 1.000E+00
   1  661710  1     6.000E+00 0.000E+00 0.000E+00 0.000E+00 0.000E+00 0.000E+00
   1      1.000E+00 0.000E+00 0.000E+00 2.940E+00   0.000000 1.000E+00 1.000E+00
   1  671520  1     1.618E+02 0.000E+00 8.800E-01 0.000E+00 1.200E-01 0.000E+00
   1      0.000E+00 0.000E+00 0.000E+00 2.519E+00   0.000000 1.000E+00 1.000E+00
   1  671521  1     4.950E+01 0.000E+00 8.920E-01 0.000E+00 1.080E-01 0.000E+00
   1      0.000E+00 0.000E+00 0.000E+00 4.359E+00   0.000000 1.000E+00 1.000E+00
   1  671530  1     1.206E+02 0.000E+00 9.995E-01 0.000E+00 5.100E-04 0.000E+00
   1      0.000E+00 0.000E+00 0.000E+00 1.444E+00   0.000000 1.000E+00 1.000E+00
   1  671531  1     5.600E+02 0.000E+00 9.982E-01 0.000E+00 1.800E-03 0.000E+00
   1      0.000E+00 0.000E+00 0.000E+00 1.805E+00   0.000000 1.000E+00 1.000E+00
   1  671540  1     7.100E+02 0.000E+00 9.998E-01 0.000E+00 1.900E-04 0.000E+00
   1      0.000E+00 0.000E+00 0.000E+00 1.167E+00   0.000000 1.000E+00 1.000E+00
   1  671541  1     1.950E+02 0.000E+00 9.998E-01 0.000E+00 1.700E-04 0.000E+00
   1      0.000E+00 0.000E+00 0.000E+00 2.022E+00   0.000000 1.000E+00 1.000E+00
   1  671550  1     2.880E+03 0.000E+00 1.000E+00 0.000E+00 0.000E+00 0.000E+00
   1      0.000E+00 0.000E+00 0.000E+00 6.539E-01   0.000000 1.000E+00 1.000E+00
   1  671560  1     3.360E+03 0.000E+00 1.000E+00 0.000E+00 0.000E+00 0.000E+00
   1      0.000E+00 0.000E+00 0.000E+00 1.467E+00   0.000000 1.000E+00 1.000E+00
   1  671561  1     9.500E+00 0.000E+00 5.000E-01 0.000E+00 0.000E+00 5.000E-01
   1      0.000E+00 0.000E+00 0.000E+00 1.770E+00   0.000000 1.000E+00 1.000E+00
   1  671562  1     4.680E+02 0.000E+00 7.500E-01 0.000E+00 0.000E+00 2.500E-01
   1      0.000E+00 0.000E+00 0.000E+00 2.665E+00   0.000000 1.000E+00 1.000E+00
   1  671570  1     7.560E+02 0.000E+00 1.000E+00 0.000E+00 0.000E+00 0.000E+00
   1      0.000E+00 0.000E+00 0.000E+00 5.101E-01   0.000000 1.000E+00 1.000E+00
   1  671580  1     6.600E+02 0.000E+00 1.000E+00 0.000E+00 0.000E+00 0.000E+00
   1      0.000E+00 0.000E+00 0.000E+00 2.813E+00   0.000000 1.000E+00 1.000E+00
   1  671581  1     1.620E+03 0.000E+00 0.000E+00 0.000E+00 0.000E+00 1.000E+00
   1      0.000E+00 0.000E+00 0.000E+00 1.250E-04   0.000000 1.000E+00 1.000E+00
   1  671582  1     1.280E+03 0.000E+00 1.000E+00 0.000E+00 0.000E+00 0.000E+00
   1      0.000E+00 0.000E+00 0.000E+00 2.741E+00   0.000000 1.000E+00 1.000E+00
   1  671590  1     1.983E+03 0.000E+00 1.000E+00 0.000E+00 0.000E+00 0.000E+00
   1      0.000E+00 0.000E+00 0.000E+00 4.318E-01   0.000000 1.000E+00 1.000E+00
   1  671591  1     8.300E+00 0.000E+00 0.000E+00 0.000E+00 0.000E+00 1.000E+00
   1      0.000E+00 0.000E+00 0.000E+00 2.037E-01   0.000000 1.000E+00 1.000E+00
   1  671600  1     1.518E+03 0.000E+00 1.000E+00 0.000E+00 0.000E+00 0.000E+00
   1      0.000E+00 0.000E+00 0.000E+00 1.784E+00   0.000000 1.000E+00 1.000E+00
   1  671601  1     1.800E+04 0.000E+00 3.500E-01 0.000E+00 0.000E+00 6.500E-01
   1      0.000E+00 0.000E+00 0.000E+00 7.315E-01   0.000000 1.000E+00 1.000E+00
   1  671602  1     2.900E+00 0.000E+00 0.000E+00 0.000E+00 0.000E+00 1.000E+00
   1      0.000E+00 0.000E+00 0.000E+00 1.996E-01   0.000000 1.000E+00 1.000E+00
   1  671610  1     8.928E+03 0.000E+00 1.000E+00 0.000E+00 0.000E+00 0.000E+00
   1      0.000E+00 0.000E+00 0.000E+00 9.161E-02   0.000000 1.000E+00 1.000E+00
   1  671611  1     6.770E+00 0.000E+00 0.000E+00 0.000E+00 0.000E+00 1.000E+00
   1      0.000E+00 0.000E+00 0.000E+00 2.109E-01   0.000000 1.000E+00 1.000E+00
   1  671620  1     9.000E+02 0.000E+00 1.000E+00 0.000E+00 0.000E+00 0.000E+00
   1      0.000E+00 0.000E+00 0.000E+00 2.209E-01   0.000000 1.000E+00 1.000E+00
   1  671621  1     4.020E+03 0.000E+00 3.700E-01 0.000E+00 0.000E+00 6.300E-01
   1      0.000E+00 0.000E+00 0.000E+00 5.860E-01   0.000000 1.000E+00 1.000E+00
   1  671630  1     1.442E+11 0.000E+00 1.000E+00 0.000E+00 0.000E+00 0.000E+00
   1      0.000E+00 0.000E+00 0.000E+00 2.650E-03   0.000000 1.000E+00 1.000E+00
   1  671631  1     1.100E+00 0.000E+00 0.000E+00 0.000E+00 0.000E+00 1.000E+00
   1      0.000E+00 0.000E+00 0.000E+00 2.978E-01   0.000000 1.000E+00 1.000E+00
   1  671640  1     1.716E+03 0.000E+00 4.830E-01 0.000E+00 0.000E+00 0.000E+00
   1      5.170E-01 0.000E+00 0.000E+00 2.124E-01   0.000000 1.000E+00 1.000E+00
   1  671641  1     2.256E+03 0.000E+00 0.000E+00 0.000E+00 0.000E+00 1.000E+00
   1      0.000E+00 0.000E+00 0.000E+00 1.399E-01   0.000000 1.000E+00 1.000E+00
   1  671650  6     0.000E+00 0.000E+00 0.000E+00 0.000E+00 0.000E+00 0.000E+00
   1      0.000E+00 0.000E+00 0.000E+00 0.000E+00 100.000000 1.000E+00 1.000E+00
   1  671660  1     9.648E+04 0.000E+00 0.000E+00 0.000E+00 0.000E+00 0.000E+00
   1      1.000E+00 0.000E+00 0.000E+00 7.250E-01   0.000000 1.000E+00 1.000E+00
   1  671661  1     3.787E+10 0.000E+00 0.000E+00 0.000E+00 0.000E+00 0.000E+00
   1      1.000E+00 0.000E+00 0.000E+00 1.768E+00   0.000000 1.000E+00 1.000E+00
   1  671670  1     1.116E+04 1.195E-01 0.000E+00 0.000E+00 0.000E+00 0.000E+00
   1      1.000E+00 0.000E+00 0.000E+00 5.899E-01   0.000000 1.000E+00 1.000E+00
   1  671680  1     1.794E+02 0.000E+00 0.000E+00 0.000E+00 0.000E+00 0.000E+00
   1      1.000E+00 0.000E+00 0.000E+00 1.664E+00   0.000000 1.000E+00 1.000E+00
   1  671681  1     1.320E+02 0.000E+00 0.000E+00 0.000E+00 0.000E+00 9.950E-01
   1      5.000E-03 0.000E+00 0.000E+00 6.866E-02   0.000000 1.000E+00 1.000E+00
   1  671690  1     2.640E+02 0.000E+00 0.000E+00 0.000E+00 0.000E+00 0.000E+00
   1      1.000E+00 0.000E+00 0.000E+00 1.084E+00   0.000000 1.000E+00 1.000E+00
   1  671700  1     1.668E+02 0.000E+00 0.000E+00 0.000E+00 0.000E+00 0.000E+00
   1      1.000E+00 0.000E+00 0.000E+00 2.671E+00   0.000000 1.000E+00 1.000E+00
   1  671701  1     4.300E+01 0.000E+00 0.000E+00 0.000E+00 0.000E+00 0.000E+00
   1      1.000E+00 0.000E+00 0.000E+00 2.045E+00   0.000000 1.000E+00 1.000E+00
   1  671710  1     5.300E+01 0.000E+00 0.000E+00 0.000E+00 0.000E+00 0.000E+00
   1      1.000E+00 0.000E+00 0.000E+00 2.137E+00   0.000000 1.000E+00 1.000E+00
   1  671720  1     2.500E+01 0.000E+00 0.000E+00 0.000E+00 0.000E+00 0.000E+00
   1      1.000E+00 0.000E+00 0.000E+00 3.393E+00   0.000000 1.000E+00 1.000E+00
   1  671730  1     1.000E+01 0.000E+00 0.000E+00 0.000E+00 0.000E+00 0.000E+00
   1      1.000E+00 0.000E+00 0.000E+00 3.033E+00   0.000000 1.000E+00 1.000E+00
   1  681530  1     3.710E+01 0.000E+00 4.700E-01 0.000E+00 5.300E-01 0.000E+00
   1      0.000E+00 0.000E+00 0.000E+00 2.868E+00   0.000000 1.000E+00 1.000E+00
   1  681540  1     2.238E+02 0.000E+00 9.953E-01 0.000E+00 4.700E-03 0.000E+00
   1      0.000E+00 0.000E+00 0.000E+00 1.274E-01   0.000000 1.000E+00 1.000E+00
   1  681550  1     3.180E+02 0.000E+00 9.998E-01 0.000E+00 2.200E-04 0.000E+00
   1      0.000E+00 0.000E+00 0.000E+00 2.003E+00   0.000000 1.000E+00 1.000E+00
   1  681560  1     1.170E+03 0.000E+00 1.000E+00 9.541E-01 0.000E+00 0.000E+00
   1      0.000E+00 0.000E+00 0.000E+00 1.270E-01   0.000000 1.000E+00 1.000E+00
   1  681570  1     1.119E+03 0.000E+00 1.000E+00 0.000E+00 0.000E+00 0.000E+00
   1      0.000E+00 0.000E+00 0.000E+00 3.370E-01   0.000000 1.000E+00 1.000E+00
   1  681580  1     8.100E+03 0.000E+00 1.000E+00 0.000E+00 0.000E+00 0.000E+00
   1      0.000E+00 0.000E+00 0.000E+00 2.396E-01   0.000000 1.000E+00 1.000E+00
   1  681590  1     2.160E+03 0.000E+00 1.000E+00 2.357E-01 0.000E+00 0.000E+00
   1      0.000E+00 0.000E+00 0.000E+00 8.093E-01   0.000000 1.000E+00 1.000E+00
   1  681600  1     1.029E+05 0.000E+00 1.000E+00 1.000E+00 0.000E+00 0.000E+00
   1      0.000E+00 0.000E+00 0.000E+00 4.616E-02   0.000000 1.000E+00 1.000E+00
   1  681610  1     1.156E+04 0.000E+00 1.000E+00 0.000E+00 0.000E+00 0.000E+00
   1      0.000E+00 0.000E+00 0.000E+00 1.549E+00   0.000000 1.000E+00 1.000E+00
   1  681620  1     4.418E+21 0.000E+00 0.000E+00 0.000E+00 5.000E-01 0.000E+00
   1      0.000E+00 0.000E+00 0.000E+00 1.744E+00   0.140000 1.000E+00 1.000E+00    1 5.000E-01 2.200E+00 1.000E+00
   1  681630  1     4.500E+03 0.000E+00 1.000E+00 1.529E-04 0.000E+00 0.000E+00
   1      0.000E+00 0.000E+00 0.000E+00 4.545E-02   0.000000 1.000E+00 1.000E+00
   1  681640  6     0.000E+00 0.000E+00 0.000E+00 0.000E+00 0.000E+00 0.000E+00
   1      0.000E+00 0.000E+00 0.000E+00 0.000E+00   1.610000 1.000E+00 1.000E+00
   1  681650  1     3.730E+04 0.000E+00 1.000E+00 0.000E+00 0.000E+00 0.000E+00
   1      0.000E+00 0.000E+00 0.000E+00 4.301E-02   0.000000 1.000E+00 1.000E+00
   1  681660  6     0.000E+00 0.000E+00 0.000E+00 0.000E+00 0.000E+00 0.000E+00
   1      0.000E+00 0.000E+00 0.000E+00 0.000E+00  33.600000 1.000E+00 1.000E+00
   1  681670  6     0.000E+00 0.000E+00 0.000E+00 0.000E+00 0.000E+00 0.000E+00
   1      0.000E+00 0.000E+00 0.000E+00 0.000E+00  22.950000 1.000E+00 1.000E+00
   1  681671  1     2.269E+00 0.000E+00 0.000E+00 0.000E+00 0.000E+00 1.000E+00
   1      0.000E+00 0.000E+00 0.000E+00 2.078E-01   0.000000 1.000E+00 1.000E+00
   1  681680  6     0.000E+00 0.000E+00 0.000E+00 0.000E+00 0.000E+00 0.000E+00
   1      0.000E+00 0.000E+00 0.000E+00 0.000E+00  26.800000 1.000E+00 1.000E+00
   1  681690  1     8.122E+05 0.000E+00 0.000E+00 0.000E+00 0.000E+00 0.000E+00
   1      1.000E+00 0.000E+00 0.000E+00 1.018E-01   0.000000 1.000E+00 1.000E+00
   1  681700  6     0.000E+00 0.000E+00 0.000E+00 0.000E+00 0.000E+00 0.000E+00
   1      0.000E+00 0.000E+00 0.000E+00 0.000E+00  14.900000 1.000E+00 1.000E+00
   1  681710  1     2.706E+04 0.000E+00 0.000E+00 0.000E+00 0.000E+00 0.000E+00
   1      1.000E+00 0.000E+00 0.000E+00 7.890E-01   0.000000 1.000E+00 1.000E+00
   1  681720  1     1.775E+05 0.000E+00 0.000E+00 0.000E+00 0.000E+00 0.000E+00
   1      1.000E+00 0.000E+00 0.000E+00 6.444E-01   0.000000 1.000E+00 1.000E+00
   1  681730  1     8.400E+01 0.000E+00 0.000E+00 0.000E+00 0.000E+00 0.000E+00
   1      1.000E+00 0.000E+00 0.000E+00 1.528E+00   0.000000 1.000E+00 1.000E+00
   1  681740  1     1.920E+02 0.000E+00 0.000E+00 0.000E+00 0.000E+00 0.000E+00
   1      1.000E+00 0.000E+00 0.000E+00 1.280E+00   0.000000 1.000E+00 1.000E+00
   1  681750  1     7.200E+01 0.000E+00 0.000E+00 0.000E+00 0.000E+00 0.000E+00
   1      1.000E+00 0.000E+00 0.000E+00 2.447E+00   0.000000 1.000E+00 1.000E+00
   1  691580  1     2.388E+02 0.000E+00 1.000E+00 0.000E+00 0.000E+00 0.000E+00
   1      0.000E+00 0.000E+00 0.000E+00 3.112E+00   0.000000 1.000E+00 1.000E+00
   1  691590  1     5.490E+02 0.000E+00 1.000E+00 0.000E+00 0.000E+00 0.000E+00
   1      0.000E+00 0.000E+00 0.000E+00 2.663E+00   0.000000 1.000E+00 1.000E+00
   1  691600  1     5.640E+02 0.000E+00 1.000E+00 0.000E+00 0.000E+00 0.000E+00
   1      0.000E+00 0.000E+00 0.000E+00 2.977E+00   0.000000 1.000E+00 1.000E+00
   1  691601  1     7.450E+01 0.000E+00 1.500E-01 0.000E+00 0.000E+00 8.500E-01
   1      0.000E+00 0.000E+00 0.000E+00 6.423E-01   0.000000 1.000E+00 1.000E+00
   1  691610  1     2.280E+03 0.000E+00 1.000E+00 0.000E+00 0.000E+00 0.000E+00
   1      0.000E+00 0.000E+00 0.000E+00 1.933E+00   0.000000 1.000E+00 1.000E+00
   1  691611  1     3.000E+02 0.000E+00 5.000E-01 0.000E+00 0.000E+00 5.000E-01
   1      0.000E+00 0.000E+00 0.000E+00 1.109E+00   0.000000 1.000E+00 1.000E+00
   1  691620  1     1.302E+03 0.000E+00 1.000E+00 0.000E+00 0.000E+00 0.000E+00
   1      0.000E+00 0.000E+00 0.000E+00 1.770E+00   0.000000 1.000E+00 1.000E+00
   1  691621  1     2.430E+01 0.000E+00 1.800E-01 0.000E+00 0.000E+00 8.200E-01
   1      0.000E+00 0.000E+00 0.000E+00 3.800E-01   0.000000 1.000E+00 1.000E+00
   1  691630  1     6.516E+03 0.000E+00 1.000E+00 0.000E+00 0.000E+00 0.000E+00
   1      0.000E+00 0.000E+00 0.000E+00 1.356E+00   0.000000 1.000E+00 1.000E+00
   1  691640  1     1.200E+02 0.000E+00 1.000E+00 0.000E+00 0.000E+00 0.000E+00
   1      0.000E+00 0.000E+00 0.000E+00 1.262E+00   0.000000 1.000E+00 1.000E+00
   1  691641  1     3.060E+02 0.000E+00 2.000E-01 0.000E+00 0.000E+00 8.000E-01
   1      0.000E+00 0.000E+00 0.000E+00 5.509E-01   0.000000 1.000E+00 1.000E+00
   1  691650  1     1.082E+05 0.000E+00 1.000E+00 0.000E+00 0.000E+00 0.000E+00
   1      0.000E+00 0.000E+00 0.000E+00 6.024E-01   0.000000 1.000E+00 1.000E+00
   1  691660  1     2.772E+04 0.000E+00 1.000E+00 0.000E+00 0.000E+00 0.000E+00
   1      0.000E+00 0.000E+00 0.000E+00 2.037E+00   0.000000 1.000E+00 1.000E+00
   1  691670  1     7.992E+05 0.000E+00 1.000E+00 9.762E-01 0.000E+00 0.000E+00
   1      0.000E+00 0.000E+00 0.000E+00 6.838E-02   0.000000 1.000E+00 1.000E+00
   1  691680  1     8.044E+06 0.000E+00 9.999E-01 0.000E+00 0.000E+00 0.000E+00
   1      1.000E-04 0.000E+00 0.000E+00 1.320E+00   0.000000 1.000E+00 1.000E+00
   1  691690  6     0.000E+00 0.000E+00 0.000E+00 0.000E+00 0.000E+00 0.000E+00
   1      0.000E+00 0.000E+00 0.000E+00 0.000E+00 100.000000 1.000E+00 1.000E+00
   1  691700  1     1.111E+07 0.000E+00 1.310E-03 0.000E+00 0.000E+00 0.000E+00
   1      9.987E-01 0.000E+00 0.000E+00 3.317E-01   0.000000 1.000E+00 1.000E+00
   1  691710  1     6.048E+07 0.000E+00 0.000E+00 0.000E+00 0.000E+00 0.000E+00
   1      1.000E+00 0.000E+00 0.000E+00 2.624E-02   0.000000 1.000E+00 1.000E+00
   1  691720  1     2.290E+05 0.000E+00 0.000E+00 0.000E+00 0.000E+00 0.000E+00
   1      1.000E+00 0.000E+00 0.000E+00 1.008E+00   0.000000 1.000E+00 1.000E+00
   1  691730  1     2.966E+04 0.000E+00 0.000E+00 0.000E+00 0.000E+00 0.000E+00
   1      1.000E+00 0.000E+00 0.000E+00 6.981E-01   0.000000 1.000E+00 1.000E+00
   1  691740  1     3.240E+02 0.000E+00 0.000E+00 0.000E+00 0.000E+00 0.000E+00
   1      1.000E+00 0.000E+00 0.000E+00 2.293E+00   0.000000 1.000E+00 1.000E+00
   1  691750  1     9.100E+02 0.000E+00 0.000E+00 0.000E+00 0.000E+00 0.000E+00
   1      1.000E+00 0.000E+00 0.000E+00 1.591E+00   0.000000 1.000E+00 1.000E+00
   1  691760  1     1.140E+02 0.000E+00 0.000E+00 0.000E+00 0.000E+00 0.000E+00
   1      1.000E+00 0.000E+00 0.000E+00 2.546E+00   0.000000 1.000E+00 1.000E+00
   1  691770  1     9.000E+01 1.000E+00 0.000E+00 0.000E+00 0.000E+00 0.000E+00
   1      1.000E+00 0.000E+00 0.000E+00 2.125E+00   0.000000 1.000E+00 1.000E+00
   1  691780  1     3.000E+01 0.000E+00 0.000E+00 0.000E+00 0.000E+00 0.000E+00
   1      1.000E+00 0.000E+00 0.000E+00 3.719E+00   0.000000 1.000E+00 1.000E+00
   1  691790  1     2.000E+01 0.000E+00 0.000E+00 0.000E+00 0.000E+00 0.000E+00
   1      1.000E+00 0.000E+00 0.000E+00 3.213E+00   0.000000 1.000E+00 1.000E+00
   1  701590  1     8.400E+01 0.000E+00 1.000E+00 0.000E+00 0.000E+00 0.000E+00
   1      0.000E+00 0.000E+00 0.000E+00 2.004E+00   0.000000 1.000E+00 1.000E+00
   1  701600  1     2.880E+02 0.000E+00 1.000E+00 0.000E+00 0.000E+00 0.000E+00
   1      0.000E+00 0.000E+00 0.000E+00 3.283E-01   0.000000 1.000E+00 1.000E+00
   1  701610  1     2.520E+02 0.000E+00 1.000E+00 0.000E+00 0.000E+00 0.000E+00
   1      0.000E+00 0.000E+00 0.000E+00 2.367E+00   0.000000 1.000E+00 1.000E+00
   1  701620  1     1.132E+03 0.000E+00 1.000E+00 0.000E+00 0.000E+00 0.000E+00
   1      0.000E+00 0.000E+00 0.000E+00 2.672E-01   0.000000 1.000E+00 1.000E+00
   1  701630  1     6.630E+02 0.000E+00 1.000E+00 0.000E+00 0.000E+00 0.000E+00
   1      0.000E+00 0.000E+00 0.000E+00 1.160E+00   0.000000 1.000E+00 1.000E+00
   1  701640  1     4.548E+03 0.000E+00 1.000E+00 0.000E+00 0.000E+00 0.000E+00
   1      0.000E+00 0.000E+00 0.000E+00 5.815E-02   0.000000 1.000E+00 1.000E+00
   1  701650  1     5.940E+02 0.000E+00 1.000E+00 0.000E+00 0.000E+00 0.000E+00
   1      0.000E+00 0.000E+00 0.000E+00 4.840E-01   0.000000 1.000E+00 1.000E+00
   1  701660  1     2.041E+05 0.000E+00 1.000E+00 0.000E+00 0.000E+00 0.000E+00
   1      0.000E+00 0.000E+00 0.000E+00 1.211E-01   0.000000 1.000E+00 1.000E+00
   1  701670  1     1.050E+03 0.000E+00 1.000E+00 0.000E+00 0.000E+00 0.000E+00
   1      0.000E+00 0.000E+00 0.000E+00 3.482E-01   0.000000 1.000E+00 1.000E+00
   1  701680  1     4.102E+21 0.000E+00 0.000E+00 0.000E+00 5.000E-01 0.000E+00
   1      0.000E+00 0.000E+00 0.000E+00 1.686E+00   0.130000 1.000E+00 1.000E+00    1 5.000E-01 2.200E+00 1.000E+00
   1  701690  1     2.766E+06 0.000E+00 1.000E+00 0.000E+00 0.000E+00 0.000E+00
   1      0.000E+00 0.000E+00 0.000E+00 4.251E-01   0.000000 1.000E+00 1.000E+00
   1  701691  1     4.600E+01 0.000E+00 0.000E+00 0.000E+00 0.000E+00 1.000E+00
   1      0.000E+00 0.000E+00 0.000E+00 2.420E-02   0.000000 1.000E+00 1.000E+00
   1  701700  6     0.000E+00 0.000E+00 0.000E+00 0.000E+00 0.000E+00 0.000E+00
   1      0.000E+00 0.000E+00 0.000E+00 0.000E+00   3.050000 1.000E+00 1.000E+00
   1  701710  6     0.000E+00 0.000E+00 0.000E+00 0.000E+00 0.000E+00 0.000E+00
   1      0.000E+00 0.000E+00 0.000E+00 0.000E+00  14.300000 1.000E+00 1.000E+00
   1  701720  6     0.000E+00 0.000E+00 0.000E+00 0.000E+00 0.000E+00 0.000E+00
   1      0.000E+00 0.000E+00 0.000E+00 0.000E+00  21.900000 1.000E+00 1.000E+00
   1  701730  6     0.000E+00 0.000E+00 0.000E+00 0.000E+00 0.000E+00 0.000E+00
   1      0.000E+00 0.000E+00 0.000E+00 0.000E+00  16.120000 1.000E+00 1.000E+00
   1  701740  6     0.000E+00 0.000E+00 0.000E+00 0.000E+00 0.000E+00 0.000E+00
   1      0.000E+00 0.000E+00 0.000E+00 0.000E+00  31.800000 1.000E+00 1.000E+00
   1  701750  1     3.616E+05 0.000E+00 0.000E+00 0.000E+00 0.000E+00 0.000E+00
   1      1.000E+00 0.000E+00 0.000E+00 2.016E-01   0.000000 1.000E+00 1.000E+00
   1  701760  6     0.000E+00 0.000E+00 0.000E+00 0.000E+00 0.000E+00 0.000E+00
   1      0.000E+00 0.000E+00 0.000E+00 0.000E+00  12.700000 1.000E+00 1.000E+00
   1  701761  1     1.140E+01 0.000E+00 0.000E+00 0.000E+00 0.000E+00 1.000E+00
   1      0.000E+00 0.000E+00 0.000E+00 1.050E+00   0.000000 1.000E+00 1.000E+00
   1  701770  1     6.880E+03 0.000E+00 0.000E+00 0.000E+00 0.000E+00 0.000E+00
   1      1.000E+00 0.000E+00 0.000E+00 6.251E-01   0.000000 1.000E+00 1.000E+00
   1  701771  1     6.410E+00 0.000E+00 0.000E+00 0.000E+00 0.000E+00 1.000E+00
   1      0.000E+00 0.000E+00 0.000E+00 3.282E-01   0.000000 1.000E+00 1.000E+00
   1  701780  1     4.440E+03 0.000E+00 0.000E+00 0.000E+00 0.000E+00 0.000E+00
   1      1.000E+00 0.000E+00 0.000E+00 8.266E-01   0.000000 1.000E+00 1.000E+00
   1  701790  1     4.800E+02 0.000E+00 0.000E+00 0.000E+00 0.000E+00 0.000E+00
   1      1.000E+00 0.000E+00 0.000E+00 1.459E+00   0.000000 1.000E+00 1.000E+00
   1  701800  1     1.440E+02 1.000E+00 0.000E+00 0.000E+00 0.000E+00 0.000E+00
   1      1.000E+00 0.000E+00 0.000E+00 1.517E+00   0.000000 1.000E+00 1.000E+00
   1  701810  1     6.000E+01 0.000E+00 0.000E+00 0.000E+00 0.000E+00 0.000E+00
   1      1.000E+00 0.000E+00 0.000E+00 2.593E+00   0.000000 1.000E+00 1.000E+00
   1  711620  1     8.220E+01 0.000E+00 1.000E+00 0.000E+00 0.000E+00 0.000E+00
   1      0.000E+00 0.000E+00 0.000E+00 3.743E+00   0.000000 1.000E+00 1.000E+00
   1  711621  1     9.000E+01 0.000E+00 1.000E+00 0.000E+00 0.000E+00 0.000E+00
   1      0.000E+00 0.000E+00 0.000E+00 4.741E+00   0.000000 1.000E+00 1.000E+00
   1  711622  1     1.140E+02 0.000E+00 1.000E+00 0.000E+00 0.000E+00 0.000E+00
   1      0.000E+00 0.000E+00 0.000E+00 4.861E+00   0.000000 1.000E+00 1.000E+00
   1  711630  1     2.380E+02 0.000E+00 1.000E+00 0.000E+00 0.000E+00 0.000E+00
   1      0.000E+00 0.000E+00 0.000E+00 5.460E+00   0.000000 1.000E+00 1.000E+00
   1  711640  1     1.884E+02 0.000E+00 1.000E+00 0.000E+00 0.000E+00 0.000E+00
   1      0.000E+00 0.000E+00 0.000E+00 9.810E-01   0.000000 1.000E+00 1.000E+00
   1  711650  1     6.440E+02 0.000E+00 1.000E+00 0.000E+00 0.000E+00 0.000E+00
   1      0.000E+00 0.000E+00 0.000E+00 1.657E+00   0.000000 1.000E+00 1.000E+00
   1  711660  1     1.590E+02 0.000E+00 1.000E+00 0.000E+00 0.000E+00 0.000E+00
   1      0.000E+00 0.000E+00 0.000E+00 2.483E+00   0.000000 1.000E+00 1.000E+00
   1  711661  1     8.500E+01 0.000E+00 5.800E-01 0.000E+00 0.000E+00 4.200E-01
   1      0.000E+00 0.000E+00 0.000E+00 9.170E-01   0.000000 1.000E+00 1.000E+00
   1  711662  1     1.270E+02 0.000E+00 1.000E+00 0.000E+00 0.000E+00 0.000E+00
   1      0.000E+00 0.000E+00 0.000E+00 2.579E+00   0.000000 1.000E+00 1.000E+00
   1  711670  1     3.090E+03 0.000E+00 1.000E+00 0.000E+00 0.000E+00 0.000E+00
   1      0.000E+00 0.000E+00 0.000E+00 1.947E+00   0.000000 1.000E+00 1.000E+00
   1  711671  1     6.000E+01 0.000E+00 5.000E-01 0.000E+00 0.000E+00 5.000E-01
   1      0.000E+00 0.000E+00 0.000E+00 1.031E+00   0.000000 1.000E+00 1.000E+00
   1  711680  1     3.300E+02 0.000E+00 1.000E+00 0.000E+00 0.000E+00 0.000E+00
   1      0.000E+00 0.000E+00 0.000E+00 4.671E+00   0.000000 1.000E+00 1.000E+00
   1  711681  1     4.020E+02 0.000E+00 1.000E+00 0.000E+00 0.000E+00 0.000E+00
   1      0.000E+00 0.000E+00 0.000E+00 2.446E+00   0.000000 1.000E+00 1.000E+00
   1  711690  1     1.226E+05 0.000E+00 1.000E+00 0.000E+00 0.000E+00 0.000E+00
   1      0.000E+00 0.000E+00 0.000E+00 1.255E+00   0.000000 1.000E+00 1.000E+00
   1  711691  1     1.600E+02 0.000E+00 0.000E+00 0.000E+00 0.000E+00 1.000E+00
   1      0.000E+00 0.000E+00 0.000E+00 2.322E-02   0.000000 1.000E+00 1.000E+00
   1  711700  1     1.730E+05 0.000E+00 1.000E+00 0.000E+00 0.000E+00 0.000E+00
   1      0.000E+00 0.000E+00 0.000E+00 2.573E+00   0.000000 1.000E+00 1.000E+00
   1  711701  1     6.700E-01 0.000E+00 0.000E+00 0.000E+00 0.000E+00 1.000E+00
   1      0.000E+00 0.000E+00 0.000E+00 7.980E-02   0.000000 1.000E+00 1.000E+00
   1  711710  1     7.128E+05 0.000E+00 1.000E+00 0.000E+00 0.000E+00 0.000E+00
   1      0.000E+00 0.000E+00 0.000E+00 7.296E-01   0.000000 1.000E+00 1.000E+00
   1  711711  1     7.800E+01 0.000E+00 0.000E+00 0.000E+00 0.000E+00 1.000E+00
   1      0.000E+00 0.000E+00 0.000E+00 7.122E-02   0.000000 1.000E+00 1.000E+00
   1  711720  1     5.789E+05 0.000E+00 1.000E+00 0.000E+00 0.000E+00 0.000E+00
   1      0.000E+00 0.000E+00 0.000E+00 2.067E+00   0.000000 1.000E+00 1.000E+00
   1  711721  1     2.220E+02 0.000E+00 0.000E+00 0.000E+00 0.000E+00 1.000E+00
   1      0.000E+00 0.000E+00 0.000E+00 4.187E-02   0.000000 1.000E+00 1.000E+00
   1  711730  1     4.216E+07 0.000E+00 1.000E+00 0.000E+00 0.000E+00 0.000E+00
   1      0.000E+00 0.000E+00 0.000E+00 2.163E-01   0.000000 1.000E+00 1.000E+00
   1  711740  1     1.123E+08 0.000E+00 1.000E+00 0.000E+00 0.000E+00 0.000E+00
   1      0.000E+00 0.000E+00 0.000E+00 1.615E-01   0.000000 1.000E+00 1.000E+00
   1  711741  1     1.227E+07 0.000E+00 5.800E-03 0.000E+00 0.000E+00 9.942E-01
   1      0.000E+00 0.000E+00 0.000E+00 1.785E-01   0.000000 1.000E+00 1.000E+00
   1  711750  6     0.000E+00 0.000E+00 0.000E+00 0.000E+00 0.000E+00 0.000E+00
   1      0.000E+00 0.000E+00 0.000E+00 0.000E+00  97.410000 1.000E+00 1.000E+00
   1  711760  1     1.262E+18 0.000E+00 0.000E+00 0.000E+00 0.000E+00 0.000E+00
   1      1.000E+00 0.000E+00 0.000E+00 7.782E-01   2.590000 1.000E+00 1.000E+00
   1  711761  1     1.309E+04 0.000E+00 9.500E-04 0.000E+00 0.000E+00 0.000E+00
   1      9.990E-01 0.000E+00 0.000E+00 4.805E-01   0.000000 1.000E+00 1.000E+00
   1  711770  1     5.743E+05 0.000E+00 0.000E+00 0.000E+00 0.000E+00 0.000E+00
   1      1.000E+00 0.000E+00 0.000E+00 1.808E-01   0.000000 1.000E+00 1.000E+00
   1  711771  1     1.385E+07 1.000E+00 0.000E+00 0.000E+00 0.000E+00 2.260E-01
   1      7.740E-01 0.000E+00 0.000E+00 2.498E-01   0.000000 1.000E+00 1.000E+00
   1  711772  1     4.200E+02 1.000E+00 0.000E+00 0.000E+00 0.000E+00 0.000E+00
   1      5.000E-01 5.000E-01 0.000E+00 2.018E+00   0.000000 1.000E+00 1.000E+00
   1  711780  1     1.704E+03 0.000E+00 0.000E+00 0.000E+00 0.000E+00 0.000E+00
   1      1.000E+00 0.000E+00 0.000E+00 8.787E-01   0.000000 1.000E+00 1.000E+00
   1  711781  1     1.386E+03 0.000E+00 0.000E+00 0.000E+00 0.000E+00 0.000E+00
   1      1.000E+00 0.000E+00 0.000E+00 1.542E+00   0.000000 1.000E+00 1.000E+00
   1  711790  1     1.652E+04 0.000E+00 0.000E+00 0.000E+00 0.000E+00 0.000E+00
   1      1.000E+00 0.000E+00 0.000E+00 5.156E-01   0.000000 1.000E+00 1.000E+00
   1  711800  1     3.420E+02 0.000E+00 0.000E+00 0.000E+00 0.000E+00 0.000E+00
   1      1.000E+00 0.000E+00 0.000E+00 2.044E+00   0.000000 1.000E+00 1.000E+00
   1  711801  1     1.000E+00 0.000E+00 0.000E+00 0.000E+00 0.000E+00 5.000E-01
   1      5.000E-01 0.000E+00 0.000E+00 1.044E+00   0.000000 1.000E+00 1.000E+00
   1  711810  1     2.100E+02 0.000E+00 0.000E+00 0.000E+00 0.000E+00 0.000E+00
   1      1.000E+00 0.000E+00 0.000E+00 6.490E-01   0.000000 1.000E+00 1.000E+00
   1  711820  1     1.200E+02 0.000E+00 0.000E+00 0.000E+00 0.000E+00 0.000E+00
   1      1.000E+00 0.000E+00 0.000E+00 2.219E+00   0.000000 1.000E+00 1.000E+00
   1  711830  1     5.800E+01 0.000E+00 0.000E+00 0.000E+00 0.000E+00 0.000E+00
   1      1.000E+00 0.000E+00 0.000E+00 1.774E+00   0.000000 1.000E+00 1.000E+00
   1  711840  1     2.000E+01 5.000E-01 0.000E+00 0.000E+00 0.000E+00 0.000E+00
   1      1.000E+00 0.000E+00 0.000E+00 2.969E+00   0.000000 1.000E+00 1.000E+00
   1  721630  1     4.000E+01 0.000E+00 1.000E+00 0.000E+00 0.000E+00 0.000E+00
   1      0.000E+00 0.000E+00 0.000E+00 1.040E+00   0.000000 1.000E+00 1.000E+00
   1  721640  1     1.110E+02 0.000E+00 1.000E+00 0.000E+00 0.000E+00 0.000E+00
   1      0.000E+00 0.000E+00 0.000E+00 1.880E+00   0.000000 1.000E+00 1.000E+00
   1  721650  1     1.020E+02 0.000E+00 1.000E+00 0.000E+00 0.000E+00 0.000E+00
   1      0.000E+00 0.000E+00 0.000E+00 1.968E+00   0.000000 1.000E+00 1.000E+00
   1  721660  1     4.060E+02 0.000E+00 1.000E+00 0.000E+00 0.000E+00 0.000E+00
   1      0.000E+00 0.000E+00 0.000E+00 3.452E-01   0.000000 1.000E+00 1.000E+00
   1  721670  1     1.230E+02 0.000E+00 1.000E+00 0.000E+00 0.000E+00 0.000E+00
   1      0.000E+00 0.000E+00 0.000E+00 1.270E+00   0.000000 1.000E+00 1.000E+00
   1  721680  1     1.557E+03 0.000E+00 1.000E+00 1.000E+00 0.000E+00 0.000E+00
   1      0.000E+00 0.000E+00 0.000E+00 9.860E-01   0.000000 1.000E+00 1.000E+00
   1  721690  1     1.944E+02 0.000E+00 1.000E+00 0.000E+00 0.000E+00 0.000E+00
   1      0.000E+00 0.000E+00 0.000E+00 1.600E+00   0.000000 1.000E+00 1.000E+00
   1  721700  1     5.760E+04 0.000E+00 1.000E+00 0.000E+00 0.000E+00 0.000E+00
   1      0.000E+00 0.000E+00 0.000E+00 5.629E-01   0.000000 1.000E+00 1.000E+00
   1  721710  1     4.360E+04 0.000E+00 1.000E+00 0.000E+00 0.000E+00 0.000E+00
   1      0.000E+00 0.000E+00 0.000E+00 2.140E+00   0.000000 1.000E+00 1.000E+00
   1  721711  1     2.950E+01 0.000E+00 0.000E+00 0.000E+00 0.000E+00 1.000E+00
   1      0.000E+00 0.000E+00 0.000E+00 2.193E-02   0.000000 1.000E+00 1.000E+00
   1  721720  1     5.901E+07 0.000E+00 1.000E+00 1.000E+00 0.000E+00 0.000E+00
   1      0.000E+00 0.000E+00 0.000E+00 1.780E-01   0.000000 1.000E+00 1.000E+00
   1  721730  1     8.604E+04 0.000E+00 1.000E+00 0.000E+00 0.000E+00 0.000E+00
   1      0.000E+00 0.000E+00 0.000E+00 4.487E-01   0.000000 1.000E+00 1.000E+00
   1  721740  1     6.312E+22 0.000E+00 0.000E+00 0.000E+00 1.000E+00 0.000E+00
   1      0.000E+00 0.000E+00 0.000E+00 2.504E+00   0.162000 1.000E+00 1.000E+00
   1  721750  1     6.048E+06 0.000E+00 1.000E+00 0.000E+00 0.000E+00 0.000E+00
   1      0.000E+00 0.000E+00 0.000E+00 4.085E-01   0.000000 1.000E+00 1.000E+00
   1  721760  6     0.000E+00 0.000E+00 0.000E+00 0.000E+00 0.000E+00 0.000E+00
   1      0.000E+00 0.000E+00 0.000E+00 0.000E+00   5.206000 1.000E+00 1.000E+00
   1  721770  6     0.000E+00 0.000E+00 0.000E+00 0.000E+00 0.000E+00 0.000E+00
   1      0.000E+00 0.000E+00 0.000E+00 0.000E+00  18.606000 1.000E+00 1.000E+00
   1  721771  1     1.080E+00 0.000E+00 0.000E+00 0.000E+00 0.000E+00 1.000E+00
   1      0.000E+00 0.000E+00 0.000E+00 1.309E+00   0.000000 1.000E+00 1.000E+00
   1  721772  1     3.084E+03 0.000E+00 0.000E+00 0.000E+00 0.000E+00 0.000E+00
   1      0.000E+00 1.000E+00 0.000E+00 1.429E+00   0.000000 1.000E+00 1.000E+00
   1  721780  6     0.000E+00 0.000E+00 0.000E+00 0.000E+00 0.000E+00 0.000E+00
   1      0.000E+00 0.000E+00 0.000E+00 0.000E+00  27.297000 1.000E+00 1.000E+00
   1  721781  1     4.000E+00 0.000E+00 0.000E+00 0.000E+00 0.000E+00 1.000E+00
   1      0.000E+00 0.000E+00 0.000E+00 1.147E+00   0.000000 1.000E+00 1.000E+00
   1  721782  1     9.783E+08 0.000E+00 0.000E+00 0.000E+00 0.000E+00 0.000E+00
   1      0.000E+00 1.000E+00 0.000E+00 1.297E+00   0.000000 1.000E+00 1.000E+00
   1  721790  6     0.000E+00 0.000E+00 0.000E+00 0.000E+00 0.000E+00 0.000E+00
   1      0.000E+00 0.000E+00 0.000E+00 0.000E+00  13.629000 1.000E+00 1.000E+00
   1  721791  1     1.867E+01 0.000E+00 0.000E+00 0.000E+00 0.000E+00 1.000E+00
   1      0.000E+00 0.000E+00 0.000E+00 3.748E-01   0.000000 1.000E+00 1.000E+00
   1  721792  1     2.169E+06 0.000E+00 0.000E+00 0.000E+00 0.000E+00 1.000E+00
   1      0.000E+00 0.000E+00 0.000E+00 1.105E+00   0.000000 1.000E+00 1.000E+00
   1  721800  6     0.000E+00 0.000E+00 0.000E+00 0.000E+00 0.000E+00 0.000E+00
   1      0.000E+00 0.000E+00 0.000E+00 0.000E+00  35.100000 1.000E+00 1.000E+00
   1  721801  1     1.980E+04 1.000E+00 0.000E+00 0.000E+00 0.000E+00 9.969E-01
   1      3.100E-03 0.000E+00 0.000E+00 1.141E+00   0.000000 1.000E+00 1.000E+00
   1  721810  1     3.662E+06 0.000E+00 0.000E+00 0.000E+00 0.000E+00 0.000E+00
   1      1.000E+00 0.000E+00 0.000E+00 7.349E-01   0.000000 1.000E+00 1.000E+00
   1  721820  1     2.840E+14 0.000E+00 0.000E+00 0.000E+00 0.000E+00 0.000E+00
   1      1.000E+00 0.000E+00 0.000E+00 2.715E-01   0.000000 1.000E+00 1.000E+00
   1  721821  1     3.690E+03 3.935E-01 0.000E+00 0.000E+00 0.000E+00 4.200E-01
   1      5.800E-01 0.000E+00 0.000E+00 1.126E+00   0.000000 1.000E+00 1.000E+00
   1  721830  1     3.841E+03 0.000E+00 0.000E+00 0.000E+00 0.000E+00 0.000E+00
   1      1.000E+00 0.000E+00 0.000E+00 1.182E+00   0.000000 1.000E+00 1.000E+00
   1  721840  1     1.483E+04 0.000E+00 0.000E+00 0.000E+00 0.000E+00 0.000E+00
   1      1.000E+00 0.000E+00 0.000E+00 6.992E-01   0.000000 1.000E+00 1.000E+00
   1  721841  1     4.800E+01 0.000E+00 0.000E+00 0.000E+00 0.000E+00 0.000E+00
   1      1.000E+00 0.000E+00 0.000E+00 1.742E+00   0.000000 1.000E+00 1.000E+00
   1  721850  1     2.100E+02 0.000E+00 0.000E+00 0.000E+00 0.000E+00 0.000E+00
   1      1.000E+00 0.000E+00 0.000E+00 2.024E+00   0.000000 1.000E+00 1.000E+00
   1  721860  1     1.560E+02 0.000E+00 0.000E+00 0.000E+00 0.000E+00 0.000E+00
   1      1.000E+00 0.000E+00 0.000E+00 1.453E+00   0.000000 1.000E+00 1.000E+00
   1  721870  1     3.000E+01 0.000E+00 0.000E+00 0.000E+00 0.000E+00 0.000E+00
   1      1.000E+00 0.000E+00 0.000E+00 2.527E+00   0.000000 1.000E+00 1.000E+00
   1  731700  1     4.056E+02 0.000E+00 1.000E+00 0.000E+00 0.000E+00 0.000E+00
   1      0.000E+00 0.000E+00 0.000E+00 2.654E+00   0.000000 1.000E+00 1.000E+00
   1  731710  1     1.398E+03 0.000E+00 1.000E+00 0.000E+00 0.000E+00 0.000E+00
   1      0.000E+00 0.000E+00 0.000E+00 2.030E+00   0.000000 1.000E+00 1.000E+00
   1  731720  1     2.208E+03 0.000E+00 1.000E+00 0.000E+00 0.000E+00 0.000E+00
   1      0.000E+00 0.000E+00 0.000E+00 2.156E+00   0.000000 1.000E+00 1.000E+00
   1  731730  1     1.130E+04 0.000E+00 1.000E+00 0.000E+00 0.000E+00 0.000E+00
   1      0.000E+00 0.000E+00 0.000E+00 5.340E-01   0.000000 1.000E+00 1.000E+00
   1  731740  1     4.104E+03 0.000E+00 1.000E+00 0.000E+00 0.000E+00 0.000E+00
   1      0.000E+00 0.000E+00 0.000E+00 1.199E+00   0.000000 1.000E+00 1.000E+00
   1  731750  1     3.780E+04 0.000E+00 1.000E+00 0.000E+00 0.000E+00 0.000E+00
   1      0.000E+00 0.000E+00 0.000E+00 8.895E-01   0.000000 1.000E+00 1.000E+00
   1  731760  1     2.912E+04 0.000E+00 1.000E+00 0.000E+00 0.000E+00 0.000E+00
   1      0.000E+00 0.000E+00 0.000E+00 2.169E+00   0.000000 1.000E+00 1.000E+00
   1  731770  1     2.030E+05 0.000E+00 1.000E+00 0.000E+00 0.000E+00 0.000E+00
   1      0.000E+00 0.000E+00 0.000E+00 9.048E-02   0.000000 1.000E+00 1.000E+00
   1  731780  1     5.574E+02 0.000E+00 1.000E+00 0.000E+00 0.000E+00 0.000E+00
   1      0.000E+00 0.000E+00 0.000E+00 1.463E-01   0.000000 1.000E+00 1.000E+00
   1  731781  1     8.500E+03 0.000E+00 1.000E+00 0.000E+00 0.000E+00 0.000E+00
   1      0.000E+00 0.000E+00 0.000E+00 1.307E+00   0.000000 1.000E+00 1.000E+00
   1  731790  1     5.080E+07 0.000E+00 1.000E+00 0.000E+00 0.000E+00 0.000E+00
   1      0.000E+00 0.000E+00 0.000E+00 3.664E-02   0.000000 1.000E+00 1.000E+00
   1  731800  1     2.909E+04 0.000E+00 8.190E-01 0.000E+00 0.000E+00 0.000E+00
   1      1.810E-01 0.000E+00 0.000E+00 1.100E-01   0.000000 1.000E+00 1.000E+00
   1  731801  1     5.680E+22 0.000E+00 8.000E-01 0.000E+00 0.000E+00 0.000E+00
   1      2.000E-01 0.000E+00 0.000E+00 6.884E-01   0.012000 1.000E+00 1.000E+00
   1  731810  6     0.000E+00 0.000E+00 0.000E+00 0.000E+00 0.000E+00 0.000E+00
   1      0.000E+00 0.000E+00 0.000E+00 0.000E+00  99.988000 1.000E+00 1.000E+00
   1  731820  1     9.910E+06 0.000E+00 0.000E+00 0.000E+00 0.000E+00 0.000E+00
   1      1.000E+00 0.000E+00 0.000E+00 1.500E+00   0.000000 1.000E+00 1.000E+00
   1  731821  1     2.830E-01 0.000E+00 0.000E+00 0.000E+00 0.000E+00 1.000E+00
   1      0.000E+00 0.000E+00 0.000E+00 1.624E-02   0.000000 1.000E+00 1.000E+00
   1  731822  1     9.504E+02 0.000E+00 0.000E+00 0.000E+00 0.000E+00 0.000E+00
   1      0.000E+00 1.000E+00 0.000E+00 4.990E-01   0.000000 1.000E+00 1.000E+00
   1  731830  1     4.398E+05 3.400E-02 0.000E+00 0.000E+00 0.000E+00 0.000E+00
   1      1.000E+00 0.000E+00 0.000E+00 6.360E-01   0.000000 1.000E+00 1.000E+00
   1  731840  1     3.132E+04 0.000E+00 0.000E+00 0.000E+00 0.000E+00 0.000E+00
   1      1.000E+00 0.000E+00 0.000E+00 2.137E+00   0.000000 1.000E+00 1.000E+00
   1  731850  1     2.940E+03 0.000E+00 0.000E+00 0.000E+00 0.000E+00 0.000E+00
   1      1.000E+00 0.000E+00 0.000E+00 8.715E-01   0.000000 1.000E+00 1.000E+00
   1  731860  1     6.300E+02 0.000E+00 0.000E+00 0.000E+00 0.000E+00 0.000E+00
   1      1.000E+00 0.000E+00 0.000E+00 2.426E+00   0.000000 1.000E+00 1.000E+00
   1  731870  1     1.200E+02 0.000E+00 0.000E+00 0.000E+00 0.000E+00 0.000E+00
   1      1.000E+00 0.000E+00 0.000E+00 2.090E+00   0.000000 1.000E+00 1.000E+00
   1  731880  1     2.000E+01 0.000E+00 0.000E+00 0.000E+00 0.000E+00 0.000E+00
   1      1.000E+00 0.000E+00 0.000E+00 3.238E+00   0.000000 1.000E+00 1.000E+00
   1  731890  1     3.000E+00 0.000E+00 0.000E+00 0.000E+00 0.000E+00 0.000E+00
   1      1.000E+00 0.000E+00 0.000E+00 2.433E+00   0.000000 1.000E+00 1.000E+00
   1  731900  1     3.000E-01 0.000E+00 0.000E+00 0.000E+00 0.000E+00 0.000E+00
   1      1.000E+00 0.000E+00 0.000E+00 3.760E+00   0.000000 1.000E+00 1.000E+00
   1  741710  1     1.428E+02 0.000E+00 1.000E+00 0.000E+00 0.000E+00 0.000E+00
   1      0.000E+00 0.000E+00 0.000E+00 3.089E+00   0.000000 1.000E+00 1.000E+00
   1  741720  1     4.000E+02 0.000E+00 1.000E+00 0.000E+00 0.000E+00 0.000E+00
   1      0.000E+00 0.000E+00 0.000E+00 9.060E-01   0.000000 1.000E+00 1.000E+00
   1  741730  1     4.560E+02 0.000E+00 1.000E+00 0.000E+00 0.000E+00 0.000E+00
   1      0.000E+00 0.000E+00 0.000E+00 2.447E+00   0.000000 1.000E+00 1.000E+00
   1  741740  1     1.760E+03 0.000E+00 1.000E+00 0.000E+00 0.000E+00 0.000E+00
   1      0.000E+00 0.000E+00 0.000E+00 1.133E+00   0.000000 1.000E+00 1.000E+00
   1  741750  1     2.112E+03 0.000E+00 1.000E+00 0.000E+00 0.000E+00 0.000E+00
   1      0.000E+00 0.000E+00 0.000E+00 1.851E+00   0.000000 1.000E+00 1.000E+00
   1  741760  1     9.000E+03 0.000E+00 1.000E+00 0.000E+00 0.000E+00 0.000E+00
   1      0.000E+00 0.000E+00 0.000E+00 2.288E-01   0.000000 1.000E+00 1.000E+00
   1  741770  1     7.920E+03 0.000E+00 1.000E+00 0.000E+00 0.000E+00 0.000E+00
   1      0.000E+00 0.000E+00 0.000E+00 8.972E-01   0.000000 1.000E+00 1.000E+00
   1  741780  1     1.866E+06 0.000E+00 1.000E+00 0.000E+00 0.000E+00 0.000E+00
   1      0.000E+00 0.000E+00 0.000E+00 2.616E-02   0.000000 1.000E+00 1.000E+00
   1  741790  1     2.223E+03 0.000E+00 1.000E+00 0.000E+00 0.000E+00 0.000E+00
   1      0.000E+00 0.000E+00 0.000E+00 6.693E-02   0.000000 1.000E+00 1.000E+00
   1  741791  1     3.840E+02 0.000E+00 2.800E-03 0.000E+00 0.000E+00 9.972E-01
   1      0.000E+00 0.000E+00 0.000E+00 1.789E-01   0.000000 1.000E+00 1.000E+00
   1  741800  6     0.000E+00 0.000E+00 0.000E+00 0.000E+00 0.000E+00 0.000E+00
   1      0.000E+00 0.000E+00 0.000E+00 0.000E+00   0.120000 1.000E+00 1.000E+00
   1  741810  1     1.045E+07 0.000E+00 1.000E+00 0.000E+00 0.000E+00 0.000E+00
   1      0.000E+00 0.000E+00 0.000E+00 5.389E-02   0.000000 1.000E+00 1.000E+00
   1  741820  6     0.000E+00 0.000E+00 0.000E+00 0.000E+00 0.000E+00 0.000E+00
   1      0.000E+00 0.000E+00 0.000E+00 0.000E+00  26.498000 1.000E+00 1.000E+00
   1  741830  1     3.471E+24 0.000E+00 0.000E+00 0.000E+00 3.340E-01 0.000E+00
   1      0.000E+00 0.000E+00 0.000E+00 1.187E+00  14.314000 1.000E+00 1.000E+00
   1  741831  1     5.250E+00 0.000E+00 0.000E+00 0.000E+00 0.000E+00 1.000E+00
   1      0.000E+00 0.000E+00 0.000E+00 3.094E-01   0.000000 1.000E+00 1.000E+00
   1  741840  1     1.262E+25 0.000E+00 0.000E+00 0.000E+00 1.000E+00 0.000E+00
   1      0.000E+00 0.000E+00 0.000E+00 1.656E+00  30.642000 1.000E+00 1.000E+00
   1  741850  1     6.489E+06 0.000E+00 0.000E+00 0.000E+00 0.000E+00 0.000E+00
   1      1.000E+00 0.000E+00 0.000E+00 1.269E-01   0.000000 1.000E+00 1.000E+00
   1  741851  1     1.000E+02 0.000E+00 0.000E+00 0.000E+00 0.000E+00 1.000E+00
   1      0.000E+00 0.000E+00 0.000E+00 1.977E-01   0.000000 1.000E+00 1.000E+00
   1  741860  1     1.862E+25 0.000E+00 0.000E+00 0.000E+00 5.000E-01 0.000E+00
   1      0.000E+00 0.000E+00 0.000E+00 8.073E-01  28.426000 1.000E+00 1.000E+00    1 5.000E-01 1.100E+00 1.000E+00
   1  741870  1     8.586E+04 0.000E+00 0.000E+00 0.000E+00 0.000E+00 0.000E+00
   1      1.000E+00 0.000E+00 0.000E+00 7.434E-01   0.000000 1.000E+00 1.000E+00
   1  741880  1     6.029E+06 0.000E+00 0.000E+00 0.000E+00 0.000E+00 0.000E+00
   1      1.000E+00 0.000E+00 0.000E+00 1.015E-01   0.000000 1.000E+00 1.000E+00
   1  741890  1     6.900E+02 0.000E+00 0.000E+00 0.000E+00 0.000E+00 0.000E+00
   1      1.000E+00 0.000E+00 0.000E+00 2.063E+00   0.000000 1.000E+00 1.000E+00
   1  741900  1     1.800E+03 0.000E+00 0.000E+00 0.000E+00 0.000E+00 0.000E+00
   1      1.000E+00 0.000E+00 0.000E+00 6.168E-01   0.000000 1.000E+00 1.000E+00
   1  741910  1     2.000E+01 0.000E+00 0.000E+00 0.000E+00 0.000E+00 0.000E+00
   1      1.000E+00 0.000E+00 0.000E+00 2.159E+00   0.000000 1.000E+00 1.000E+00
   1  741920  1     1.000E+01 0.000E+00 0.000E+00 0.000E+00 0.000E+00 0.000E+00
   1      1.000E+00 0.000E+00 0.000E+00 1.373E+00   0.000000 1.000E+00 1.000E+00
   1  741930  1     1.020E+02 0.000E+00 0.000E+00 0.000E+00 0.000E+00 0.000E+00
   1      1.000E+00 0.000E+00 0.000E+00 2.374E+00   0.000000 1.000E+00 1.000E+00
   1  741940  1     2.443E+01 0.000E+00 0.000E+00 0.000E+00 0.000E+00 0.000E+00
   1      1.000E+00 0.000E+00 0.000E+00 2.040E+00   0.000000 1.000E+00 1.000E+00
   1  751740  1     1.380E+02 0.000E+00 1.000E+00 0.000E+00 0.000E+00 0.000E+00
   1      0.000E+00 0.000E+00 0.000E+00 2.667E+00   0.000000 1.000E+00 1.000E+00
   1  751750  1     3.534E+02 0.000E+00 1.000E+00 0.000E+00 0.000E+00 0.000E+00
   1      0.000E+00 0.000E+00 0.000E+00 2.897E+00   0.000000 1.000E+00 1.000E+00
   1  751760  1     3.180E+02 0.000E+00 1.000E+00 0.000E+00 0.000E+00 0.000E+00
   1      0.000E+00 0.000E+00 0.000E+00 2.139E+00   0.000000 1.000E+00 1.000E+00
   1  751770  1     8.400E+02 0.000E+00 1.000E+00 0.000E+00 0.000E+00 0.000E+00
   1      0.000E+00 0.000E+00 0.000E+00 8.843E-01   0.000000 1.000E+00 1.000E+00
   1  751780  1     7.920E+02 0.000E+00 1.000E+00 0.000E+00 0.000E+00 0.000E+00
   1      0.000E+00 0.000E+00 0.000E+00 1.788E+00   0.000000 1.000E+00 1.000E+00
   1  751790  1     1.170E+03 0.000E+00 1.000E+00 0.000E+00 0.000E+00 0.000E+00
   1      0.000E+00 0.000E+00 0.000E+00 1.130E+00   0.000000 1.000E+00 1.000E+00
   1  751800  1     1.464E+02 0.000E+00 1.000E+00 0.000E+00 0.000E+00 0.000E+00
   1      0.000E+00 0.000E+00 0.000E+00 1.281E+00   0.000000 1.000E+00 1.000E+00
   1  751810  1     7.164E+04 0.000E+00 1.000E+00 0.000E+00 0.000E+00 0.000E+00
   1      0.000E+00 0.000E+00 0.000E+00 9.143E-01   0.000000 1.000E+00 1.000E+00
   1  751820  1     2.304E+05 0.000E+00 1.000E+00 0.000E+00 0.000E+00 0.000E+00
   1      0.000E+00 0.000E+00 0.000E+00 1.985E+00   0.000000 1.000E+00 1.000E+00
   1  751821  1     4.572E+04 0.000E+00 1.000E+00 0.000E+00 0.000E+00 0.000E+00
   1      0.000E+00 0.000E+00 0.000E+00 1.288E+00   0.000000 1.000E+00 1.000E+00
   1  751830  1     6.048E+06 0.000E+00 1.000E+00 4.156E-03 0.000E+00 0.000E+00
   1      0.000E+00 0.000E+00 0.000E+00 2.500E-01   0.000000 1.000E+00 1.000E+00
   1  751840  1     3.275E+06 0.000E+00 1.000E+00 0.000E+00 0.000E+00 0.000E+00
   1      0.000E+00 0.000E+00 0.000E+00 9.604E-01   0.000000 1.000E+00 1.000E+00
   1  751841  1     1.452E+07 0.000E+00 2.520E-01 0.000E+00 0.000E+00 7.480E-01
   1      0.000E+00 0.000E+00 0.000E+00 5.306E-01   0.000000 1.000E+00 1.000E+00
   1  751850  6     0.000E+00 0.000E+00 0.000E+00 0.000E+00 0.000E+00 0.000E+00
   1      0.000E+00 0.000E+00 0.000E+00 0.000E+00  37.400000 1.000E+00 1.000E+00
   1  751860  1     3.262E+05 0.000E+00 6.900E-02 0.000E+00 0.000E+00 0.000E+00
   1      9.310E-01 0.000E+00 0.000E+00 3.576E-01   0.000000 1.000E+00 1.000E+00
   1  751861  1     6.300E+12 0.000E+00 0.000E+00 0.000E+00 0.000E+00 1.000E+00
   1      0.000E+00 0.000E+00 0.000E+00 1.282E-01   0.000000 1.000E+00 1.000E+00
   1  751870  1     1.373E+18 0.000E+00 0.000E+00 0.000E+00 0.000E+00 0.000E+00
   1      1.000E+00 0.000E+00 0.000E+00 6.600E-04  62.600000 1.000E+00 1.000E+00
   1  751880  1     6.113E+04 0.000E+00 0.000E+00 0.000E+00 0.000E+00 0.000E+00
   1      1.000E+00 0.000E+00 0.000E+00 8.381E-01   0.000000 1.000E+00 1.000E+00
   1  751881  1     1.116E+03 0.000E+00 0.000E+00 0.000E+00 0.000E+00 1.000E+00
   1      0.000E+00 0.000E+00 0.000E+00 1.560E-01   0.000000 1.000E+00 1.000E+00
   1  751890  1     8.748E+04 1.028E-01 0.000E+00 0.000E+00 0.000E+00 0.000E+00
   1      1.000E+00 0.000E+00 0.000E+00 3.865E-01   0.000000 1.000E+00 1.000E+00
   1  751900  1     1.860E+02 0.000E+00 0.000E+00 0.000E+00 0.000E+00 0.000E+00
   1      1.000E+00 0.000E+00 0.000E+00 2.038E+00   0.000000 1.000E+00 1.000E+00
   1  751901  1     1.150E+04 0.000E+00 0.000E+00 0.000E+00 0.000E+00 4.550E-01
   1      5.450E-01 0.000E+00 0.000E+00 1.217E+00   0.000000 1.000E+00 1.000E+00
   1  751910  1     5.820E+02 0.000E+00 0.000E+00 0.000E+00 0.000E+00 0.000E+00
   1      1.000E+00 0.000E+00 0.000E+00 7.292E-01   0.000000 1.000E+00 1.000E+00
   1  751920  1     6.200E+00 0.000E+00 0.000E+00 0.000E+00 0.000E+00 0.000E+00
   1      1.000E+00 0.000E+00 0.000E+00 1.797E+00   0.000000 1.000E+00 1.000E+00
   1  751930  1     3.000E+01 0.000E+00 0.000E+00 0.000E+00 0.000E+00 0.000E+00
   1      1.000E+00 0.000E+00 0.000E+00 2.062E+00   0.000000 1.000E+00 1.000E+00
   1  751940  1     2.000E+00 0.000E+00 0.000E+00 0.000E+00 0.000E+00 0.000E+00
   1      1.000E+00 0.000E+00 0.000E+00 3.255E+00   0.000000 1.000E+00 1.000E+00
   1  751950  1     1.020E+01 0.000E+00 0.000E+00 0.000E+00 0.000E+00 0.000E+00
   1      1.000E+00 0.000E+00 0.000E+00 2.380E+00   0.000000 1.000E+00 1.000E+00
   1  751960  1     3.970E+00 0.000E+00 0.000E+00 0.000E+00 0.000E+00 0.000E+00
   1      1.000E+00 0.000E+00 0.000E+00 3.753E+00   0.000000 1.000E+00 1.000E+00
   1  751970  1     4.870E+00 0.000E+00 0.000E+00 0.000E+00 0.000E+00 0.000E+00
   1      1.000E+00 0.000E+00 0.000E+00 2.953E+00   0.000000 1.000E+00 1.000E+00
   1  751980  1     2.280E+00 0.000E+00 0.000E+00 0.000E+00 0.000E+00 0.000E+00
   1      1.000E+00 0.000E+00 0.000E+00 4.253E+00   0.000000 1.000E+00 1.000E+00
   1  761750  1     8.400E+01 0.000E+00 1.000E+00 0.000E+00 0.000E+00 0.000E+00
   1      0.000E+00 0.000E+00 0.000E+00 3.455E+00   0.000000 1.000E+00 1.000E+00
   1  761760  1     1.800E+02 0.000E+00 1.000E+00 0.000E+00 0.000E+00 0.000E+00
   1      0.000E+00 0.000E+00 0.000E+00 1.933E+00   0.000000 1.000E+00 1.000E+00
   1  761770  1     1.800E+02 0.000E+00 1.000E+00 0.000E+00 0.000E+00 0.000E+00
   1      0.000E+00 0.000E+00 0.000E+00 2.879E+00   0.000000 1.000E+00 1.000E+00
   1  761780  1     3.000E+02 0.000E+00 1.000E+00 0.000E+00 0.000E+00 0.000E+00
   1      0.000E+00 0.000E+00 0.000E+00 1.405E+00   0.000000 1.000E+00 1.000E+00
   1  761790  1     3.900E+02 0.000E+00 1.000E+00 0.000E+00 0.000E+00 0.000E+00
   1      0.000E+00 0.000E+00 0.000E+00 2.407E+00   0.000000 1.000E+00 1.000E+00
   1  761800  1     1.290E+03 0.000E+00 1.000E+00 0.000E+00 0.000E+00 0.000E+00
   1      0.000E+00 0.000E+00 0.000E+00 1.606E-01   0.000000 1.000E+00 1.000E+00
   1  761810  1     1.620E+02 0.000E+00 1.000E+00 0.000E+00 0.000E+00 0.000E+00
   1      0.000E+00 0.000E+00 0.000E+00 4.460E-01   0.000000 1.000E+00 1.000E+00
   1  761811  1     6.300E+03 0.000E+00 1.000E+00 0.000E+00 0.000E+00 0.000E+00
   1      0.000E+00 0.000E+00 0.000E+00 1.464E+00   0.000000 1.000E+00 1.000E+00
   1  761820  1     7.956E+04 0.000E+00 1.000E+00 0.000E+00 0.000E+00 0.000E+00
   1      0.000E+00 0.000E+00 0.000E+00 4.792E-01   0.000000 1.000E+00 1.000E+00
   1  761830  1     4.680E+04 0.000E+00 1.000E+00 0.000E+00 0.000E+00 0.000E+00
   1      0.000E+00 0.000E+00 0.000E+00 7.046E-01   0.000000 1.000E+00 1.000E+00
   1  761831  1     3.560E+04 0.000E+00 8.500E-01 0.000E+00 0.000E+00 1.500E-01
   1      0.000E+00 0.000E+00 0.000E+00 1.035E+00   0.000000 1.000E+00 1.000E+00
   1  761840  1     1.767E+21 0.000E+00 0.000E+00 0.000E+00 5.000E-01 0.000E+00
   1      0.000E+00 0.000E+00 0.000E+00 2.207E+00   0.020000 1.000E+00 1.000E+00    1 5.000E-01 2.200E+00 1.000E+00
   1  761850  1     8.104E+06 0.000E+00 1.000E+00 0.000E+00 0.000E+00 0.000E+00
   1      0.000E+00 0.000E+00 0.000E+00 7.374E-01   0.000000 1.000E+00 1.000E+00
   1  761860  1     6.312E+22 0.000E+00 0.000E+00 0.000E+00 1.000E+00 0.000E+00
   1      0.000E+00 0.000E+00 0.000E+00 2.823E+00   1.580000 1.000E+00 1.000E+00
   1  761870  6     0.000E+00 0.000E+00 0.000E+00 0.000E+00 0.000E+00 0.000E+00
   1      0.000E+00 0.000E+00 0.000E+00 0.000E+00   1.600000 1.000E+00 1.000E+00
   1  761880  6     0.000E+00 0.000E+00 0.000E+00 0.000E+00 0.000E+00 0.000E+00
   1      0.000E+00 0.000E+00 0.000E+00 0.000E+00  13.300000 1.000E+00 1.000E+00
   1  761890  6     0.000E+00 0.000E+00 0.000E+00 0.000E+00 0.000E+00 0.000E+00
   1      0.000E+00 0.000E+00 0.000E+00 0.000E+00  16.100000 1.000E+00 1.000E+00
   1  761891  1     1.730E+04 0.000E+00 0.000E+00 0.000E+00 0.000E+00 1.000E+00
   1      0.000E+00 0.000E+00 0.000E+00 2.627E-02   0.000000 1.000E+00 1.000E+00
   1  761900  6     0.000E+00 0.000E+00 0.000E+00 0.000E+00 0.000E+00 0.000E+00
   1      0.000E+00 0.000E+00 0.000E+00 0.000E+00  26.400000 1.000E+00 1.000E+00
   1  761901  1     5.940E+02 0.000E+00 0.000E+00 0.000E+00 0.000E+00 1.000E+00
   1      0.000E+00 0.000E+00 0.000E+00 1.705E+00   0.000000 1.000E+00 1.000E+00
   1  761910  1     1.322E+06 1.000E+00 0.000E+00 0.000E+00 0.000E+00 0.000E+00
   1      1.000E+00 0.000E+00 0.000E+00 3.752E-02   0.000000 1.000E+00 1.000E+00
   1  761911  1     4.716E+04 0.000E+00 0.000E+00 0.000E+00 0.000E+00 1.000E+00
   1      0.000E+00 0.000E+00 0.000E+00 7.438E-02   0.000000 1.000E+00 1.000E+00
   1  761920  6     0.000E+00 0.000E+00 0.000E+00 0.000E+00 0.000E+00 0.000E+00
   1      0.000E+00 0.000E+00 0.000E+00 0.000E+00  41.000000 1.000E+00 1.000E+00
   1  761921  1     5.900E+00 1.000E+00 0.000E+00 0.000E+00 0.000E+00 8.700E-01
   1      1.300E-01 0.000E+00 0.000E+00 1.823E+00   0.000000 1.000E+00 1.000E+00
   1  761930  1     1.084E+05 3.474E-03 0.000E+00 0.000E+00 0.000E+00 0.000E+00
   1      1.000E+00 0.000E+00 0.000E+00 4.466E-01   0.000000 1.000E+00 1.000E+00
   1  761940  1     1.890E+08 0.000E+00 0.000E+00 0.000E+00 0.000E+00 0.000E+00
   1      1.000E+00 0.000E+00 0.000E+00 3.463E-02   0.000000 1.000E+00 1.000E+00
   1  761950  1     3.900E+02 0.000E+00 0.000E+00 0.000E+00 0.000E+00 0.000E+00
   1      1.000E+00 0.000E+00 0.000E+00 8.575E-01   0.000000 1.000E+00 1.000E+00
   1  761960  1     2.094E+03 0.000E+00 0.000E+00 0.000E+00 0.000E+00 0.000E+00
   1      1.000E+00 0.000E+00 0.000E+00 4.496E-01   0.000000 1.000E+00 1.000E+00
   1  761970  1     3.410E+00 0.000E+00 0.000E+00 0.000E+00 0.000E+00 0.000E+00
   1      1.000E+00 0.000E+00 0.000E+00 1.434E+00   0.000000 1.000E+00 1.000E+00
   1  761980  1     3.290E+01 0.000E+00 0.000E+00 0.000E+00 0.000E+00 0.000E+00
   1      1.000E+00 0.000E+00 0.000E+00 7.200E-01   0.000000 1.000E+00 1.000E+00
   1  761990  1     3.660E+01 0.000E+00 0.000E+00 0.000E+00 0.000E+00 0.000E+00
   1      1.000E+00 0.000E+00 0.000E+00 2.286E+00   0.000000 1.000E+00 1.000E+00
   1  762000  1     1.600E+01 0.000E+00 0.000E+00 0.000E+00 0.000E+00 0.000E+00
   1      1.000E+00 0.000E+00 0.000E+00 1.733E+00   0.000000 1.000E+00 1.000E+00
   1  762010  1     9.440E+00 0.000E+00 0.000E+00 0.000E+00 0.000E+00 0.000E+00
   1      1.000E+00 0.000E+00 0.000E+00 2.827E+00   0.000000 1.000E+00 1.000E+00
   1  771780  1     1.200E+01 0.000E+00 1.000E+00 0.000E+00 0.000E+00 0.000E+00
   1      0.000E+00 0.000E+00 0.000E+00 3.813E+00   0.000000 1.000E+00 1.000E+00
   1  771790  1     7.900E+01 0.000E+00 1.000E+00 0.000E+00 0.000E+00 0.000E+00
   1      0.000E+00 0.000E+00 0.000E+00 3.295E+00   0.000000 1.000E+00 1.000E+00
   1  771800  1     9.000E+01 0.000E+00 1.000E+00 0.000E+00 0.000E+00 0.000E+00
   1      0.000E+00 0.000E+00 0.000E+00 3.773E+00   0.000000 1.000E+00 1.000E+00
   1  771810  1     2.940E+02 0.000E+00 1.000E+00 0.000E+00 0.000E+00 0.000E+00
   1      0.000E+00 0.000E+00 0.000E+00 1.743E+00   0.000000 1.000E+00 1.000E+00
   1  771820  1     9.000E+02 0.000E+00 1.000E+00 0.000E+00 0.000E+00 0.000E+00
   1      0.000E+00 0.000E+00 0.000E+00 8.970E-01   0.000000 1.000E+00 1.000E+00
   1  771830  1     3.480E+03 0.000E+00 1.000E+00 6.896E-01 0.000E+00 0.000E+00
   1      0.000E+00 0.000E+00 0.000E+00 1.028E+00   0.000000 1.000E+00 1.000E+00
   1  771840  1     1.087E+04 0.000E+00 1.000E+00 0.000E+00 0.000E+00 0.000E+00
   1      0.000E+00 0.000E+00 0.000E+00 1.949E+00   0.000000 1.000E+00 1.000E+00
   1  771850  1     5.000E+04 0.000E+00 1.000E+00 0.000E+00 0.000E+00 0.000E+00
   1      0.000E+00 0.000E+00 0.000E+00 1.667E+00   0.000000 1.000E+00 1.000E+00
   1  771860  1     5.990E+04 0.000E+00 1.000E+00 0.000E+00 0.000E+00 0.000E+00
   1      0.000E+00 0.000E+00 0.000E+00 1.748E+00   0.000000 1.000E+00 1.000E+00
   1  771861  1     7.200E+03 0.000E+00 1.000E+00 0.000E+00 0.000E+00 0.000E+00
   1      0.000E+00 0.000E+00 0.000E+00 1.550E+00   0.000000 1.000E+00 1.000E+00
   1  771870  1     3.780E+04 0.000E+00 1.000E+00 0.000E+00 0.000E+00 0.000E+00
   1      0.000E+00 0.000E+00 0.000E+00 3.653E-01   0.000000 1.000E+00 1.000E+00
   1  771880  1     1.494E+05 0.000E+00 1.000E+00 0.000E+00 0.000E+00 0.000E+00
   1      0.000E+00 0.000E+00 0.000E+00 2.142E+00   0.000000 1.000E+00 1.000E+00
   1  771890  1     1.140E+06 0.000E+00 1.000E+00 7.487E-02 0.000E+00 0.000E+00
   1      0.000E+00 0.000E+00 0.000E+00 1.192E-01   0.000000 1.000E+00 1.000E+00
   1  771900  1     1.037E+06 0.000E+00 1.000E+00 0.000E+00 0.000E+00 0.000E+00
   1      0.000E+00 0.000E+00 0.000E+00 1.550E+00   0.000000 1.000E+00 1.000E+00
   1  771901  1     4.032E+03 0.000E+00 0.000E+00 0.000E+00 0.000E+00 1.000E+00
   1      0.000E+00 0.000E+00 0.000E+00 2.612E-02   0.000000 1.000E+00 1.000E+00
   1  771902  1     1.111E+04 0.000E+00 9.140E-01 1.000E+00 0.000E+00 8.600E-02
   1      0.000E+00 0.000E+00 0.000E+00 8.775E-02   0.000000 1.000E+00 1.000E+00
   1  771910  6     0.000E+00 0.000E+00 0.000E+00 0.000E+00 0.000E+00 0.000E+00
   1      0.000E+00 0.000E+00 0.000E+00 0.000E+00  37.300000 1.000E+00 1.000E+00
   1  771911  1     4.900E+00 0.000E+00 0.000E+00 0.000E+00 0.000E+00 1.000E+00
   1      0.000E+00 0.000E+00 0.000E+00 1.711E-01   0.000000 1.000E+00 1.000E+00
   1  771912  1     5.500E+00 0.000E+00 0.000E+00 0.000E+00 0.000E+00 0.000E+00
   1      0.000E+00 1.000E+00 0.000E+00 1.914E+00   0.000000 1.000E+00 1.000E+00
   1  771920  1     6.378E+06 0.000E+00 4.800E-02 0.000E+00 0.000E+00 0.000E+00
   1      9.520E-01 0.000E+00 0.000E+00 1.034E+00   0.000000 1.000E+00 1.000E+00
   1  771921  1     8.640E+01 0.000E+00 0.000E+00 0.000E+00 0.000E+00 9.998E-01
   1      1.750E-04 0.000E+00 0.000E+00 5.687E-02   0.000000 1.000E+00 1.000E+00
   1  771922  1     7.605E+09 0.000E+00 0.000E+00 0.000E+00 0.000E+00 1.000E+00
   1      0.000E+00 0.000E+00 0.000E+00 1.681E-01   0.000000 1.000E+00 1.000E+00
   1  771930  6     0.000E+00 0.000E+00 0.000E+00 0.000E+00 0.000E+00 0.000E+00
   1      0.000E+00 0.000E+00 0.000E+00 0.000E+00  62.700000 1.000E+00 1.000E+00
   1  771931  1     9.160E+05 0.000E+00 0.000E+00 0.000E+00 0.000E+00 1.000E+00
   1      0.000E+00 0.000E+00 0.000E+00 7.571E-02   0.000000 1.000E+00 1.000E+00
   1  771940  1     6.948E+04 0.000E+00 0.000E+00 0.000E+00 0.000E+00 0.000E+00
   1      1.000E+00 0.000E+00 0.000E+00 9.013E-01   0.000000 1.000E+00 1.000E+00
   1  771941  1     3.185E-02 0.000E+00 0.000E+00 0.000E+00 0.000E+00 1.000E+00
   1      0.000E+00 0.000E+00 0.000E+00 1.471E-01   0.000000 1.000E+00 1.000E+00
   1  771942  1     1.477E+07 0.000E+00 0.000E+00 0.000E+00 0.000E+00 0.000E+00
   1      1.000E+00 0.000E+00 0.000E+00 2.417E+00   0.000000 1.000E+00 1.000E+00
   1  771950  1     9.000E+03 0.000E+00 0.000E+00 0.000E+00 0.000E+00 0.000E+00
   1      1.000E+00 0.000E+00 0.000E+00 4.367E-01   0.000000 1.000E+00 1.000E+00
   1  771951  1     1.368E+04 4.628E-01 0.000E+00 0.000E+00 0.000E+00 5.000E-02
   1      9.500E-01 0.000E+00 0.000E+00 6.371E-01   0.000000 1.000E+00 1.000E+00
   1  771960  1     5.200E+01 0.000E+00 0.000E+00 0.000E+00 0.000E+00 0.000E+00
   1      1.000E+00 0.000E+00 0.000E+00 1.395E+00   0.000000 1.000E+00 1.000E+00
   1  771961  1     5.040E+03 0.000E+00 0.000E+00 0.000E+00 0.000E+00 0.000E+00
   1      1.000E+00 0.000E+00 0.000E+00 2.920E+00   0.000000 1.000E+00 1.000E+00
   1  771970  1     3.480E+02 0.000E+00 0.000E+00 0.000E+00 0.000E+00 0.000E+00
   1      1.000E+00 0.000E+00 0.000E+00 9.572E-01   0.000000 1.000E+00 1.000E+00
   1  771971  1     5.340E+02 1.000E+00 0.000E+00 0.000E+00 0.000E+00 2.500E-03
   1      9.975E-01 0.000E+00 0.000E+00 6.821E-01   0.000000 1.000E+00 1.000E+00
   1  771980  1     8.000E+00 0.000E+00 0.000E+00 0.000E+00 0.000E+00 0.000E+00
   1      1.000E+00 0.000E+00 0.000E+00 2.153E+00   0.000000 1.000E+00 1.000E+00
   1  771990  1     2.000E+01 0.000E+00 0.000E+00 0.000E+00 0.000E+00 0.000E+00
   1      1.000E+00 0.000E+00 0.000E+00 1.995E+00   0.000000 1.000E+00 1.000E+00
   1  772000  1     5.190E+00 0.000E+00 0.000E+00 0.000E+00 0.000E+00 0.000E+00
   1      1.000E+00 0.000E+00 0.000E+00 2.556E+00   0.000000 1.000E+00 1.000E+00
   1  772010  1     1.850E+01 0.000E+00 0.000E+00 0.000E+00 0.000E+00 0.000E+00
   1      1.000E+00 0.000E+00 0.000E+00 2.513E+00   0.000000 1.000E+00 1.000E+00
   1  772020  1     8.500E+00 0.000E+00 0.000E+00 0.000E+00 0.000E+00 0.000E+00
   1      1.000E+00 0.000E+00 0.000E+00 3.627E+00   0.000000 1.000E+00 1.000E+00
   1  781810  1     5.200E+01 0.000E+00 9.993E-01 0.000E+00 7.400E-04 0.000E+00
   1      0.000E+00 0.000E+00 0.000E+00 3.399E+00   0.000000 1.000E+00 1.000E+00
   1  781820  1     1.560E+02 0.000E+00 9.998E-01 0.000E+00 2.000E-04 0.000E+00
   1      0.000E+00 0.000E+00 0.000E+00 1.835E-01   0.000000 1.000E+00 1.000E+00
   1  781830  1     3.900E+02 0.000E+00 9.999E-01 0.000E+00 9.600E-05 0.000E+00
   1      0.000E+00 0.000E+00 0.000E+00 2.950E+00   0.000000 1.000E+00 1.000E+00
   1  781831  1     4.300E+01 0.000E+00 1.000E+00 0.000E+00 0.000E+00 0.000E+00
   1      0.000E+00 0.000E+00 0.000E+00 1.238E+00   0.000000 1.000E+00 1.000E+00
   1  781840  1     1.038E+03 0.000E+00 1.000E+00 0.000E+00 1.000E-05 0.000E+00
   1      0.000E+00 0.000E+00 0.000E+00 1.816E+00   0.000000 1.000E+00 1.000E+00
   1  781850  1     4.260E+03 0.000E+00 1.000E+00 0.000E+00 0.000E+00 0.000E+00
   1      0.000E+00 0.000E+00 0.000E+00 3.807E+00   0.000000 1.000E+00 1.000E+00
   1  781851  1     1.980E+03 0.000E+00 1.000E+00 0.000E+00 0.000E+00 0.000E+00
   1      0.000E+00 0.000E+00 0.000E+00 3.488E+00   0.000000 1.000E+00 1.000E+00
   1  781860  1     7.488E+03 0.000E+00 1.000E+00 0.000E+00 1.000E-06 0.000E+00
   1      0.000E+00 0.000E+00 0.000E+00 7.118E-01   0.000000 1.000E+00 1.000E+00
   1  781870  1     8.460E+03 0.000E+00 1.000E+00 0.000E+00 0.000E+00 0.000E+00
   1      0.000E+00 0.000E+00 0.000E+00 5.515E-01   0.000000 1.000E+00 1.000E+00
   1  781880  1     8.813E+05 0.000E+00 1.000E+00 0.000E+00 0.000E+00 0.000E+00
   1      0.000E+00 0.000E+00 0.000E+00 2.799E-01   0.000000 1.000E+00 1.000E+00
   1  781890  1     3.913E+04 0.000E+00 1.000E+00 0.000E+00 0.000E+00 0.000E+00
   1      0.000E+00 0.000E+00 0.000E+00 5.604E-01   0.000000 1.000E+00 1.000E+00
   1  781900  1     2.051E+19 0.000E+00 0.000E+00 0.000E+00 1.000E+00 0.000E+00
   1      0.000E+00 0.000E+00 0.000E+00 3.243E+00   0.010000 1.000E+00 1.000E+00
   1  781910  1     2.421E+05 0.000E+00 1.000E+00 1.022E-02 0.000E+00 0.000E+00
   1      0.000E+00 0.000E+00 0.000E+00 3.602E-01   0.000000 1.000E+00 1.000E+00
   1  781920  6     0.000E+00 0.000E+00 0.000E+00 0.000E+00 0.000E+00 0.000E+00
   1      0.000E+00 0.000E+00 0.000E+00 0.000E+00   0.790000 1.000E+00 1.000E+00
   1  781930  1     1.578E+09 0.000E+00 1.000E+00 0.000E+00 0.000E+00 0.000E+00
   1      0.000E+00 0.000E+00 0.000E+00 4.164E-02   0.000000 1.000E+00 1.000E+00
   1  781931  1     3.750E+05 0.000E+00 0.000E+00 0.000E+00 0.000E+00 1.000E+00
   1      0.000E+00 0.000E+00 0.000E+00 1.503E-01   0.000000 1.000E+00 1.000E+00
   1  781940  6     0.000E+00 0.000E+00 0.000E+00 0.000E+00 0.000E+00 0.000E+00
   1      0.000E+00 0.000E+00 0.000E+00 0.000E+00  32.900000 1.000E+00 1.000E+00
   1  781950  6     0.000E+00 0.000E+00 0.000E+00 0.000E+00 0.000E+00 0.000E+00
   1      0.000E+00 0.000E+00 0.000E+00 0.000E+00  33.800000 1.000E+00 1.000E+00
   1  781951  1     3.473E+05 0.000E+00 0.000E+00 0.000E+00 0.000E+00 1.000E+00
   1      0.000E+00 0.000E+00 0.000E+00 2.450E-01   0.000000 1.000E+00 1.000E+00
   1  781960  6     0.000E+00 0.000E+00 0.000E+00 0.000E+00 0.000E+00 0.000E+00
   1      0.000E+00 0.000E+00 0.000E+00 0.000E+00  25.300000 1.000E+00 1.000E+00
   1  781970  1     7.161E+04 0.000E+00 0.000E+00 0.000E+00 0.000E+00 0.000E+00
   1      1.000E+00 0.000E+00 0.000E+00 2.788E-01   0.000000 1.000E+00 1.000E+00
   1  781971  1     5.718E+03 1.000E+00 0.000E+00 0.000E+00 0.000E+00 9.670E-01
   1      3.300E-02 0.000E+00 0.000E+00 3.930E-01   0.000000 1.000E+00 1.000E+00
   1  781980  6     0.000E+00 0.000E+00 0.000E+00 0.000E+00 0.000E+00 0.000E+00
   1      0.000E+00 0.000E+00 0.000E+00 0.000E+00   7.200000 1.000E+00 1.000E+00
   1  781990  1     1.848E+03 0.000E+00 0.000E+00 0.000E+00 0.000E+00 0.000E+00
   1      1.000E+00 0.000E+00 0.000E+00 7.489E-01   0.000000 1.000E+00 1.000E+00
   1  781991  1     1.360E+01 0.000E+00 0.000E+00 0.000E+00 0.000E+00 1.000E+00
   1      0.000E+00 0.000E+00 0.000E+00 4.179E-01   0.000000 1.000E+00 1.000E+00
   1  782000  1     4.500E+04 0.000E+00 0.000E+00 0.000E+00 0.000E+00 0.000E+00
   1      1.000E+00 0.000E+00 0.000E+00 2.862E-01   0.000000 1.000E+00 1.000E+00
   1  782010  1     1.500E+02 0.000E+00 0.000E+00 0.000E+00 0.000E+00 0.000E+00
   1      1.000E+00 0.000E+00 0.000E+00 1.774E+00   0.000000 1.000E+00 1.000E+00
   1  782020  1     1.584E+05 0.000E+00 0.000E+00 0.000E+00 0.000E+00 0.000E+00
   1      1.000E+00 0.000E+00 0.000E+00 6.608E-01   0.000000 1.000E+00 1.000E+00
   1  782030  1     4.110E+01 0.000E+00 0.000E+00 0.000E+00 0.000E+00 0.000E+00
   1      1.000E+00 0.000E+00 0.000E+00 1.860E+00   0.000000 1.000E+00 1.000E+00
   1  791850  1     2.550E+02 0.000E+00 9.974E-01 7.460E-01 2.600E-03 0.000E+00
   1      0.000E+00 0.000E+00 0.000E+00 3.163E+00   0.000000 1.000E+00 1.000E+00
   1  791860  1     6.420E+02 0.000E+00 1.000E+00 0.000E+00 0.000E+00 0.000E+00
   1      0.000E+00 0.000E+00 0.000E+00 2.484E+00   0.000000 1.000E+00 1.000E+00
   1  791870  1     5.040E+02 0.000E+00 9.990E-01 0.000E+00 1.000E-03 0.000E+00
   1      0.000E+00 0.000E+00 0.000E+00 5.877E+00   0.000000 1.000E+00 1.000E+00
   1  791871  1     2.300E+00 0.000E+00 0.000E+00 0.000E+00 0.000E+00 1.000E+00
   1      0.000E+00 0.000E+00 0.000E+00 1.205E-01   0.000000 1.000E+00 1.000E+00
   1  791880  1     5.300E+02 0.000E+00 1.000E+00 0.000E+00 0.000E+00 0.000E+00
   1      0.000E+00 0.000E+00 0.000E+00 2.092E+00   0.000000 1.000E+00 1.000E+00
   1  791890  1     1.722E+03 0.000E+00 1.000E+00 0.000E+00 0.000E+00 0.000E+00
   1      0.000E+00 0.000E+00 0.000E+00 9.200E-01   0.000000 1.000E+00 1.000E+00
   1  791891  1     2.754E+02 0.000E+00 1.000E+00 0.000E+00 0.000E+00 0.000E+00
   1      0.000E+00 0.000E+00 0.000E+00 1.240E+00   0.000000 1.000E+00 1.000E+00
   1  791900  1     2.568E+03 0.000E+00 1.000E+00 0.000E+00 0.000E+00 0.000E+00
   1      0.000E+00 0.000E+00 0.000E+00 2.253E+00   0.000000 1.000E+00 1.000E+00
   1  791910  1     1.145E+04 0.000E+00 1.000E+00 0.000E+00 0.000E+00 0.000E+00
   1      0.000E+00 0.000E+00 0.000E+00 6.300E-01   0.000000 1.000E+00 1.000E+00
   1  791911  1     9.200E-01 0.000E+00 0.000E+00 0.000E+00 0.000E+00 1.000E+00
   1      0.000E+00 0.000E+00 0.000E+00 2.450E-01   0.000000 1.000E+00 1.000E+00
   1  791920  1     1.778E+04 0.000E+00 1.000E+00 0.000E+00 0.000E+00 0.000E+00
   1      0.000E+00 0.000E+00 0.000E+00 1.785E+00   0.000000 1.000E+00 1.000E+00
   1  791921  1     2.900E-02 0.000E+00 0.000E+00 0.000E+00 0.000E+00 1.000E+00
   1      0.000E+00 0.000E+00 0.000E+00 1.350E-01   0.000000 1.000E+00 1.000E+00
   1  791922  1     1.600E-01 0.000E+00 0.000E+00 0.000E+00 0.000E+00 0.000E+00
   1      0.000E+00 1.000E+00 0.000E+00 2.962E-01   0.000000 1.000E+00 1.000E+00
   1  791930  1     6.354E+04 0.000E+00 1.000E+00 0.000E+00 0.000E+00 0.000E+00
   1      0.000E+00 0.000E+00 0.000E+00 2.078E-01   0.000000 1.000E+00 1.000E+00
   1  791931  1     3.900E+00 0.000E+00 3.000E-04 0.000E+00 0.000E+00 9.997E-01
   1      0.000E+00 0.000E+00 0.000E+00 2.465E-01   0.000000 1.000E+00 1.000E+00
   1  791940  1     1.369E+05 0.000E+00 1.000E+00 0.000E+00 0.000E+00 0.000E+00
   1      0.000E+00 0.000E+00 0.000E+00 1.068E+00   0.000000 1.000E+00 1.000E+00
   1  791941  1     6.000E-01 0.000E+00 0.000E+00 0.000E+00 0.000E+00 1.000E+00
   1      0.000E+00 0.000E+00 0.000E+00 3.200E-03   0.000000 1.000E+00 1.000E+00
   1  791942  1     4.200E-01 0.000E+00 0.000E+00 0.000E+00 0.000E+00 1.000E+00
   1      0.000E+00 0.000E+00 0.000E+00 1.210E-01   0.000000 1.000E+00 1.000E+00
   1  791950  1     1.608E+07 0.000E+00 1.000E+00 0.000E+00 0.000E+00 0.000E+00
   1      0.000E+00 0.000E+00 0.000E+00 1.287E-01   0.000000 1.000E+00 1.000E+00
   1  791951  1     3.050E+01 0.000E+00 0.000E+00 0.000E+00 0.000E+00 1.000E+00
   1      0.000E+00 0.000E+00 0.000E+00 3.120E-01   0.000000 1.000E+00 1.000E+00
   1  791960  1     5.342E+05 0.000E+00 9.280E-01 0.000E+00 0.000E+00 0.000E+00
   1      7.200E-02 0.000E+00 0.000E+00 5.000E-01   0.000000 1.000E+00 1.000E+00
   1  791961  1     8.100E+00 0.000E+00 0.000E+00 0.000E+00 0.000E+00 1.000E+00
   1      0.000E+00 0.000E+00 0.000E+00 7.990E-02   0.000000 1.000E+00 1.000E+00
   1  791962  1     3.456E+04 0.000E+00 0.000E+00 0.000E+00 0.000E+00 2.418E-02
   1      0.000E+00 9.758E-01 0.000E+00 5.084E-01   0.000000 1.000E+00 1.000E+00
   1  791970  6     0.000E+00 0.000E+00 0.000E+00 0.000E+00 0.000E+00 0.000E+00
   1      0.000E+00 0.000E+00 0.000E+00 0.000E+00 100.000000 1.000E+00 1.000E+00
   1  791971  1     7.740E+00 0.000E+00 0.000E+00 0.000E+00 0.000E+00 1.000E+00
   1      0.000E+00 0.000E+00 0.000E+00 4.093E-01   0.000000 1.000E+00 1.000E+00
   1  791980  1     2.328E+05 0.000E+00 0.000E+00 0.000E+00 0.000E+00 0.000E+00
   1      1.000E+00 0.000E+00 0.000E+00 7.291E-01   0.000000 1.000E+00 1.000E+00
   1  791981  1     1.987E+05 0.000E+00 0.000E+00 0.000E+00 0.000E+00 1.000E+00
   1      0.000E+00 0.000E+00 0.000E+00 7.899E-01   0.000000 1.000E+00 1.000E+00
   1  791990  1     2.712E+05 0.000E+00 0.000E+00 0.000E+00 0.000E+00 0.000E+00
   1      1.000E+00 0.000E+00 0.000E+00 2.412E-01   0.000000 1.000E+00 1.000E+00
   1  792000  1     2.904E+03 0.000E+00 0.000E+00 0.000E+00 0.000E+00 0.000E+00
   1      1.000E+00 0.000E+00 0.000E+00 1.016E+00   0.000000 1.000E+00 1.000E+00
   1  792001  1     6.730E+04 0.000E+00 0.000E+00 0.000E+00 0.000E+00 1.800E-01
   1      8.200E-01 0.000E+00 0.000E+00 2.230E+00   0.000000 1.000E+00 1.000E+00
   1  792010  1     1.560E+03 0.000E+00 0.000E+00 0.000E+00 0.000E+00 0.000E+00
   1      1.000E+00 0.000E+00 0.000E+00 4.582E-01   0.000000 1.000E+00 1.000E+00
   1  792020  1     2.880E+01 0.000E+00 0.000E+00 0.000E+00 0.000E+00 0.000E+00
   1      1.000E+00 0.000E+00 0.000E+00 1.349E+00   0.000000 1.000E+00 1.000E+00
   1  792030  1     5.300E+01 0.000E+00 0.000E+00 0.000E+00 0.000E+00 0.000E+00
   1      1.000E+00 0.000E+00 0.000E+00 8.359E-01   0.000000 1.000E+00 1.000E+00
   1  792040  1     3.980E+01 0.000E+00 0.000E+00 0.000E+00 0.000E+00 0.000E+00
   1      1.000E+00 0.000E+00 0.000E+00 2.732E+00   0.000000 1.000E+00 1.000E+00
   1  792050  1     3.100E+01 0.000E+00 0.000E+00 0.000E+00 0.000E+00 0.000E+00
   1      1.000E+00 0.000E+00 0.000E+00 2.358E+00   0.000000 1.000E+00 1.000E+00
   1  792060  1     1.590E+00 0.000E+00 0.000E+00 0.000E+00 0.000E+00 0.000E+00
   1      1.000E+00 0.000E+00 0.000E+00 4.387E+00   0.000000 1.000E+00 1.000E+00
   1  801860  1     8.280E+01 0.000E+00 1.000E+00 0.000E+00 1.800E-04 0.000E+00
   1      0.000E+00 0.000E+00 0.000E+00 5.833E-01   0.000000 1.000E+00 1.000E+00
   1  801870  1     1.440E+02 0.000E+00 9.999E-01 0.000E+00 1.200E-04 0.000E+00
   1      0.000E+00 0.000E+00 0.000E+00 5.653E+00   0.000000 1.000E+00 1.000E+00
   1  801871  1     1.440E+02 0.000E+00 1.000E+00 1.000E+00 0.000E+00 0.000E+00
   1      0.000E+00 0.000E+00 0.000E+00 3.198E+00   0.000000 1.000E+00 1.000E+00
   1  801880  1     1.950E+02 0.000E+00 1.000E+00 0.000E+00 0.000E+00 0.000E+00
   1      0.000E+00 0.000E+00 0.000E+00 2.162E-01   0.000000 1.000E+00 1.000E+00
   1  801890  1     4.560E+02 0.000E+00 9.990E-01 0.000E+00 1.000E-03 0.000E+00
   1      0.000E+00 0.000E+00 0.000E+00 5.113E+00   0.000000 1.000E+00 1.000E+00
   1  801891  1     5.220E+02 0.000E+00 1.000E+00 0.000E+00 0.000E+00 0.000E+00
   1      0.000E+00 0.000E+00 0.000E+00 2.237E+00   0.000000 1.000E+00 1.000E+00
   1  801900  1     1.200E+03 0.000E+00 1.000E+00 0.000E+00 0.000E+00 0.000E+00
   1      0.000E+00 0.000E+00 0.000E+00 2.724E-01   0.000000 1.000E+00 1.000E+00
   1  801910  1     2.900E+03 0.000E+00 1.000E+00 0.000E+00 0.000E+00 0.000E+00
   1      0.000E+00 0.000E+00 0.000E+00 1.498E+00   0.000000 1.000E+00 1.000E+00
   1  801911  1     3.050E+03 0.000E+00 1.000E+00 0.000E+00 0.000E+00 0.000E+00
   1      0.000E+00 0.000E+00 0.000E+00 1.551E+00   0.000000 1.000E+00 1.000E+00
   1  801920  1     1.746E+04 0.000E+00 1.000E+00 0.000E+00 0.000E+00 0.000E+00
   1      0.000E+00 0.000E+00 0.000E+00 3.252E-01   0.000000 1.000E+00 1.000E+00
   1  801930  1     1.368E+04 0.000E+00 1.000E+00 3.360E-02 0.000E+00 0.000E+00
   1      0.000E+00 0.000E+00 0.000E+00 1.555E+00   0.000000 1.000E+00 1.000E+00
   1  801931  1     4.250E+04 0.000E+00 9.200E-01 0.000E+00 0.000E+00 8.000E-02
   1      0.000E+00 0.000E+00 0.000E+00 1.237E+00   0.000000 1.000E+00 1.000E+00
   1  801940  1     1.389E+10 0.000E+00 1.000E+00 0.000E+00 0.000E+00 0.000E+00
   1      0.000E+00 0.000E+00 0.000E+00 1.035E-02   0.000000 1.000E+00 1.000E+00
   1  801950  1     3.564E+04 0.000E+00 1.000E+00 2.104E-02 0.000E+00 0.000E+00
   1      0.000E+00 0.000E+00 0.000E+00 2.551E-01   0.000000 1.000E+00 1.000E+00
   1  801951  1     1.500E+05 0.000E+00 4.580E-01 0.000E+00 0.000E+00 5.420E-01
   1      0.000E+00 0.000E+00 0.000E+00 3.370E-01   0.000000 1.000E+00 1.000E+00
   1  801960  1     7.889E+25 0.000E+00 0.000E+00 0.000E+00 0.000E+00 0.000E+00
   1      0.000E+00 0.000E+00 0.000E+00 8.207E-01   0.150000 1.000E+00 1.000E+00    1 1.000E+00 2.200E+00 1.000E+00
   1  801970  1     2.326E+05 0.000E+00 1.000E+00 0.000E+00 0.000E+00 0.000E+00
   1      0.000E+00 0.000E+00 0.000E+00 1.427E-01   0.000000 1.000E+00 1.000E+00
   1  801971  1     8.604E+04 0.000E+00 8.600E-02 1.000E+00 0.000E+00 9.140E-01
   1      0.000E+00 0.000E+00 0.000E+00 2.785E-01   0.000000 1.000E+00 1.000E+00
   1  801980  6     0.000E+00 0.000E+00 0.000E+00 0.000E+00 0.000E+00 0.000E+00
   1      0.000E+00 0.000E+00 0.000E+00 0.000E+00   9.970000 1.000E+00 1.000E+00
   1  801990  6     0.000E+00 0.000E+00 0.000E+00 0.000E+00 0.000E+00 0.000E+00
   1      0.000E+00 0.000E+00 0.000E+00 0.000E+00  16.870000 1.000E+00 1.000E+00
   1  801991  1     2.526E+03 0.000E+00 0.000E+00 0.000E+00 0.000E+00 1.000E+00
   1      0.000E+00 0.000E+00 0.000E+00 5.323E-01   0.000000 1.000E+00 1.000E+00
   1  802000  6     0.000E+00 0.000E+00 0.000E+00 0.000E+00 0.000E+00 0.000E+00
   1      0.000E+00 0.000E+00 0.000E+00 0.000E+00  23.100000 1.000E+00 1.000E+00
   1  802010  6     0.000E+00 0.000E+00 0.000E+00 0.000E+00 0.000E+00 0.000E+00
   1      0.000E+00 0.000E+00 0.000E+00 0.000E+00  13.180000 1.000E+00 1.000E+00
   1  802020  6     0.000E+00 0.000E+00 0.000E+00 0.000E+00 0.000E+00 0.000E+00
   1      0.000E+00 0.000E+00 0.000E+00 0.000E+00  29.860000 1.000E+00 1.000E+00
   1  802030  1     4.026E+06 0.000E+00 0.000E+00 0.000E+00 0.000E+00 0.000E+00
   1      1.000E+00 0.000E+00 0.000E+00 3.360E-01   0.000000 1.000E+00 1.000E+00
   1  802040  6     0.000E+00 0.000E+00 0.000E+00 0.000E+00 0.000E+00 0.000E+00
   1      0.000E+00 0.000E+00 0.000E+00 0.000E+00   6.870000 1.000E+00 1.000E+00
   1  802050  1     3.120E+02 0.000E+00 0.000E+00 0.000E+00 0.000E+00 0.000E+00
   1      1.000E+00 0.000E+00 0.000E+00 5.431E-01   0.000000 1.000E+00 1.000E+00
   1  802060  1     4.890E+02 0.000E+00 0.000E+00 0.000E+00 0.000E+00 0.000E+00
   1      1.000E+00 0.000E+00 0.000E+00 5.327E-01   0.000000 1.000E+00 1.000E+00
   1  802070  1     1.740E+02 0.000E+00 0.000E+00 0.000E+00 0.000E+00 0.000E+00
   1      1.000E+00 0.000E+00 0.000E+00 4.313E+00   0.000000 1.000E+00 1.000E+00
   1  802080  1     2.520E+03 0.000E+00 0.000E+00 0.000E+00 0.000E+00 0.000E+00
   1      1.000E+00 0.000E+00 0.000E+00 2.433E+00   0.000000 1.000E+00 1.000E+00
   1  802090  1     3.700E+01 0.000E+00 0.000E+00 0.000E+00 0.000E+00 0.000E+00
   1      1.000E+00 0.000E+00 0.000E+00 3.525E+00   0.000000 1.000E+00 1.000E+00
   1  811920  1     5.760E+02 0.000E+00 1.000E+00 0.000E+00 0.000E+00 0.000E+00
   1      0.000E+00 0.000E+00 0.000E+00 4.094E+00   0.000000 1.000E+00 1.000E+00
   1  811921  1     6.480E+02 0.000E+00 1.000E+00 0.000E+00 0.000E+00 0.000E+00
   1      0.000E+00 0.000E+00 0.000E+00 4.201E+00   0.000000 1.000E+00 1.000E+00
   1  811930  1     1.308E+03 0.000E+00 1.000E+00 0.000E+00 0.000E+00 0.000E+00
   1      0.000E+00 0.000E+00 0.000E+00 6.502E-01   0.000000 1.000E+00 1.000E+00
   1  811931  1     1.266E+02 0.000E+00 2.500E-01 0.000E+00 0.000E+00 7.500E-01
   1      0.000E+00 0.000E+00 0.000E+00 4.726E-01   0.000000 1.000E+00 1.000E+00
   1  811940  1     1.980E+03 0.000E+00 1.000E+00 0.000E+00 0.000E+00 0.000E+00
   1      0.000E+00 0.000E+00 0.000E+00 7.290E-01   0.000000 1.000E+00 1.000E+00
   1  811941  1     1.968E+03 0.000E+00 1.000E+00 0.000E+00 0.000E+00 0.000E+00
   1      0.000E+00 0.000E+00 0.000E+00 2.780E+00   0.000000 1.000E+00 1.000E+00
   1  811950  1     4.180E+03 0.000E+00 1.000E+00 0.000E+00 0.000E+00 0.000E+00
   1      0.000E+00 0.000E+00 0.000E+00 1.240E+00   0.000000 1.000E+00 1.000E+00
   1  811951  1     3.600E+00 0.000E+00 0.000E+00 0.000E+00 0.000E+00 1.000E+00
   1      0.000E+00 0.000E+00 0.000E+00 4.736E-01   0.000000 1.000E+00 1.000E+00
   1  811960  1     6.624E+03 0.000E+00 1.000E+00 0.000E+00 0.000E+00 0.000E+00
   1      0.000E+00 0.000E+00 0.000E+00 1.667E+00   0.000000 1.000E+00 1.000E+00
   1  811961  1     5.080E+03 0.000E+00 9.550E-01 0.000E+00 0.000E+00 4.500E-02
   1      0.000E+00 0.000E+00 0.000E+00 1.158E+00   0.000000 1.000E+00 1.000E+00
   1  811970  1     1.022E+04 0.000E+00 1.000E+00 0.000E+00 0.000E+00 0.000E+00
   1      0.000E+00 0.000E+00 0.000E+00 5.029E-01   0.000000 1.000E+00 1.000E+00
   1  811971  1     5.400E-01 0.000E+00 0.000E+00 0.000E+00 0.000E+00 1.000E+00
   1      0.000E+00 0.000E+00 0.000E+00 6.043E-01   0.000000 1.000E+00 1.000E+00
   1  811980  1     1.908E+04 0.000E+00 1.000E+00 0.000E+00 0.000E+00 0.000E+00
   1      0.000E+00 0.000E+00 0.000E+00 2.016E+00   0.000000 1.000E+00 1.000E+00
   1  811981  1     6.732E+03 0.000E+00 5.400E-01 0.000E+00 0.000E+00 4.600E-01
   1      0.000E+00 0.000E+00 0.000E+00 1.355E+00   0.000000 1.000E+00 1.000E+00
   1  811990  1     2.671E+04 0.000E+00 1.000E+00 0.000E+00 0.000E+00 0.000E+00
   1      0.000E+00 0.000E+00 0.000E+00 3.033E-01   0.000000 1.000E+00 1.000E+00
   1  812000  1     9.396E+04 0.000E+00 1.000E+00 0.000E+00 0.000E+00 0.000E+00
   1      0.000E+00 0.000E+00 0.000E+00 1.344E+00   0.000000 1.000E+00 1.000E+00
   1  812010  1     2.627E+05 0.000E+00 1.000E+00 0.000E+00 0.000E+00 0.000E+00
   1      0.000E+00 0.000E+00 0.000E+00 1.323E-01   0.000000 1.000E+00 1.000E+00
   1  812020  1     1.058E+06 0.000E+00 1.000E+00 0.000E+00 0.000E+00 0.000E+00
   1      0.000E+00 0.000E+00 0.000E+00 4.891E-01   0.000000 1.000E+00 1.000E+00
   1  812030  6     0.000E+00 0.000E+00 0.000E+00 0.000E+00 0.000E+00 0.000E+00
   1      0.000E+00 0.000E+00 0.000E+00 0.000E+00  29.524000 1.000E+00 1.000E+00
   1  812040  1     1.195E+08 0.000E+00 2.920E-02 0.000E+00 0.000E+00 0.000E+00
   1      9.708E-01 0.000E+00 0.000E+00 2.382E-01   0.000000 1.000E+00 1.000E+00
   1  812050  6     0.000E+00 0.000E+00 0.000E+00 0.000E+00 0.000E+00 0.000E+00
   1      0.000E+00 0.000E+00 0.000E+00 0.000E+00  70.476000 1.000E+00 1.000E+00
   1  812060  1     2.521E+02 0.000E+00 0.000E+00 0.000E+00 0.000E+00 0.000E+00
   1      1.000E+00 0.000E+00 0.000E+00 5.387E-01   0.000000 1.000E+00 1.000E+00
   1  812061  1     2.256E+02 0.000E+00 0.000E+00 0.000E+00 0.000E+00 1.000E+00
   1      0.000E+00 0.000E+00 0.000E+00 2.643E+00   0.000000 1.000E+00 1.000E+00
   1  812070  1     2.862E+02 0.000E+00 0.000E+00 0.000E+00 0.000E+00 0.000E+00
   1      1.000E+00 0.000E+00 0.000E+00 4.947E-01   0.000000 1.000E+00 1.000E+00
   1  812071  1     1.330E+00 0.000E+00 0.000E+00 0.000E+00 0.000E+00 1.000E+00
   1      0.000E+00 0.000E+00 0.000E+00 1.341E+00   0.000000 1.000E+00 1.000E+00
   1  812080  1     1.832E+02 0.000E+00 0.000E+00 0.000E+00 0.000E+00 0.000E+00
   1      1.000E+00 0.000E+00 0.000E+00 3.969E+00   0.000000 1.000E+00 1.000E+00
   1  812090  1     1.320E+02 0.000E+00 0.000E+00 0.000E+00 0.000E+00 0.000E+00
   1      1.000E+00 0.000E+00 0.000E+00 2.807E+00   0.000000 1.000E+00 1.000E+00
   1  812100  1     7.800E+01 0.000E+00 0.000E+00 0.000E+00 0.000E+00 0.000E+00
   1      9.999E-01 0.000E+00 7.000E-05 3.820E+00   0.000000 1.000E+00 1.000E+00
   1  821930  1     3.000E+02 0.000E+00 1.000E+00 0.000E+00 0.000E+00 0.000E+00
   1      0.000E+00 0.000E+00 0.000E+00 3.420E+00   0.000000 1.000E+00 1.000E+00
   1  821931  1     3.480E+02 0.000E+00 1.000E+00 4.700E-02 0.000E+00 0.000E+00
   1      0.000E+00 0.000E+00 0.000E+00 3.495E+00   0.000000 1.000E+00 1.000E+00
   1  821940  1     7.200E+02 0.000E+00 1.000E+00 0.000E+00 7.300E-08 0.000E+00
   1      0.000E+00 0.000E+00 0.000E+00 1.108E+00   0.000000 1.000E+00 1.000E+00
   1  821950  1     9.000E+02 0.000E+00 1.000E+00 0.000E+00 0.000E+00 0.000E+00
   1      0.000E+00 0.000E+00 0.000E+00 2.960E-01   0.000000 1.000E+00 1.000E+00
   1  821951  1     9.000E+02 0.000E+00 1.000E+00 0.000E+00 0.000E+00 0.000E+00
   1      0.000E+00 0.000E+00 0.000E+00 1.985E+00   0.000000 1.000E+00 1.000E+00
   1  821960  1     2.220E+03 0.000E+00 1.000E+00 0.000E+00 0.000E+00 0.000E+00
   1      0.000E+00 0.000E+00 0.000E+00 5.761E-01   0.000000 1.000E+00 1.000E+00
   1  821970  1     4.800E+02 0.000E+00 1.000E+00 0.000E+00 0.000E+00 0.000E+00
   1      0.000E+00 0.000E+00 0.000E+00 1.489E+00   0.000000 1.000E+00 1.000E+00
   1  821971  1     2.680E+03 0.000E+00 8.100E-01 0.000E+00 0.000E+00 1.900E-01
   1      0.000E+00 0.000E+00 0.000E+00 1.406E+00   0.000000 1.000E+00 1.000E+00
   1  821980  1     8.640E+03 0.000E+00 1.000E+00 0.000E+00 0.000E+00 0.000E+00
   1      0.000E+00 0.000E+00 0.000E+00 5.077E-01   0.000000 1.000E+00 1.000E+00
   1  821990  1     5.400E+03 0.000E+00 1.000E+00 0.000E+00 0.000E+00 0.000E+00
   1      0.000E+00 0.000E+00 0.000E+00 1.011E+00   0.000000 1.000E+00 1.000E+00
   1  821991  1     7.320E+02 0.000E+00 7.000E-02 0.000E+00 0.000E+00 9.300E-01
   1      0.000E+00 0.000E+00 0.000E+00 4.273E-01   0.000000 1.000E+00 1.000E+00
   1  822000  1     7.740E+04 0.000E+00 1.000E+00 0.000E+00 0.000E+00 0.000E+00
   1      0.000E+00 0.000E+00 0.000E+00 2.988E-01   0.000000 1.000E+00 1.000E+00
   1  822010  1     3.384E+04 0.000E+00 1.000E+00 0.000E+00 0.000E+00 0.000E+00
   1      0.000E+00 0.000E+00 0.000E+00 8.263E-01   0.000000 1.000E+00 1.000E+00
   1  822011  1     6.100E+01 0.000E+00 0.000E+00 0.000E+00 0.000E+00 1.000E+00
   1      0.000E+00 0.000E+00 0.000E+00 6.283E-01   0.000000 1.000E+00 1.000E+00
   1  822020  1     1.673E+12 0.000E+00 1.000E+00 0.000E+00 0.000E+00 0.000E+00
   1      0.000E+00 0.000E+00 0.000E+00 7.925E-02   0.000000 1.000E+00 1.000E+00
   1  822021  1     1.285E+04 0.000E+00 9.100E-02 0.000E+00 0.000E+00 9.090E-01
   1      0.000E+00 0.000E+00 0.000E+00 2.114E+00   0.000000 1.000E+00 1.000E+00
   1  822030  1     1.868E+05 0.000E+00 1.000E+00 0.000E+00 0.000E+00 0.000E+00
   1      0.000E+00 0.000E+00 0.000E+00 3.621E-01   0.000000 1.000E+00 1.000E+00
   1  822031  1     6.290E+00 0.000E+00 0.000E+00 0.000E+00 0.000E+00 1.000E+00
   1      0.000E+00 0.000E+00 0.000E+00 8.253E-01   0.000000 1.000E+00 1.000E+00
   1  822032  1     4.800E-01 0.000E+00 0.000E+00 0.000E+00 0.000E+00 0.000E+00
   1      0.000E+00 1.000E+00 0.000E+00 2.123E+00   0.000000 1.000E+00 1.000E+00
   1  822040  1     4.418E+24 0.000E+00 0.000E+00 0.000E+00 1.000E+00 0.000E+00
   1      0.000E+00 0.000E+00 0.000E+00 1.972E+00   1.400000 1.000E+00 1.000E+00
   1  822041  1     4.050E+03 0.000E+00 0.000E+00 0.000E+00 0.000E+00 1.000E+00
   1      0.000E+00 0.000E+00 0.000E+00 2.184E+00   0.000000 1.000E+00 1.000E+00
   1  822050  1     4.828E+14 0.000E+00 1.000E+00 0.000E+00 0.000E+00 0.000E+00
   1      0.000E+00 0.000E+00 0.000E+00 6.825E-02   0.000000 1.000E+00 1.000E+00
   1  822051  1     5.550E-03 0.000E+00 0.000E+00 0.000E+00 0.000E+00 1.000E+00
   1      0.000E+00 0.000E+00 0.000E+00 1.014E+00   0.000000 1.000E+00 1.000E+00
   1  822060  6     0.000E+00 0.000E+00 0.000E+00 0.000E+00 0.000E+00 0.000E+00
   1      0.000E+00 0.000E+00 0.000E+00 0.000E+00  24.100000 1.000E+00 1.000E+00
   1  822070  6     0.000E+00 0.000E+00 0.000E+00 0.000E+00 0.000E+00 0.000E+00
   1      0.000E+00 0.000E+00 0.000E+00 0.000E+00  22.100000 1.000E+00 1.000E+00
   1  822071  1     8.060E-01 0.000E+00 0.000E+00 0.000E+00 0.000E+00 1.000E+00
   1      0.000E+00 0.000E+00 0.000E+00 1.629E+00   0.000000 1.000E+00 1.000E+00
   1  822080  6     0.000E+00 0.000E+00 0.000E+00 0.000E+00 0.000E+00 0.000E+00
   1      0.000E+00 0.000E+00 0.000E+00 0.000E+00  52.400000 1.000E+00 1.000E+00
   1  822090  1     1.171E+04 0.000E+00 0.000E+00 0.000E+00 0.000E+00 0.000E+00
   1      1.000E+00 0.000E+00 0.000E+00 1.973E-01   0.000000 1.000E+00 1.000E+00
   1  822100  1     6.993E+08 0.000E+00 0.000E+00 0.000E+00 1.900E-08 0.000E+00
   1      1.000E+00 0.000E+00 0.000E+00 4.554E-02   0.000000 1.000E+00 1.000E+00
   1  822110  1     2.166E+03 0.000E+00 0.000E+00 0.000E+00 0.000E+00 0.000E+00
   1      1.000E+00 0.000E+00 0.000E+00 5.175E-01   0.000000 1.000E+00 1.000E+00
   1  822120  1     3.830E+04 0.000E+00 0.000E+00 0.000E+00 0.000E+00 0.000E+00
   1      1.000E+00 0.000E+00 0.000E+00 3.135E-01   0.000000 1.000E+00 1.000E+00
   1  822130  1     6.120E+02 0.000E+00 0.000E+00 0.000E+00 0.000E+00 0.000E+00
   1      1.000E+00 0.000E+00 0.000E+00 1.365E+00   0.000000 1.000E+00 1.000E+00
   1  822140  1     1.608E+03 0.000E+00 0.000E+00 0.000E+00 0.000E+00 0.000E+00
   1      1.000E+00 0.000E+00 0.000E+00 5.297E-01   0.000000 1.000E+00 1.000E+00
   1  822150  1     3.600E+01 0.000E+00 0.000E+00 0.000E+00 0.000E+00 0.000E+00
   1      1.000E+00 0.000E+00 0.000E+00 1.887E+00   0.000000 1.000E+00 1.000E+00
   1  831960  1     3.060E+02 0.000E+00 1.000E+00 0.000E+00 1.150E-05 0.000E+00
   1      0.000E+00 0.000E+00 0.000E+00 4.901E+00   0.000000 1.000E+00 1.000E+00
   1  831961  1     6.000E-01 0.000E+00 5.000E-01 0.000E+00 0.000E+00 5.000E-01
   1      0.000E+00 0.000E+00 0.000E+00 2.590E+00   0.000000 1.000E+00 1.000E+00
   1  831962  1     2.400E+02 0.000E+00 7.420E-01 0.000E+00 0.000E+00 0.000E+00
   1      0.000E+00 2.580E-01 0.000E+00 3.797E+00   0.000000 1.000E+00 1.000E+00
   1  831970  1     5.580E+02 0.000E+00 1.000E+00 1.000E+00 0.000E+00 0.000E+00
   1      0.000E+00 0.000E+00 0.000E+00 3.161E+00   0.000000 1.000E+00 1.000E+00
   1  831971  1     3.024E+02 0.000E+00 4.487E-01 0.000E+00 5.484E-01 2.991E-03
   1      0.000E+00 0.000E+00 0.000E+00 4.675E+00   0.000000 1.000E+00 1.000E+00
   1  831980  1     6.180E+02 0.000E+00 1.000E+00 0.000E+00 0.000E+00 0.000E+00
   1      0.000E+00 0.000E+00 0.000E+00 4.374E+00   0.000000 1.000E+00 1.000E+00
   1  831981  1     7.110E+02 0.000E+00 1.000E+00 0.000E+00 0.000E+00 0.000E+00
   1      0.000E+00 0.000E+00 0.000E+00 4.058E+00   0.000000 1.000E+00 1.000E+00
   1  831982  1     7.700E+00 0.000E+00 0.000E+00 0.000E+00 0.000E+00 1.000E+00
   1      0.000E+00 0.000E+00 0.000E+00 2.450E-01   0.000000 1.000E+00 1.000E+00
   1  831990  1     1.620E+03 0.000E+00 1.000E+00 0.000E+00 0.000E+00 0.000E+00
   1      0.000E+00 0.000E+00 0.000E+00 2.662E+00   0.000000 1.000E+00 1.000E+00
   1  831991  1     1.482E+03 0.000E+00 9.799E-01 0.000E+00 1.000E-04 2.000E-02
   1      0.000E+00 0.000E+00 0.000E+00 3.344E+00   0.000000 1.000E+00 1.000E+00
   1  832000  1     2.180E+03 0.000E+00 1.000E+00 0.000E+00 0.000E+00 0.000E+00
   1      0.000E+00 0.000E+00 0.000E+00 2.600E+00   0.000000 1.000E+00 1.000E+00
   1  832001  1     1.860E+03 0.000E+00 1.000E+00 0.000E+00 0.000E+00 0.000E+00
   1      0.000E+00 0.000E+00 0.000E+00 1.881E+00   0.000000 1.000E+00 1.000E+00
   1  832002  1     4.000E-01 0.000E+00 0.000E+00 0.000E+00 0.000E+00 1.000E+00
   1      0.000E+00 0.000E+00 0.000E+00 4.282E-01   0.000000 1.000E+00 1.000E+00
   1  832010  1     6.480E+03 0.000E+00 1.000E+00 0.000E+00 0.000E+00 0.000E+00
   1      0.000E+00 0.000E+00 0.000E+00 1.994E+00   0.000000 1.000E+00 1.000E+00
   1  832011  1     3.546E+03 0.000E+00 9.290E-01 5.000E-01 3.000E-03 6.800E-02
   1      0.000E+00 0.000E+00 0.000E+00 2.782E+00   0.000000 1.000E+00 1.000E+00
   1  832020  1     6.192E+03 0.000E+00 1.000E+00 0.000E+00 0.000E+00 0.000E+00
   1      0.000E+00 0.000E+00 0.000E+00 2.597E+00   0.000000 1.000E+00 1.000E+00
   1  832030  1     4.234E+04 0.000E+00 1.000E+00 0.000E+00 1.000E-07 0.000E+00
   1      0.000E+00 0.000E+00 0.000E+00 2.435E+00   0.000000 1.000E+00 1.000E+00
   1  832031  1     3.050E-01 0.000E+00 0.000E+00 0.000E+00 0.000E+00 1.000E+00
   1      0.000E+00 0.000E+00 0.000E+00 1.088E+00   0.000000 1.000E+00 1.000E+00
   1  832040  1     4.039E+04 0.000E+00 1.000E+00 9.265E-02 0.000E+00 0.000E+00
   1      0.000E+00 0.000E+00 0.000E+00 3.061E+00   0.000000 1.000E+00 1.000E+00
   1  832050  1     1.323E+06 0.000E+00 1.000E+00 1.361E-01 0.000E+00 0.000E+00
   1      0.000E+00 0.000E+00 0.000E+00 1.500E+00   0.000000 1.000E+00 1.000E+00
   1  832060  1     5.394E+05 0.000E+00 1.000E+00 0.000E+00 0.000E+00 0.000E+00
   1      0.000E+00 0.000E+00 0.000E+00 3.398E+00   0.000000 1.000E+00 1.000E+00
   1  832070  1     1.002E+09 0.000E+00 1.000E+00 0.000E+00 0.000E+00 0.000E+00
   1      0.000E+00 0.000E+00 0.000E+00 1.658E+00   0.000000 1.000E+00 1.000E+00
   1  832080  1     1.161E+13 0.000E+00 1.000E+00 0.000E+00 0.000E+00 0.000E+00
   1      0.000E+00 0.000E+00 0.000E+00 2.666E+00   0.000000 1.000E+00 1.000E+00
   1  832081  1     2.580E-03 0.000E+00 0.000E+00 0.000E+00 0.000E+00 1.000E+00
   1      0.000E+00 0.000E+00 0.000E+00 1.573E+00   0.000000 1.000E+00 1.000E+00
   1  832090  1     5.996E+26 0.000E+00 0.000E+00 0.000E+00 1.000E+00 0.000E+00
   1      0.000E+00 0.000E+00 0.000E+00 3.137E+00 100.000000 1.000E+00 1.000E+00
   1  832100  1     4.330E+05 0.000E+00 0.000E+00 0.000E+00 1.320E-06 0.000E+00
   1      1.000E+00 0.000E+00 0.000E+00 3.884E-01   0.000000 1.000E+00 1.000E+00
   1  832101  1     9.467E+13 0.000E+00 0.000E+00 0.000E+00 1.000E+00 0.000E+00
   1      0.000E+00 0.000E+00 0.000E+00 5.317E+00   0.000000 1.000E+00 1.000E+00
   1  832110  1     1.302E+02 0.000E+00 0.000E+00 0.000E+00 9.973E-01 0.000E+00
   1      2.730E-03 0.000E+00 0.000E+00 6.733E+00   0.000000 1.000E+00 1.000E+00
   1  832120  1     3.632E+03 0.000E+00 0.000E+00 0.000E+00 3.593E-01 0.000E+00
   1      6.406E-01 0.000E+00 0.000E+00 2.827E+00   0.000000 1.000E+00 1.000E+00    1 1.400E-04 1.400E+00 1.000E+00
   1  832121  1     1.500E+03 0.000E+00 0.000E+00 0.000E+00 6.680E-01 0.000E+00
   1      3.200E-02 0.000E+00 0.000E+00 7.617E+00   0.000000 1.000E+00 1.000E+00    1 3.000E-01 1.400E+00 1.000E+00
   1  832122  1     5.400E+02 1.000E+00 0.000E+00 0.000E+00 0.000E+00 0.000E+00
   1      1.000E+00 0.000E+00 0.000E+00 1.262E+00   0.000000 1.000E+00 1.000E+00
   1  832130  1     2.735E+03 0.000E+00 0.000E+00 0.000E+00 2.160E-02 0.000E+00
   1      9.784E-01 0.000E+00 0.000E+00 7.022E-01   0.000000 1.000E+00 1.000E+00
   1  832140  1     1.194E+03 0.000E+00 0.000E+00 0.000E+00 2.100E-04 0.000E+00
   1      9.998E-01 0.000E+00 0.000E+00 2.170E+00   0.000000 1.000E+00 1.000E+00
   1  832150  1     4.440E+02 0.000E+00 0.000E+00 0.000E+00 0.000E+00 0.000E+00
   1      1.000E+00 0.000E+00 0.000E+00 1.501E+00   0.000000 1.000E+00 1.000E+00
   1  832151  1     3.690E+01 0.000E+00 0.000E+00 0.000E+00 0.000E+00 5.000E-01
   1      5.000E-01 0.000E+00 0.000E+00 1.853E+00   0.000000 1.000E+00 1.000E+00
   1  832160  1     1.302E+02 0.000E+00 0.000E+00 0.000E+00 0.000E+00 0.000E+00
   1      1.000E+00 0.000E+00 0.000E+00 2.727E+00   0.000000 1.000E+00 1.000E+00
   1  842020  1     2.680E+03 0.000E+00 9.800E-01 0.000E+00 2.000E-02 0.000E+00
   1      0.000E+00 0.000E+00 0.000E+00 1.110E+00   0.000000 1.000E+00 1.000E+00
   1  842030  1     2.202E+03 0.000E+00 9.989E-01 0.000E+00 1.100E-03 0.000E+00
   1      0.000E+00 0.000E+00 0.000E+00 1.523E+00   0.000000 1.000E+00 1.000E+00
   1  842031  1     4.500E+01 0.000E+00 0.000E+00 0.000E+00 0.000E+00 1.000E+00
   1      0.000E+00 0.000E+00 0.000E+00 6.355E-01   0.000000 1.000E+00 1.000E+00
   1  842040  1     1.271E+04 0.000E+00 9.934E-01 0.000E+00 6.600E-03 0.000E+00
   1      0.000E+00 0.000E+00 0.000E+00 1.339E+00   0.000000 1.000E+00 1.000E+00
   1  842050  1     5.976E+03 0.000E+00 9.990E-01 0.000E+00 4.000E-04 0.000E+00
   1      0.000E+00 0.000E+00 0.000E+00 1.514E+00   0.000000 1.000E+00 1.000E+00
   1  842060  1     7.603E+05 0.000E+00 9.455E-01 0.000E+00 5.450E-02 0.000E+00
   1      0.000E+00 0.000E+00 0.000E+00 1.616E+00   0.000000 1.000E+00 1.000E+00
   1  842070  1     2.088E+04 0.000E+00 9.998E-01 0.000E+00 2.100E-04 0.000E+00
   1      0.000E+00 0.000E+00 0.000E+00 1.317E+00   0.000000 1.000E+00 1.000E+00
   1  842071  1     2.790E+00 0.000E+00 0.000E+00 0.000E+00 0.000E+00 1.000E+00
   1      0.000E+00 0.000E+00 0.000E+00 1.360E+00   0.000000 1.000E+00 1.000E+00
   1  842080  1     9.246E+07 0.000E+00 1.810E-05 0.000E+00 1.000E+00 0.000E+00
   1      0.000E+00 0.000E+00 0.000E+00 5.215E+00   0.000000 1.000E+00 1.000E+00
   1  842090  1     3.219E+09 0.000E+00 2.600E-03 0.000E+00 9.974E-01 0.000E+00
   1      0.000E+00 0.000E+00 0.000E+00 4.969E+00   0.000000 1.000E+00 1.000E+00
   1  842100  1     1.196E+07 0.000E+00 0.000E+00 0.000E+00 1.000E+00 0.000E+00
   1      0.000E+00 0.000E+00 0.000E+00 5.408E+00   0.000000 1.000E+00 1.000E+00
   1  842110  1     5.160E-01 0.000E+00 0.000E+00 0.000E+00 1.000E+00 0.000E+00
   1      0.000E+00 0.000E+00 0.000E+00 7.594E+00   0.000000 1.000E+00 1.000E+00
   1  842111  1     2.550E+01 0.000E+00 0.000E+00 0.000E+00 1.000E+00 0.000E+00
   1      0.000E+00 0.000E+00 0.000E+00 9.050E+00   0.000000 1.000E+00 1.000E+00
   1  842120  1     2.980E-07 0.000E+00 0.000E+00 0.000E+00 1.000E+00 0.000E+00
   1      0.000E+00 0.000E+00 0.000E+00 8.955E+00   0.000000 1.000E+00 1.000E+00
   1  842121  1     4.510E+01 0.000E+00 0.000E+00 0.000E+00 1.000E+00 0.000E+00
   1      0.000E+00 0.000E+00 0.000E+00 1.188E+01   0.000000 1.000E+00 1.000E+00
   1  842130  1     4.200E-06 0.000E+00 0.000E+00 0.000E+00 1.000E+00 0.000E+00
   1      0.000E+00 0.000E+00 0.000E+00 8.536E+00   0.000000 1.000E+00 1.000E+00
   1  842140  1     1.637E-04 0.000E+00 0.000E+00 0.000E+00 1.000E+00 0.000E+00
   1      0.000E+00 0.000E+00 0.000E+00 7.834E+00   0.000000 1.000E+00 1.000E+00
   1  842150  1     1.780E-03 0.000E+00 0.000E+00 0.000E+00 1.000E+00 0.000E+00
   1      4.000E-06 0.000E+00 0.000E+00 7.526E+00   0.000000 1.000E+00 1.000E+00
   1  842160  1     1.500E-01 0.000E+00 0.000E+00 0.000E+00 1.000E+00 0.000E+00
   1      0.000E+00 0.000E+00 0.000E+00 6.907E+00   0.000000 1.000E+00 1.000E+00
   1  842170  1     1.470E+00 0.000E+00 0.000E+00 0.000E+00 9.500E-01 0.000E+00
   1      5.000E-02 0.000E+00 0.000E+00 6.377E+00   0.000000 1.000E+00 1.000E+00
   1  842180  1     1.859E+02 0.000E+00 0.000E+00 0.000E+00 9.998E-01 0.000E+00
   1      1.900E-04 0.000E+00 0.000E+00 6.114E+00   0.000000 1.000E+00 1.000E+00
   1  842190  1     1.200E+02 0.000E+00 0.000E+00 0.000E+00 5.000E-01 0.000E+00
   1      5.000E-01 0.000E+00 0.000E+00 3.749E+00   0.000000 1.000E+00 1.000E+00
   1  852050  1     1.570E+03 0.000E+00 9.000E-01 0.000E+00 1.000E-01 0.000E+00
   1      0.000E+00 0.000E+00 0.000E+00 1.840E+00   0.000000 1.000E+00 1.000E+00
   1  852060  1     1.800E+03 0.000E+00 9.911E-01 0.000E+00 8.900E-03 0.000E+00
   1      0.000E+00 0.000E+00 0.000E+00 2.658E+00   0.000000 1.000E+00 1.000E+00
   1  852070  1     6.480E+03 0.000E+00 9.130E-01 0.000E+00 8.700E-02 0.000E+00
   1      0.000E+00 0.000E+00 0.000E+00 2.677E+00   0.000000 1.000E+00 1.000E+00
   1  852080  1     5.870E+03 0.000E+00 9.945E-01 0.000E+00 5.500E-03 0.000E+00
   1      0.000E+00 0.000E+00 0.000E+00 3.184E+00   0.000000 1.000E+00 1.000E+00
   1  852090  1     1.948E+04 0.000E+00 9.590E-01 0.000E+00 4.100E-02 0.000E+00
   1      0.000E+00 0.000E+00 0.000E+00 2.581E+00   0.000000 1.000E+00 1.000E+00
   1  852100  1     2.916E+04 0.000E+00 9.982E-01 0.000E+00 1.750E-03 0.000E+00
   1      0.000E+00 0.000E+00 0.000E+00 3.043E+00   0.000000 1.000E+00 1.000E+00
   1  852110  1     2.597E+04 0.000E+00 5.820E-01 0.000E+00 4.180E-01 0.000E+00
   1      0.000E+00 0.000E+00 0.000E+00 2.543E+00   0.000000 1.000E+00 1.000E+00
   1  852120  1     3.140E-01 0.000E+00 0.000E+00 0.000E+00 1.000E+00 0.000E+00
   1      0.000E+00 0.000E+00 0.000E+00 7.786E+00   0.000000 1.000E+00 1.000E+00
   1  852121  1     1.190E-01 0.000E+00 0.000E+00 0.000E+00 1.000E+00 0.000E+00
   1      0.000E+00 0.000E+00 0.000E+00 8.027E+00   0.000000 1.000E+00 1.000E+00
   1  852130  1     1.250E-07 0.000E+00 0.000E+00 0.000E+00 1.000E+00 0.000E+00
   1      0.000E+00 0.000E+00 0.000E+00 9.254E+00   0.000000 1.000E+00 1.000E+00
   1  852140  1     5.580E-07 0.000E+00 0.000E+00 0.000E+00 1.000E+00 0.000E+00
   1      0.000E+00 0.000E+00 0.000E+00 8.983E+00   0.000000 1.000E+00 1.000E+00
   1  852150  1     1.000E-04 0.000E+00 0.000E+00 0.000E+00 1.000E+00 0.000E+00
   1      0.000E+00 0.000E+00 0.000E+00 8.178E+00   0.000000 1.000E+00 1.000E+00
   1  852160  1     3.000E-04 0.000E+00 0.000E+00 0.000E+00 1.000E+00 0.000E+00
   1      0.000E+00 0.000E+00 0.000E+00 7.957E+00   0.000000 1.000E+00 1.000E+00
   1  852170  1     3.230E-02 0.000E+00 0.000E+00 0.000E+00 9.999E-01 0.000E+00
   1      1.200E-04 0.000E+00 0.000E+00 7.199E+00   0.000000 1.000E+00 1.000E+00
   1  852180  1     1.500E+00 0.000E+00 0.000E+00 0.000E+00 9.990E-01 0.000E+00
   1      1.000E-03 0.000E+00 0.000E+00 6.868E+00   0.000000 1.000E+00 1.000E+00
   1  852190  1     5.400E+01 0.000E+00 0.000E+00 0.000E+00 9.700E-01 0.000E+00
   1      3.000E-02 0.000E+00 0.000E+00 6.213E+00   0.000000 1.000E+00 1.000E+00
   1  852200  1     2.226E+02 0.000E+00 0.000E+00 0.000E+00 8.000E-02 0.000E+00
   1      9.200E-01 0.000E+00 0.000E+00 2.039E+00   0.000000 1.000E+00 1.000E+00
   1  852210  1     1.380E+02 0.000E+00 0.000E+00 0.000E+00 0.000E+00 0.000E+00
   1      1.000E+00 0.000E+00 0.000E+00 1.559E+00   0.000000 1.000E+00 1.000E+00
   1  852220  1     5.400E+01 0.000E+00 0.000E+00 0.000E+00 0.000E+00 0.000E+00
   1      1.000E+00 0.000E+00 0.000E+00 2.951E+00   0.000000 1.000E+00 1.000E+00
   1  862080  1     1.461E+03 0.000E+00 3.800E-01 0.000E+00 6.200E-01 0.000E+00
   1      0.000E+00 0.000E+00 0.000E+00 4.422E+00   0.000000 1.000E+00 1.000E+00
   1  862090  1     1.710E+03 0.000E+00 8.300E-01 0.000E+00 1.700E-01 0.000E+00
   1      0.000E+00 0.000E+00 0.000E+00 2.136E+00   0.000000 1.000E+00 1.000E+00
   1  862100  1     8.640E+03 0.000E+00 4.000E-02 0.000E+00 9.600E-01 0.000E+00
   1      0.000E+00 0.000E+00 0.000E+00 5.979E+00   0.000000 1.000E+00 1.000E+00
   1  862110  1     5.260E+04 0.000E+00 7.400E-01 0.000E+00 2.600E-01 0.000E+00
   1      0.000E+00 0.000E+00 0.000E+00 3.472E+00   0.000000 1.000E+00 1.000E+00
   1  862120  1     1.434E+03 0.000E+00 0.000E+00 0.000E+00 1.000E+00 0.000E+00
   1      0.000E+00 0.000E+00 0.000E+00 6.384E+00   0.000000 1.000E+00 1.000E+00
   1  862130  1     2.500E-02 0.000E+00 0.000E+00 0.000E+00 1.000E+00 0.000E+00
   1      0.000E+00 0.000E+00 0.000E+00 8.238E+00   0.000000 1.000E+00 1.000E+00
   1  862140  1     2.700E-07 0.000E+00 0.000E+00 0.000E+00 1.000E+00 0.000E+00
   1      0.000E+00 0.000E+00 0.000E+00 9.208E+00   0.000000 1.000E+00 1.000E+00
   1  862150  1     2.300E-06 0.000E+00 0.000E+00 0.000E+00 1.000E+00 0.000E+00
   1      0.000E+00 0.000E+00 0.000E+00 8.839E+00   0.000000 1.000E+00 1.000E+00
   1  862160  1     4.500E-05 0.000E+00 0.000E+00 0.000E+00 1.000E+00 0.000E+00
   1      0.000E+00 0.000E+00 0.000E+00 8.200E+00   0.000000 1.000E+00 1.000E+00
   1  862170  1     5.400E-04 0.000E+00 0.000E+00 0.000E+00 1.000E+00 0.000E+00
   1      0.000E+00 0.000E+00 0.000E+00 7.884E+00   0.000000 1.000E+00 1.000E+00
   1  862180  1     3.500E-02 0.000E+00 0.000E+00 0.000E+00 1.000E+00 0.000E+00
   1      0.000E+00 0.000E+00 0.000E+00 7.263E+00   0.000000 1.000E+00 1.000E+00
   1  862190  1     3.960E+00 0.000E+00 0.000E+00 0.000E+00 1.000E+00 0.000E+00
   1      0.000E+00 0.000E+00 0.000E+00 6.947E+00   0.000000 1.000E+00 1.000E+00
   1  862200  1     5.580E+01 0.000E+00 0.000E+00 0.000E+00 1.000E+00 0.000E+00
   1      0.000E+00 0.000E+00 0.000E+00 6.405E+00   0.000000 1.000E+00 1.000E+00
   1  862210  1     1.500E+03 0.000E+00 0.000E+00 0.000E+00 2.000E-01 0.000E+00
   1      7.800E-01 0.000E+00 0.000E+00 1.614E+00   0.000000 1.000E+00 1.000E+00
   1  862220  1     3.303E+05 0.000E+00 0.000E+00 0.000E+00 1.000E+00 0.000E+00
   1      0.000E+00 0.000E+00 0.000E+00 5.590E+00   0.000000 1.000E+00 1.000E+00
   1  862230  1     1.452E+03 0.000E+00 0.000E+00 0.000E+00 0.000E+00 0.000E+00
   1      1.000E+00 0.000E+00 0.000E+00 9.551E-01   0.000000 1.000E+00 1.000E+00
   1  862240  1     6.420E+03 0.000E+00 0.000E+00 0.000E+00 0.000E+00 0.000E+00
   1      1.000E+00 0.000E+00 0.000E+00 4.236E-01   0.000000 1.000E+00 1.000E+00
   1  862250  1     2.796E+02 0.000E+00 0.000E+00 0.000E+00 0.000E+00 0.000E+00
   1      1.000E+00 0.000E+00 0.000E+00 1.787E+00   0.000000 1.000E+00 1.000E+00
   1  872180  1     1.000E-03 0.000E+00 0.000E+00 0.000E+00 1.000E+00 0.000E+00
   1      0.000E+00 0.000E+00 0.000E+00 7.955E+00   0.000000 1.000E+00 1.000E+00
   1  872181  1     2.200E-02 0.000E+00 0.000E+00 0.000E+00 1.000E+00 0.000E+00
   1      0.000E+00 0.000E+00 0.000E+00 8.100E+00   0.000000 1.000E+00 1.000E+00
   1  872190  1     2.000E-02 0.000E+00 0.000E+00 0.000E+00 1.000E+00 0.000E+00
   1      0.000E+00 0.000E+00 0.000E+00 7.447E+00   0.000000 1.000E+00 1.000E+00
   1  872200  1     2.740E+01 0.000E+00 0.000E+00 0.000E+00 9.965E-01 0.000E+00
   1      3.500E-03 0.000E+00 0.000E+00 6.696E+00   0.000000 1.000E+00 1.000E+00
   1  872210  1     2.940E+02 0.000E+00 0.000E+00 0.000E+00 1.000E+00 0.000E+00
   1      0.000E+00 0.000E+00 0.000E+00 6.510E+00   0.000000 1.000E+00 1.000E+00
   1  872220  1     8.520E+02 0.000E+00 0.000E+00 0.000E+00 0.000E+00 0.000E+00
   1      1.000E+00 0.000E+00 0.000E+00 8.924E-01   0.000000 1.000E+00 1.000E+00
   1  872230  1     1.308E+03 0.000E+00 0.000E+00 0.000E+00 6.000E-05 0.000E+00
   1      9.999E-01 0.000E+00 0.000E+00 4.384E-01   0.000000 1.000E+00 1.000E+00
   1  872240  1     1.998E+02 0.000E+00 0.000E+00 0.000E+00 0.000E+00 0.000E+00
   1      1.000E+00 0.000E+00 0.000E+00 1.412E+00   0.000000 1.000E+00 1.000E+00
   1  872250  1     2.400E+02 0.000E+00 0.000E+00 0.000E+00 0.000E+00 0.000E+00
   1      1.000E+00 0.000E+00 0.000E+00 1.211E+00   0.000000 1.000E+00 1.000E+00
   1  872260  1     4.900E+01 0.000E+00 0.000E+00 0.000E+00 0.000E+00 0.000E+00
   1      1.000E+00 0.000E+00 0.000E+00 1.657E+00   0.000000 1.000E+00 1.000E+00
   1  872270  1     1.482E+02 0.000E+00 0.000E+00 0.000E+00 0.000E+00 0.000E+00
   1      1.000E+00 0.000E+00 0.000E+00 1.202E+00   0.000000 1.000E+00 1.000E+00
   1  872280  1     3.800E+01 0.000E+00 0.000E+00 0.000E+00 0.000E+00 0.000E+00
   1      1.000E+00 0.000E+00 0.000E+00 2.103E+00   0.000000 1.000E+00 1.000E+00
   1  882200  1     1.800E-02 0.000E+00 0.000E+00 0.000E+00 1.000E+00 0.000E+00
   1      0.000E+00 0.000E+00 0.000E+00 7.593E+00   0.000000 1.000E+00 1.000E+00
   1  882210  1     2.800E+01 0.000E+00 0.000E+00 0.000E+00 1.000E+00 0.000E+00
   1      0.000E+00 0.000E+00 0.000E+00 7.065E+00   0.000000 1.000E+00 1.000E+00
   1  882220  1     3.800E+01 0.000E+00 0.000E+00 0.000E+00 1.000E+00 0.000E+00
   1      0.000E+00 0.000E+00 0.000E+00 6.677E+00   0.000000 1.000E+00 1.000E+00
   1  882230  1     9.876E+05 0.000E+00 0.000E+00 0.000E+00 1.000E+00 0.000E+00
   1      0.000E+00 0.000E+00 0.000E+00 5.991E+00   0.000000 1.000E+00 1.000E+00
   1  882240  1     3.145E+05 0.000E+00 0.000E+00 0.000E+00 1.000E+00 0.000E+00
   1      0.000E+00 0.000E+00 0.000E+00 5.789E+00   0.000000 1.000E+00 1.000E+00
   1  882250  1     1.279E+06 0.000E+00 0.000E+00 0.000E+00 0.000E+00 0.000E+00
   1      1.000E+00 0.000E+00 0.000E+00 1.216E-01   0.000000 1.000E+00 1.000E+00
   1  882260  1     5.049E+10 0.000E+00 0.000E+00 0.000E+00 1.000E+00 0.000E+00
   1      0.000E+00 0.000E+00 0.000E+00 4.870E+00   0.000000 1.000E+00 1.000E+00
   1  882270  1     2.532E+03 0.000E+00 0.000E+00 0.000E+00 0.000E+00 0.000E+00
   1      1.000E+00 0.000E+00 0.000E+00 5.767E-01   0.000000 1.000E+00 1.000E+00
   1  882280  1     1.815E+08 0.000E+00 0.000E+00 0.000E+00 0.000E+00 0.000E+00
   1      1.000E+00 0.000E+00 0.000E+00 2.347E-02   0.000000 1.000E+00 1.000E+00
   1  882290  1     2.400E+02 0.000E+00 0.000E+00 0.000E+00 0.000E+00 0.000E+00
   1      1.000E+00 0.000E+00 0.000E+00 6.134E-01   0.000000 1.000E+00 1.000E+00
   1  882300  1     5.580E+03 0.000E+00 0.000E+00 0.000E+00 0.000E+00 0.000E+00
   1      1.000E+00 0.000E+00 0.000E+00 6.000E-01   0.000000 1.000E+00 1.000E+00
   1  882310  1     1.030E+02 0.000E+00 0.000E+00 0.000E+00 0.000E+00 0.000E+00
   1      1.000E+00 0.000E+00 0.000E+00 1.653E+00   0.000000 1.000E+00 1.000E+00
   1  892220  1     4.200E+00 0.000E+00 0.000E+00 0.000E+00 1.000E+00 0.000E+00
   1      0.000E+00 0.000E+00 0.000E+00 7.139E+00   0.000000 1.000E+00 1.000E+00
   1  892221  1     6.600E+01 0.000E+00 1.200E-01 0.000E+00 8.800E-01 0.000E+00
   1      0.000E+00 0.000E+00 0.000E+00 6.132E+00   0.000000 1.000E+00 1.000E+00
   1  892230  1     1.320E+02 0.000E+00 1.000E-02 0.000E+00 9.900E-01 0.000E+00
   1      0.000E+00 0.000E+00 0.000E+00 6.754E+00   0.000000 1.000E+00 1.000E+00
   1  892240  1     1.001E+04 0.000E+00 9.090E-01 0.000E+00 9.100E-02 0.000E+00
   1      0.000E+00 0.000E+00 0.000E+00 8.337E-01   0.000000 1.000E+00 1.000E+00
   1  892250  1     8.640E+05 0.000E+00 0.000E+00 0.000E+00 1.000E+00 0.000E+00
   1      0.000E+00 0.000E+00 0.000E+00 5.913E+00   0.000000 1.000E+00 1.000E+00
   1  892260  1     1.044E+05 0.000E+00 1.720E-01 0.000E+00 6.000E-05 0.000E+00
   1      8.279E-01 0.000E+00 0.000E+00 5.416E-01   0.000000 1.000E+00 1.000E+00
   1  892270  1     6.871E+08 0.000E+00 0.000E+00 0.000E+00 1.380E-02 0.000E+00
   1      9.862E-01 0.000E+00 0.000E+00 8.471E-02   0.000000 1.000E+00 1.000E+00
   1  892280  1     2.214E+04 0.000E+00 0.000E+00 0.000E+00 0.000E+00 0.000E+00
   1      1.000E+00 0.000E+00 0.000E+00 1.403E+00   0.000000 1.000E+00 1.000E+00
   1  892290  1     3.762E+03 0.000E+00 0.000E+00 0.000E+00 0.000E+00 0.000E+00
   1      1.000E+00 0.000E+00 0.000E+00 8.305E-01   0.000000 1.000E+00 1.000E+00
   1  892300  1     1.220E+02 0.000E+00 0.000E+00 0.000E+00 0.000E+00 0.000E+00
   1      1.000E+00 0.000E+00 0.000E+00 1.411E+00   0.000000 1.000E+00 1.000E+00
   1  892310  1     4.500E+02 0.000E+00 0.000E+00 0.000E+00 0.000E+00 0.000E+00
   1      1.000E+00 0.000E+00 0.000E+00 1.046E+00   0.000000 1.000E+00 1.000E+00
   1  892320  1     1.190E+02 0.000E+00 0.000E+00 0.000E+00 0.000E+00 0.000E+00
   1      1.000E+00 0.000E+00 0.000E+00 2.132E+00   0.000000 1.000E+00 1.000E+00
   1  892330  1     1.450E+02 0.000E+00 0.000E+00 0.000E+00 0.000E+00 0.000E+00
   1      1.000E+00 0.000E+00 0.000E+00 1.419E+00   0.000000 1.000E+00 1.000E+00
   1  892340  1     4.400E+01 0.000E+00 0.000E+00 0.000E+00 0.000E+00 0.000E+00
   1      1.000E+00 0.000E+00 0.000E+00 2.991E+00   0.000000 1.000E+00 1.000E+00
   1  902240  1     1.050E+00 0.000E+00 0.000E+00 0.000E+00 1.000E+00 0.000E+00
   1      0.000E+00 0.000E+00 0.000E+00 7.260E+00   0.000000 1.000E+00 1.000E+00
   1  902250  1     5.232E+02 0.000E+00 0.000E+00 0.000E+00 9.000E-01 0.000E+00
   1      0.000E+00 0.000E+00 0.000E+00 6.201E+00   0.000000 1.000E+00 1.000E+00
   1  902260  1     1.834E+03 0.000E+00 0.000E+00 0.000E+00 1.000E+00 0.000E+00
   1      0.000E+00 0.000E+00 0.000E+00 6.449E+00   0.000000 1.000E+00 1.000E+00
   1  902270  1     1.617E+06 0.000E+00 0.000E+00 0.000E+00 1.000E+00 0.000E+00
   1      0.000E+00 0.000E+00 0.000E+00 6.172E+00   0.000000 1.000E+00 1.000E+00
   1  902280  1     6.036E+07 0.000E+00 0.000E+00 0.000E+00 1.000E+00 0.000E+00
   1      0.000E+00 0.000E+00 0.000E+00 5.521E+00   0.000000 1.000E+00 1.000E+00
   1  902290  1     2.316E+11 0.000E+00 0.000E+00 0.000E+00 1.000E+00 0.000E+00
   1      0.000E+00 0.000E+00 0.000E+00 5.153E+00   0.000000 1.000E+00 1.000E+00
   1  902291  1     2.520E+05 0.000E+00 0.000E+00 0.000E+00 0.000E+00 1.000E+00
   1      0.000E+00 0.000E+00 0.000E+00 3.500E-06   0.000000 1.000E+00 1.000E+00
   1  902300  1     2.379E+12 0.000E+00 0.000E+00 0.000E+00 1.000E+00 0.000E+00
   1      0.000E+00 0.000E+00 0.000E+00 4.761E+00   0.000000 1.000E+00 1.000E+00    1 2.500E-13 6.000E+00 1.000E+00
   1  902310  1     9.187E+04 0.000E+00 0.000E+00 0.000E+00 0.000E+00 0.000E+00
   1      1.000E+00 0.000E+00 0.000E+00 1.908E-01   0.000000 1.000E+00 1.000E+00
   1  902320  1     4.434E+17 0.000E+00 0.000E+00 0.000E+00 1.000E+00 0.000E+00
   1      0.000E+00 0.000E+00 0.000E+00 4.092E+00 100.000000 1.000E+00 1.000E+00    1 1.400E-11 6.000E+00 1.000E+00
   1  902330  1     1.338E+03 0.000E+00 0.000E+00 0.000E+00 0.000E+00 0.000E+00
   1      1.000E+00 0.000E+00 0.000E+00 4.497E-01   0.000000 1.000E+00 1.000E+00
   1  902340  1     2.081E+06 1.000E+00 0.000E+00 0.000E+00 0.000E+00 0.000E+00
   1      1.000E+00 0.000E+00 0.000E+00 6.936E-02   0.000000 1.000E+00 1.000E+00
   1  902350  1     4.140E+02 0.000E+00 0.000E+00 0.000E+00 0.000E+00 0.000E+00
   1      1.000E+00 0.000E+00 0.000E+00 1.280E+00   0.000000 1.000E+00 1.000E+00
   1  912260  1     1.080E+02 0.000E+00 2.600E-01 0.000E+00 3.700E-01 0.000E+00
   1      0.000E+00 0.000E+00 0.000E+00 5.588E+00   0.000000 1.000E+00 1.000E+00
   1  912270  1     2.298E+03 0.000E+00 1.500E-01 0.000E+00 8.500E-01 0.000E+00
   1      0.000E+00 0.000E+00 0.000E+00 5.585E+00   0.000000 1.000E+00 1.000E+00
   1  912280  1     7.920E+04 0.000E+00 9.815E-01 0.000E+00 2.000E-02 0.000E+00
   1      0.000E+00 0.000E+00 0.000E+00 1.547E+00   0.000000 1.000E+00 1.000E+00
   1  912290  1     1.296E+05 0.000E+00 9.952E-01 0.000E+00 4.800E-03 0.000E+00
   1      0.000E+00 0.000E+00 0.000E+00 9.790E-02   0.000000 1.000E+00 1.000E+00
   1  912300  1     1.503E+06 0.000E+00 9.050E-01 0.000E+00 3.200E-05 0.000E+00
   1      9.500E-02 0.000E+00 0.000E+00 7.694E-01   0.000000 1.000E+00 1.000E+00
   1  912310  1     1.034E+12 0.000E+00 0.000E+00 0.000E+00 1.000E+00 0.000E+00
   1      0.000E+00 0.000E+00 0.000E+00 5.152E+00   0.000000 1.000E+00 1.000E+00    1 3.000E-12 6.000E+00 1.000E+00
   1  912320  1     1.132E+05 0.000E+00 3.000E-05 0.000E+00 0.000E+00 0.000E+00
   1      1.000E+00 0.000E+00 0.000E+00 1.105E+00   0.000000 1.000E+00 1.000E+00
   1  912330  1     2.333E+06 0.000E+00 0.000E+00 0.000E+00 0.000E+00 0.000E+00
   1      1.000E+00 0.000E+00 0.000E+00 4.126E-01   0.000000 1.000E+00 1.000E+00
   1  912340  1     2.441E+04 0.000E+00 0.000E+00 0.000E+00 0.000E+00 0.000E+00
   1      1.000E+00 0.000E+00 0.000E+00 1.820E+00   0.000000 1.000E+00 1.000E+00
   1  912341  1     7.020E+01 0.000E+00 0.000E+00 0.000E+00 0.000E+00 1.500E-03
   1      9.985E-01 0.000E+00 0.000E+00 8.362E-01   0.000000 1.000E+00 1.000E+00
   1  912350  1     1.452E+03 1.000E+00 0.000E+00 0.000E+00 0.000E+00 0.000E+00
   1      1.000E+00 0.000E+00 0.000E+00 4.740E-01   0.000000 1.000E+00 1.000E+00
   1  912360  1     5.460E+02 0.000E+00 0.000E+00 0.000E+00 0.000E+00 0.000E+00
   1      1.000E+00 0.000E+00 0.000E+00 1.670E+00   0.000000 1.000E+00 1.000E+00
   1  912370  1     5.220E+02 0.000E+00 0.000E+00 0.000E+00 0.000E+00 0.000E+00
   1      1.000E+00 0.000E+00 0.000E+00 1.179E+00   0.000000 1.000E+00 1.000E+00
   1  912380  1     1.380E+02 0.000E+00 0.000E+00 0.000E+00 0.000E+00 0.000E+00
   1      1.000E+00 0.000E+00 0.000E+00 2.648E+00   0.000000 1.000E+00 1.000E+00
   1  922280  1     5.460E+02 0.000E+00 0.000E+00 0.000E+00 9.750E-01 0.000E+00
   1      0.000E+00 0.000E+00 0.000E+00 6.645E+00   0.000000 1.000E+00 1.000E+00
   1  922290  1     3.480E+03 0.000E+00 8.000E-01 0.000E+00 2.000E-01 0.000E+00
   1      0.000E+00 0.000E+00 0.000E+00 1.995E+00   0.000000 1.000E+00 1.000E+00
   1  922300  1     1.797E+06 0.000E+00 0.000E+00 0.000E+00 1.000E+00 0.000E+00
   1      0.000E+00 0.000E+00 0.000E+00 5.994E+00   0.000000 1.000E+00 1.000E+00
   1  922310  1     3.629E+05 0.000E+00 9.999E-01 0.000E+00 5.500E-05 0.000E+00
   1      0.000E+00 0.000E+00 0.000E+00 1.559E-01   0.000000 1.000E+00 1.000E+00
   1  922320  1     2.203E+09 0.000E+00 0.000E+00 0.000E+00 1.000E+00 0.000E+00
   1      0.000E+00 0.000E+00 0.000E+00 5.416E+00   0.000000 1.000E+00 1.000E+00    1 9.000E-13 6.000E+00 1.000E+00
   1  922330  1     5.026E+12 0.000E+00 0.000E+00 0.000E+00 1.000E+00 0.000E+00
   1      0.000E+00 0.000E+00 0.000E+00 4.913E+00   0.000000 1.000E+00 1.000E+00
   1  922340  1     7.754E+12 0.000E+00 0.000E+00 0.000E+00 1.000E+00 0.000E+00
   1      0.000E+00 0.000E+00 0.000E+00 4.858E+00   0.005500 1.000E+00 1.000E+00    1 1.700E-11 6.000E+00 1.000E+00
   1  922350  1     2.221E+16 0.000E+00 0.000E+00 0.000E+00 1.000E+00 0.000E+00
   1      0.000E+00 0.000E+00 0.000E+00 4.679E+00   0.720000 1.000E+00 1.000E+00    1 7.200E-11 6.000E+00 1.000E+00
   1  922351  1     1.560E+03 0.000E+00 0.000E+00 0.000E+00 0.000E+00 1.000E+00
   1      0.000E+00 0.000E+00 0.000E+00 7.680E-05   0.000000 1.000E+00 1.000E+00
   1  922360  1     7.479E+14 0.000E+00 0.000E+00 0.000E+00 1.000E+00 0.000E+00
   1      0.000E+00 0.000E+00 0.000E+00 4.584E+00   0.000000 1.000E+00 1.000E+00    1 9.000E-10 6.000E+00 1.000E+00
   1  922370  1     5.832E+05 0.000E+00 0.000E+00 0.000E+00 0.000E+00 0.000E+00
   1      1.000E+00 0.000E+00 0.000E+00 3.431E-01   0.000000 1.000E+00 1.000E+00
   1  922380  1     1.410E+17 0.000E+00 0.000E+00 0.000E+00 9.999E-01 0.000E+00
   1      0.000E+00 0.000E+00 0.000E+00 4.279E+00  99.274500 1.000E+00 1.000E+00    1 5.460E-05 6.000E+00 1.000E+00
   1  922390  1     1.408E+03 0.000E+00 0.000E+00 0.000E+00 0.000E+00 0.000E+00
   1      1.000E+00 0.000E+00 0.000E+00 4.615E-01   0.000000 1.000E+00 1.000E+00
   1  922400  1     5.076E+04 0.000E+00 0.000E+00 0.000E+00 0.000E+00 0.000E+00
   1      1.000E+00 0.000E+00 0.000E+00 1.547E-01   0.000000 1.000E+00 1.000E+00
   1  922410  1     3.000E+02 0.000E+00 0.000E+00 0.000E+00 0.000E+00 0.000E+00
   1      1.000E+00 0.000E+00 0.000E+00 1.293E+00   0.000000 1.000E+00 1.000E+00
   1  922420  1     1.010E+03 0.000E+00 0.000E+00 0.000E+00 0.000E+00 0.000E+00
   1      1.000E+00 0.000E+00 0.000E+00 4.300E-02   0.000000 1.000E+00 1.000E+00
   1  922430  1     1.600E+02 0.000E+00 0.000E+00 0.000E+00 0.000E+00 0.000E+00
   1      1.000E+00 0.000E+00 0.000E+00 1.980E+00   0.000000 1.000E+00 1.000E+00
   1  922440  1     1.570E+02 0.000E+00 0.000E+00 0.000E+00 0.000E+00 0.000E+00
   1      1.000E+00 0.000E+00 0.000E+00 1.186E+00   0.000000 1.000E+00 1.000E+00
   1  922450  1     1.140E+01 0.000E+00 0.000E+00 0.000E+00 0.000E+00 0.000E+00
   1      1.000E+00 0.000E+00 0.000E+00 2.440E+00   0.000000 1.000E+00 1.000E+00
   1  932300  1     2.760E+02 0.000E+00 9.700E-01 0.000E+00 3.000E-02 0.000E+00
   1      0.000E+00 0.000E+00 0.000E+00 2.548E+00   0.000000 1.000E+00 1.000E+00
   1  932310  1     2.928E+03 0.000E+00 9.800E-01 0.000E+00 2.000E-02 0.000E+00
   1      0.000E+00 0.000E+00 0.000E+00 1.517E+00   0.000000 1.000E+00 1.000E+00
   1  932320  1     8.820E+02 0.000E+00 1.000E+00 0.000E+00 0.000E+00 0.000E+00
   1      0.000E+00 0.000E+00 0.000E+00 1.262E+00   0.000000 1.000E+00 1.000E+00
   1  932330  1     2.172E+03 0.000E+00 1.000E+00 0.000E+00 1.000E-05 0.000E+00
   1      0.000E+00 0.000E+00 0.000E+00 9.445E-02   0.000000 1.000E+00 1.000E+00
   1  932340  1     3.802E+05 0.000E+00 1.000E+00 0.000E+00 0.000E+00 0.000E+00
   1      0.000E+00 0.000E+00 0.000E+00 1.135E+00   0.000000 1.000E+00 1.000E+00
   1  932350  1     3.422E+07 0.000E+00 1.000E+00 0.000E+00 1.400E-05 0.000E+00
   1      0.000E+00 0.000E+00 0.000E+00 1.012E-02   0.000000 1.000E+00 1.000E+00
   1  932360  1     4.797E+12 0.000E+00 8.804E-01 0.000E+00 1.600E-03 0.000E+00
   1      1.180E-01 0.000E+00 0.000E+00 4.007E-01   0.000000 1.000E+00 1.000E+00
   1  932361  1     8.100E+04 0.000E+00 5.000E-01 0.000E+00 0.000E+00 0.000E+00
   1      5.000E-01 0.000E+00 0.000E+00 1.405E-01   0.000000 1.000E+00 1.000E+00
   1  932370  1     6.753E+13 0.000E+00 0.000E+00 0.000E+00 1.000E+00 0.000E+00
   1      0.000E+00 0.000E+00 0.000E+00 4.931E+00   0.000000 1.000E+00 1.000E+00
   1  932380  1     1.829E+05 0.000E+00 0.000E+00 0.000E+00 0.000E+00 0.000E+00
   1      1.000E+00 0.000E+00 0.000E+00 8.768E-01   0.000000 1.000E+00 1.000E+00
   1  932390  1     2.035E+05 0.000E+00 0.000E+00 0.000E+00 0.000E+00 0.000E+00
   1      1.000E+00 0.000E+00 0.000E+00 4.450E-01   0.000000 1.000E+00 1.000E+00
   1  932400  1     3.900E+03 0.000E+00 0.000E+00 0.000E+00 0.000E+00 0.000E+00
   1      1.000E+00 0.000E+00 0.000E+00 1.714E+00   0.000000 1.000E+00 1.000E+00
   1  932401  1     4.440E+02 0.000E+00 0.000E+00 0.000E+00 0.000E+00 1.100E-03
   1      9.989E-01 0.000E+00 0.000E+00 1.020E+00   0.000000 1.000E+00 1.000E+00
   1  932410  1     8.340E+02 0.000E+00 0.000E+00 0.000E+00 0.000E+00 0.000E+00
   1      1.000E+00 0.000E+00 0.000E+00 4.733E-01   0.000000 1.000E+00 1.000E+00
   1  932420  1     1.320E+02 0.000E+00 0.000E+00 0.000E+00 0.000E+00 0.000E+00
   1      1.000E+00 0.000E+00 0.000E+00 1.132E+00   0.000000 1.000E+00 1.000E+00
   1  932421  1     3.300E+02 0.000E+00 0.000E+00 0.000E+00 0.000E+00 0.000E+00
   1      1.000E+00 0.000E+00 0.000E+00 1.801E+00   0.000000 1.000E+00 1.000E+00
   1  932430  1     1.110E+02 0.000E+00 0.000E+00 0.000E+00 0.000E+00 0.000E+00
   1      1.000E+00 0.000E+00 0.000E+00 1.416E+00   0.000000 1.000E+00 1.000E+00
   1  932440  1     1.374E+02 0.000E+00 0.000E+00 0.000E+00 0.000E+00 0.000E+00
   1      1.000E+00 0.000E+00 0.000E+00 2.263E+00   0.000000 1.000E+00 1.000E+00
   1  932450  1     3.840E+01 0.000E+00 0.000E+00 0.000E+00 0.000E+00 0.000E+00
   1      1.000E+00 0.000E+00 0.000E+00 1.780E+00   0.000000 1.000E+00 1.000E+00
   1  932460  1     1.600E+01 0.000E+00 0.000E+00 0.000E+00 0.000E+00 0.000E+00
   1      1.000E+00 0.000E+00 0.000E+00 3.026E+00   0.000000 1.000E+00 1.000E+00
   1  942320  1     2.022E+03 0.000E+00 8.900E-01 0.000E+00 1.100E-01 0.000E+00
   1      0.000E+00 0.000E+00 0.000E+00 8.731E-01   0.000000 1.000E+00 1.000E+00
   1  942330  1     1.254E+03 0.000E+00 9.988E-01 0.000E+00 1.200E-03 0.000E+00
   1      0.000E+00 0.000E+00 0.000E+00 3.316E+00   0.000000 1.000E+00 1.000E+00
   1  942340  1     3.168E+04 0.000E+00 9.400E-01 0.000E+00 6.000E-02 0.000E+00
   1      0.000E+00 0.000E+00 0.000E+00 4.342E-01   0.000000 1.000E+00 1.000E+00
   1  942350  1     1.518E+03 0.000E+00 1.000E+00 0.000E+00 2.700E-05 0.000E+00
   1      0.000E+00 0.000E+00 0.000E+00 1.018E-01   0.000000 1.000E+00 1.000E+00
   1  942360  1     9.019E+07 0.000E+00 0.000E+00 0.000E+00 1.000E+00 0.000E+00
   1      0.000E+00 0.000E+00 0.000E+00 5.867E+00   0.000000 1.000E+00 1.000E+00    1 8.200E-10 6.000E+00 1.000E+00
   1  942370  1     3.914E+06 0.000E+00 1.000E+00 0.000E+00 4.200E-05 0.000E+00
   1      0.000E+00 0.000E+00 0.000E+00 7.289E-02   0.000000 1.000E+00 1.000E+00
   1  942371  1     1.800E-01 0.000E+00 0.000E+00 0.000E+00 0.000E+00 1.000E+00
   1      0.000E+00 0.000E+00 0.000E+00 1.455E-01   0.000000 1.000E+00 1.000E+00
   1  942380  1     2.768E+09 0.000E+00 0.000E+00 0.000E+00 1.000E+00 0.000E+00
   1      0.000E+00 0.000E+00 0.000E+00 5.593E+00   0.000000 1.000E+00 1.000E+00    1 1.860E-09 6.000E+00 1.000E+00
   1  942390  1     7.609E+11 0.000E+00 0.000E+00 0.000E+00 6.000E-04 0.000E+00
   1      0.000E+00 0.000E+00 0.000E+00 5.246E+00   0.000000 1.000E+00 1.000E+00    1 3.100E-12 6.000E+00 1.000E+00
   1  942400  1     2.071E+11 0.000E+00 0.000E+00 0.000E+00 1.000E+00 0.000E+00
   1      0.000E+00 0.000E+00 0.000E+00 5.256E+00   0.000000 1.000E+00 1.000E+00    1 5.700E-08 6.000E+00 1.000E+00
   1  942410  1     4.522E+08 0.000E+00 0.000E+00 0.000E+00 2.460E-05 0.000E+00
   1      1.000E+00 0.000E+00 0.000E+00 5.360E-03   0.000000 1.000E+00 1.000E+00
   1  942420  1     1.179E+13 0.000E+00 0.000E+00 0.000E+00 1.000E+00 0.000E+00
   1      0.000E+00 0.000E+00 0.000E+00 4.984E+00   0.000000 1.000E+00 1.000E+00    1 5.500E-06 6.000E+00 1.000E+00
   1  942430  1     1.784E+04 0.000E+00 0.000E+00 0.000E+00 0.000E+00 0.000E+00
   1      1.000E+00 0.000E+00 0.000E+00 1.987E-01   0.000000 1.000E+00 1.000E+00
   1  942440  1     2.525E+15 0.000E+00 0.000E+00 0.000E+00 9.988E-01 0.000E+00
   1      0.000E+00 0.000E+00 0.000E+00 4.890E+00   0.000000 1.000E+00 1.000E+00    1 1.250E-03 6.000E+00 1.000E+00
   1  942450  1     3.780E+04 0.000E+00 0.000E+00 0.000E+00 0.000E+00 0.000E+00
   1      1.000E+00 0.000E+00 0.000E+00 7.300E-01   0.000000 1.000E+00 1.000E+00
   1  942460  1     9.374E+05 1.000E+00 0.000E+00 0.000E+00 0.000E+00 0.000E+00
   1      1.000E+00 0.000E+00 0.000E+00 2.387E-01   0.000000 1.000E+00 1.000E+00
   1  942470  1     1.961E+05 0.000E+00 0.000E+00 0.000E+00 0.000E+00 0.000E+00
   1      1.000E+00 0.000E+00 0.000E+00 1.233E+00   0.000000 1.000E+00 1.000E+00
   1  952370  1     4.380E+03 0.000E+00 9.998E-01 0.000E+00 2.500E-04 0.000E+00
   1      0.000E+00 0.000E+00 0.000E+00 4.880E-01   0.000000 1.000E+00 1.000E+00
   1  952380  1     5.880E+03 0.000E+00 1.000E+00 0.000E+00 1.000E-06 0.000E+00
   1      0.000E+00 0.000E+00 0.000E+00 9.791E-01   0.000000 1.000E+00 1.000E+00
   1  952390  1     4.284E+04 0.000E+00 9.999E-01 0.000E+00 1.000E-04 0.000E+00
   1      0.000E+00 0.000E+00 0.000E+00 3.933E-01   0.000000 1.000E+00 1.000E+00
   1  952400  1     1.829E+05 0.000E+00 1.000E+00 0.000E+00 1.900E-06 0.000E+00
   1      0.000E+00 0.000E+00 0.000E+00 1.114E+00   0.000000 1.000E+00 1.000E+00
   1  952410  1     1.366E+10 0.000E+00 0.000E+00 0.000E+00 1.000E+00 0.000E+00
   1      0.000E+00 0.000E+00 0.000E+00 5.624E+00   0.000000 1.000E+00 1.000E+00    1 4.300E-12 6.000E+00 1.000E+00
   1  952420  1     5.774E+04 0.000E+00 1.680E-01 0.000E+00 0.000E+00 0.000E+00
   1      8.320E-01 0.000E+00 0.000E+00 1.994E-01   0.000000 1.000E+00 1.000E+00
   1  952421  1     4.450E+09 0.000E+00 0.000E+00 0.000E+00 4.630E-03 9.954E-01
   1      0.000E+00 0.000E+00 0.000E+00 7.492E-02   0.000000 1.000E+00 1.000E+00    1 1.600E-10 6.000E+00 1.000E+00
   1  952430  1     2.324E+11 0.000E+00 0.000E+00 0.000E+00 1.000E+00 0.000E+00
   1      0.000E+00 0.000E+00 0.000E+00 5.440E+00   0.000000 1.000E+00 1.000E+00    1 3.700E-11 6.000E+00 1.000E+00
   1  952440  1     3.636E+04 0.000E+00 0.000E+00 0.000E+00 0.000E+00 0.000E+00
   1      1.000E+00 0.000E+00 0.000E+00 1.152E+00   0.000000 1.000E+00 1.000E+00
   1  952441  1     1.560E+03 0.000E+00 4.100E-04 0.000E+00 0.000E+00 0.000E+00
   1      9.996E-01 0.000E+00 0.000E+00 5.163E-01   0.000000 1.000E+00 1.000E+00
   1  952450  1     7.380E+03 0.000E+00 0.000E+00 0.000E+00 0.000E+00 0.000E+00
   1      1.000E+00 0.000E+00 0.000E+00 3.125E-01   0.000000 1.000E+00 1.000E+00
   1  952460  1     2.340E+03 0.000E+00 0.000E+00 0.000E+00 0.000E+00 0.000E+00
   1      1.000E+00 0.000E+00 0.000E+00 1.491E+00   0.000000 1.000E+00 1.000E+00
   1  952461  1     1.500E+03 0.000E+00 0.000E+00 0.000E+00 0.000E+00 0.000E+00
   1      1.000E+00 0.000E+00 0.000E+00 1.501E+00   0.000000 1.000E+00 1.000E+00
   1  952470  1     1.380E+03 0.000E+00 0.000E+00 0.000E+00 0.000E+00 0.000E+00
   1      1.000E+00 0.000E+00 0.000E+00 6.980E-01   0.000000 1.000E+00 1.000E+00
   1  952480  1     1.800E+02 0.000E+00 0.000E+00 0.000E+00 0.000E+00 0.000E+00
   1      1.000E+00 0.000E+00 0.000E+00 2.112E+00   0.000000 1.000E+00 1.000E+00
   1  952490  1     6.000E+01 0.000E+00 0.000E+00 0.000E+00 0.000E+00 0.000E+00
   1      1.000E+00 0.000E+00 0.000E+00 1.567E+00   0.000000 1.000E+00 1.000E+00
   1  952500  1     3.060E+02 0.000E+00 0.000E+00 0.000E+00 0.000E+00 0.000E+00
   1      1.000E+00 0.000E+00 0.000E+00 2.773E+00   0.000000 1.000E+00 1.000E+00
   1  962380  1     8.640E+03 0.000E+00 9.000E-01 0.000E+00 1.000E-01 0.000E+00
   1      0.000E+00 0.000E+00 0.000E+00 7.948E-01   0.000000 1.000E+00 1.000E+00
   1  962390  1     1.080E+04 0.000E+00 1.000E+00 0.000E+00 0.000E+00 0.000E+00
   1      0.000E+00 0.000E+00 0.000E+00 1.362E+00   0.000000 1.000E+00 1.000E+00
   1  962400  1     2.333E+06 0.000E+00 0.000E+00 0.000E+00 9.970E-01 0.000E+00
   1      0.000E+00 0.000E+00 0.000E+00 6.370E+00   0.000000 1.000E+00 1.000E+00
   1  962410  1     2.834E+06 0.000E+00 9.900E-01 0.000E+00 1.000E-02 0.000E+00
   1      0.000E+00 0.000E+00 0.000E+00 6.979E-01   0.000000 1.000E+00 1.000E+00
   1  962420  1     1.408E+07 0.000E+00 0.000E+00 0.000E+00 1.000E+00 0.000E+00
   1      0.000E+00 0.000E+00 0.000E+00 6.218E+00   0.000000 1.000E+00 1.000E+00    1 6.100E-08 6.000E+00 1.000E+00
   1  962430  1     9.467E+08 0.000E+00 2.400E-03 0.000E+00 9.976E-01 0.000E+00
   1      0.000E+00 0.000E+00 0.000E+00 6.213E+00   0.000000 1.000E+00 1.000E+00
   1  962440  1     5.680E+08 0.000E+00 0.000E+00 0.000E+00 1.000E+00 0.000E+00
   1      0.000E+00 0.000E+00 0.000E+00 5.904E+00   0.000000 1.000E+00 1.000E+00    1 1.380E-06 6.000E+00 1.000E+00
   1  962450  1     2.682E+11 0.000E+00 0.000E+00 0.000E+00 1.000E+00 0.000E+00
   1      0.000E+00 0.000E+00 0.000E+00 5.623E+00   0.000000 1.000E+00 1.000E+00
   1  962460  1     1.493E+11 0.000E+00 0.000E+00 0.000E+00 9.997E-01 0.000E+00
   1      0.000E+00 0.000E+00 0.000E+00 5.526E+00   0.000000 1.000E+00 1.000E+00    1 2.614E-04 6.000E+00 1.000E+00
   1  962470  1     5.049E+14 0.000E+00 0.000E+00 0.000E+00 1.000E+00 0.000E+00
   1      0.000E+00 0.000E+00 0.000E+00 5.353E+00   0.000000 1.000E+00 1.000E+00
   1  962480  1     1.073E+13 0.000E+00 0.000E+00 0.000E+00 9.174E-01 0.000E+00
   1      0.000E+00 0.000E+00 0.000E+00 2.040E+01   0.000000 1.000E+00 1.000E+00    1 8.260E-02 6.000E+00 1.000E+00
   1  962490  1     3.849E+03 0.000E+00 0.000E+00 0.000E+00 0.000E+00 0.000E+00
   1      1.000E+00 0.000E+00 0.000E+00 3.034E-01   0.000000 1.000E+00 1.000E+00
   1  962500  1     2.525E+11 0.000E+00 0.000E+00 0.000E+00 3.000E-01 0.000E+00
   1      0.000E+00 0.000E+00 0.000E+00 1.345E+02   0.000000 1.000E+00 1.000E+00    1 7.000E-01 6.000E+00 1.000E+00
   1  962510  1     1.008E+03 0.000E+00 0.000E+00 0.000E+00 0.000E+00 0.000E+00
   1      1.000E+00 0.000E+00 0.000E+00 5.608E-01   0.000000 1.000E+00 1.000E+00
   1  972430  1     1.620E+04 0.000E+00 9.985E-01 0.000E+00 1.500E-03 0.000E+00
   1      0.000E+00 0.000E+00 0.000E+00 1.868E-01   0.000000 1.000E+00 1.000E+00
   1  972440  1     1.566E+04 0.000E+00 9.999E-01 0.000E+00 6.006E-05 0.000E+00
   1      0.000E+00 0.000E+00 0.000E+00 2.973E+00   0.000000 1.000E+00 1.000E+00
   1  972450  1     4.268E+05 0.000E+00 9.988E-01 0.000E+00 1.200E-03 0.000E+00
   1      0.000E+00 0.000E+00 0.000E+00 3.555E-01   0.000000 1.000E+00 1.000E+00
   1  972460  1     1.555E+05 0.000E+00 1.000E+00 0.000E+00 0.000E+00 0.000E+00
   1      0.000E+00 0.000E+00 0.000E+00 8.874E-01   0.000000 1.000E+00 1.000E+00
   1  972470  1     4.355E+10 0.000E+00 0.000E+00 0.000E+00 1.000E+00 0.000E+00
   1      0.000E+00 0.000E+00 0.000E+00 5.859E+00   0.000000 1.000E+00 1.000E+00
   1  972480  1     2.840E+08 0.000E+00 0.000E+00 0.000E+00 1.000E+00 0.000E+00
   1      0.000E+00 0.000E+00 0.000E+00 5.774E+00   0.000000 1.000E+00 1.000E+00
   1  972481  1     8.532E+04 0.000E+00 3.000E-01 0.000E+00 0.000E+00 0.000E+00
   1      7.000E-01 0.000E+00 0.000E+00 2.298E-01   0.000000 1.000E+00 1.000E+00
   1  972490  1     2.765E+07 0.000E+00 0.000E+00 0.000E+00 1.450E-05 0.000E+00
   1      1.000E+00 0.000E+00 0.000E+00 3.315E-02   0.000000 1.000E+00 1.000E+00    1 4.690E-10 6.000E+00 1.000E+00
   1  972500  1     1.158E+04 0.000E+00 0.000E+00 0.000E+00 0.000E+00 0.000E+00
   1      1.000E+00 0.000E+00 0.000E+00 1.202E+00   0.000000 1.000E+00 1.000E+00
   1  972510  1     3.336E+03 0.000E+00 0.000E+00 0.000E+00 0.000E+00 0.000E+00
   1      1.000E+00 0.000E+00 0.000E+00 7.287E-01   0.000000 1.000E+00 1.000E+00
   1  972520  1     1.080E+02 0.000E+00 0.000E+00 0.000E+00 5.000E-01 0.000E+00
   1      5.000E-01 0.000E+00 0.000E+00 3.605E+00   0.000000 1.000E+00 1.000E+00
   1  972530  1     6.000E+02 0.000E+00 0.000E+00 0.000E+00 0.000E+00 0.000E+00
   1      1.000E+00 0.000E+00 0.000E+00 1.086E+00   0.000000 1.000E+00 1.000E+00
   1  972540  1     6.000E+01 0.000E+00 0.000E+00 0.000E+00 0.000E+00 0.000E+00
   1      1.000E+00 0.000E+00 0.000E+00 2.033E+00   0.000000 1.000E+00 1.000E+00
   1  982440  1     1.164E+03 0.000E+00 0.000E+00 0.000E+00 1.000E+00 0.000E+00
   1      0.000E+00 0.000E+00 0.000E+00 7.329E+00   0.000000 1.000E+00 1.000E+00
   1  982450  1     2.700E+03 0.000E+00 6.400E-01 0.000E+00 3.600E-01 0.000E+00
   1      0.000E+00 0.000E+00 0.000E+00 3.284E+00   0.000000 1.000E+00 1.000E+00
   1  982460  1     1.285E+05 0.000E+00 0.000E+00 0.000E+00 1.000E+00 0.000E+00
   1      0.000E+00 0.000E+00 0.000E+00 6.860E+00   0.000000 1.000E+00 1.000E+00
   1  982470  1     1.120E+04 0.000E+00 9.997E-01 0.000E+00 3.500E-04 0.000E+00
   1      0.000E+00 0.000E+00 0.000E+00 6.902E+00   0.000000 1.000E+00 1.000E+00
   1  982480  1     2.881E+07 0.000E+00 0.000E+00 0.000E+00 1.000E+00 0.000E+00
   1      0.000E+00 0.000E+00 0.000E+00 6.357E+00   0.000000 1.000E+00 1.000E+00
   1  982490  1     1.108E+10 0.000E+00 0.000E+00 0.000E+00 1.000E+00 0.000E+00
   1      0.000E+00 0.000E+00 0.000E+00 6.287E+00   0.000000 1.000E+00 1.000E+00    1 5.200E-09 6.000E+00 1.000E+00
   1  982500  1     4.128E+08 0.000E+00 0.000E+00 0.000E+00 9.992E-01 0.000E+00
   1      0.000E+00 0.000E+00 0.000E+00 6.274E+00   0.000000 1.000E+00 1.000E+00    1 7.700E-04 6.000E+00 1.000E+00
   1  982510  1     2.834E+10 0.000E+00 0.000E+00 0.000E+00 1.000E+00 0.000E+00
   1      0.000E+00 0.000E+00 0.000E+00 6.180E+00   0.000000 1.000E+00 1.000E+00
   1  982520  1     8.347E+07 0.000E+00 0.000E+00 0.000E+00 9.691E-01 0.000E+00
   1      0.000E+00 0.000E+00 0.000E+00 1.203E+01   0.000000 1.000E+00 1.000E+00    1 3.092E-02 6.000E+00 1.000E+00
   1  982530  1     1.539E+06 0.000E+00 0.000E+00 0.000E+00 3.100E-03 0.000E+00
   1      9.969E-01 0.000E+00 0.000E+00 9.936E-02   0.000000 1.000E+00 1.000E+00
   1  982540  1     5.227E+06 0.000E+00 0.000E+00 0.000E+00 3.090E-03 0.000E+00
   1      0.000E+00 0.000E+00 0.000E+00 1.832E-02   0.000000 1.000E+00 1.000E+00    1 9.969E-01 6.000E+00 1.000E+00
   1  982550  1     5.100E+03 0.000E+00 0.000E+00 0.000E+00 2.000E-09 0.000E+00
   1      1.000E+00 0.000E+00 0.000E+00 4.807E-01   0.000000 1.000E+00 1.000E+00    1 1.000E-05 6.000E+00 1.000E+00
   1  992490  1     6.132E+03 0.000E+00 9.943E-01 0.000E+00 5.700E-03 0.000E+00
   1      0.000E+00 0.000E+00 0.000E+00 4.781E-01   0.000000 1.000E+00 1.000E+00
   1  992500  1     3.096E+04 0.000E+00 1.000E+00 0.000E+00 0.000E+00 0.000E+00
   1      0.000E+00 0.000E+00 0.000E+00 1.461E+00   0.000000 1.000E+00 1.000E+00
   1  992501  1     7.992E+03 0.000E+00 1.000E+00 0.000E+00 0.000E+00 0.000E+00
   1      0.000E+00 0.000E+00 0.000E+00 5.605E-01   0.000000 1.000E+00 1.000E+00
   1  992510  1     1.188E+05 0.000E+00 9.950E-01 0.000E+00 5.000E-03 0.000E+00
   1      0.000E+00 0.000E+00 0.000E+00 8.925E-02   0.000000 1.000E+00 1.000E+00
   1  992520  1     4.075E+07 0.000E+00 2.200E-01 0.000E+00 7.800E-01 0.000E+00
   1      0.000E+00 0.000E+00 0.000E+00 5.460E+00   0.000000 1.000E+00 1.000E+00
   1  992530  1     1.769E+06 0.000E+00 0.000E+00 0.000E+00 1.000E+00 0.000E+00
   1      0.000E+00 0.000E+00 0.000E+00 6.739E+00   0.000000 1.000E+00 1.000E+00    1 8.700E-08 6.000E+00 1.000E+00
   1  992540  1     2.380E+07 0.000E+00 0.000E+00 0.000E+00 1.000E+00 0.000E+00
   1      0.000E+00 0.000E+00 0.000E+00 9.748E+00   0.000000 1.000E+00 1.000E+00
   1  992541  1     1.415E+05 0.000E+00 7.798E-04 0.000E+00 3.299E-03 0.000E+00
   1      9.959E-01 0.000E+00 0.000E+00 7.211E-01   0.000000 1.000E+00 1.000E+00
   1  992550  1     3.439E+06 0.000E+00 0.000E+00 0.000E+00 8.000E-02 0.000E+00
   1      9.200E-01 0.000E+00 0.000E+00 6.841E-01   0.000000 1.000E+00 1.000E+00    1 4.000E-05 6.000E+00 1.000E+00
   1  992560  1     1.320E+03 0.000E+00 0.000E+00 0.000E+00 0.000E+00 0.000E+00
   1      1.000E+00 0.000E+00 0.000E+00 1.255E+00   0.000000 1.000E+00 1.000E+00
   1  992561  1     2.736E+04 0.000E+00 0.000E+00 0.000E+00 0.000E+00 0.000E+00
   1      1.000E+00 0.000E+00 0.000E+00 4.662E-01   0.000000 1.000E+00 1.000E+00
   1  992570  1     6.653E+05 0.000E+00 0.000E+00 0.000E+00 4.000E-06 0.000E+00
   1      1.000E+00 0.000E+00 0.000E+00 5.407E-01   0.000000 1.000E+00 1.000E+00
   1 1002500  1     1.800E+03 0.000E+00 9.999E-02 1.000E+00 8.999E-01 0.000E+00
   1      0.000E+00 0.000E+00 0.000E+00 6.811E+00   0.000000 1.000E+00 1.000E+00    1 6.900E-05 6.000E+00 1.000E+00
   1 1002501  1     1.800E+00 0.000E+00 0.000E+00 0.000E+00 2.000E-01 8.000E-01
   1      0.000E+00 0.000E+00 0.000E+00 3.011E+00   0.000000 1.000E+00 1.000E+00    1 8.200E-07 6.000E+00 1.000E+00
   1 1002510  1     1.910E+04 0.000E+00 9.820E-01 0.000E+00 1.800E-02 0.000E+00
   1      0.000E+00 0.000E+00 0.000E+00 3.006E-01   0.000000 1.000E+00 1.000E+00
   1 1002520  1     9.140E+04 0.000E+00 0.000E+00 0.000E+00 1.000E+00 0.000E+00
   1      0.000E+00 0.000E+00 0.000E+00 7.149E+00   0.000000 1.000E+00 1.000E+00
   1 1002530  1     2.592E+05 0.000E+00 8.800E-01 0.000E+00 1.200E-01 0.000E+00
   1      0.000E+00 0.000E+00 0.000E+00 9.324E-01   0.000000 1.000E+00 1.000E+00
   1 1002540  1     1.166E+04 0.000E+00 0.000E+00 0.000E+00 9.994E-01 0.000E+00
   1      0.000E+00 0.000E+00 0.000E+00 7.301E+00   0.000000 1.000E+00 1.000E+00
   1 1002550  1     7.225E+04 0.000E+00 0.000E+00 0.000E+00 1.000E+00 0.000E+00
   1      0.000E+00 0.000E+00 0.000E+00 7.205E+00   0.000000 1.000E+00 1.000E+00
   1 1002560  1     9.456E+03 0.000E+00 0.000E+00 0.000E+00 8.100E-02 0.000E+00
   1      0.000E+00 0.000E+00 0.000E+00 5.692E-01   0.000000 1.000E+00 1.000E+00    1 9.190E-01 6.000E+00 1.000E+00
   1 1002570  1     8.683E+06 0.000E+00 0.000E+00 0.000E+00 9.979E-01 0.000E+00
   1      0.000E+00 0.000E+00 0.000E+00 6.850E+00   0.000000 1.000E+00 1.000E+00
   1 1002580  1     3.700E-04 0.000E+00 0.000E+00 0.000E+00 0.000E+00 0.000E+00
   1      0.000E+00 0.000E+00 0.000E+00 1.800E+02   0.000000 1.000E+00 1.000E+00    1 1.000E+00 6.000E+00 1.000E+00
   1  162500  6     0.000E+00 0.000E+00 0.000E+00 0.000E+00 0.000E+00 0.000E+00
   1      0.000E+00 0.000E+00 0.000E+00 0.000E+00   0.000000 1.000E+00 1.000E+00
  -1
